0.0067011,0.0074006,0.0081725,0.0090243,0.0099639,0.011,0.012143,0.013403,0.014792,0.016322,0.018008,0.019864,0.021907,0.024155,0.026628,0.029346,0.032332,0.035611,0.039209,0.043154,0.047477,0.052209,0.057384,0.063038,0.069208,0.075933,0.083252,0.091208,0.09984,0.10919,0.1193,0.13021,0.14196,0.15458,0.1681,0.18254,0.19794,0.21429,0.23159,0.24986,0.26905,0.28916,0.31013,0.33191,0.35443,0.37761,0.40137,0.4256,0.4502,0.47504,0.5,0.52496,0.5498,0.5744,0.59863,0.62239,0.64557,0.66809,0.68987,0.71084,0.73095,0.75014,0.76841,0.78571,0.80206,0.81746,0.8319,0.84542,0.85804,0.86979,0.8807,0.89081,0.90016,0.90879,0.91675,0.92407,0.93079,0.93696,0.94262,0.94779,0.95252,0.95685,0.96079,0.96439,0.96767,0.97065,0.97337,0.97584,0.97809,0.98014,0.98199,0.98368,0.98521,0.9866,0.98786,0.989,0.99004,0.99098,0.99183,0.9926,0.9933
0.0067257,0.0074278,0.0082025,0.0090572,0.01,0.01104,0.012187,0.013451,0.014845,0.01638,0.018071,0.019934,0.021984,0.024239,0.02672,0.029446,0.032442,0.035731,0.039339,0.043296,0.047631,0.052375,0.057564,0.063231,0.069416,0.076156,0.083491,0.091462,0.10011,0.10948,0.1196,0.13053,0.14229,0.15492,0.16844,0.1829,0.19829,0.21464,0.23195,0.25021,0.26939,0.28948,0.31043,0.33218,0.35468,0.37783,0.40155,0.42574,0.45029,0.47508,0.5,0.52492,0.54971,0.57426,0.59845,0.62217,0.64532,0.66782,0.68957,0.71052,0.73061,0.74979,0.76805,0.78536,0.80171,0.8171,0.83156,0.84508,0.85771,0.86947,0.8804,0.89052,0.89989,0.90854,0.91651,0.92384,0.93058,0.93677,0.94244,0.94762,0.95237,0.9567,0.96066,0.96427,0.96756,0.97055,0.97328,0.97576,0.97802,0.98007,0.98193,0.98362,0.98516,0.98655,0.98781,0.98896,0.99,0.99094,0.9918,0.99257,0.99327
0.006767,0.0074733,0.0082526,0.0091124,0.010061,0.011107,0.012261,0.013532,0.014934,0.016478,0.018179,0.020051,0.022112,0.02438,0.026874,0.029615,0.032625,0.035931,0.039557,0.043532,0.047887,0.052653,0.057863,0.063554,0.069763,0.076528,0.083888,0.091885,0.10056,0.10995,0.1201,0.13105,0.14283,0.15548,0.16902,0.18349,0.19889,0.21524,0.23254,0.25079,0.26996,0.29002,0.31093,0.33264,0.35509,0.37818,0.40184,0.42596,0.45044,0.47516,0.5,0.52484,0.54956,0.57404,0.59816,0.62182,0.64491,0.66736,0.68907,0.70998,0.73004,0.74921,0.76746,0.78476,0.80111,0.81651,0.83098,0.84452,0.85717,0.86895,0.8799,0.89005,0.89944,0.90812,0.91611,0.92347,0.93024,0.93645,0.94214,0.94735,0.95211,0.95647,0.96044,0.96407,0.96737,0.97039,0.97313,0.97562,0.97789,0.97995,0.98182,0.98352,0.98507,0.98647,0.98774,0.98889,0.98994,0.99089,0.99175,0.99253,0.99323
0.0068252,0.0075374,0.0083233,0.0091903,0.010147,0.011201,0.012364,0.013646,0.015059,0.016615,0.018329,0.020217,0.022294,0.024578,0.027091,0.029851,0.032884,0.036212,0.039863,0.043865,0.048247,0.053042,0.058284,0.064008,0.07025,0.077049,0.084445,0.092477,0.10119,0.11061,0.1208,0.13178,0.14359,0.15626,0.16982,0.1843,0.19972,0.21607,0.23336,0.25159,0.27073,0.29076,0.31163,0.33328,0.35565,0.37867,0.40224,0.42627,0.45065,0.47527,0.5,0.52473,0.54935,0.57373,0.59776,0.62133,0.64435,0.66672,0.68837,0.70924,0.72927,0.74841,0.76664,0.78393,0.80028,0.8157,0.83018,0.84374,0.85641,0.86822,0.8792,0.88939,0.89881,0.90752,0.91556,0.92295,0.92975,0.93599,0.94172,0.94696,0.95175,0.95614,0.96014,0.96379,0.96712,0.97015,0.97291,0.97542,0.97771,0.97978,0.98167,0.98338,0.98494,0.98635,0.98764,0.9888,0.98985,0.99081,0.99168,0.99246,0.99317
0.0069007,0.0076206,0.0084149,0.0092912,0.010258,0.011324,0.012499,0.013794,0.015221,0.016793,0.018525,0.020431,0.022528,0.024835,0.027371,0.030158,0.033218,0.036576,0.040259,0.044294,0.048712,0.053545,0.058827,0.064592,0.070877,0.07772,0.085161,0.093239,0.10199,0.11146,0.12169,0.13271,0.14456,0.15726,0.17085,0.18535,0.20077,0.21712,0.23441,0.25261,0.27172,0.2917,0.3125,0.33408,0.35637,0.37929,0.40275,0.42666,0.45091,0.4754,0.5,0.5246,0.54909,0.57334,0.59725,0.62071,0.64363,0.66592,0.6875,0.7083,0.72828,0.74739,0.76559,0.78288,0.79923,0.81465,0.82915,0.84274,0.85544,0.86729,0.87831,0.88854,0.89801,0.90676,0.91484,0.92228,0.92912,0.93541,0.94117,0.94645,0.95129,0.95571,0.95974,0.96342,0.96678,0.96984,0.97263,0.97517,0.97747,0.97957,0.98148,0.98321,0.98478,0.98621,0.9875,0.98868,0.98974,0.99071,0.99159,0.99238,0.9931
0.0069941,0.0077235,0.0085282,0.0094159,0.010395,0.011474,0.012665,0.013976,0.015421,0.017013,0.018766,0.020695,0.022817,0.025151,0.027717,0.030535,0.033629,0.037023,0.040745,0.044822,0.049284,0.054163,0.059493,0.065308,0.071645,0.078542,0.086037,0.094169,0.10298,0.1125,0.12278,0.13384,0.14573,0.15847,0.17209,0.18661,0.20204,0.2184,0.23567,0.25384,0.27291,0.29283,0.31356,0.33505,0.35723,0.38003,0.40336,0.42713,0.45123,0.47556,0.5,0.52444,0.54877,0.57287,0.59664,0.61997,0.64277,0.66495,0.68644,0.70717,0.72709,0.74616,0.76433,0.7816,0.79796,0.81339,0.82791,0.84153,0.85427,0.86616,0.87722,0.8875,0.89702,0.90583,0.91396,0.92146,0.92835,0.93469,0.94051,0.94584,0.95072,0.95518,0.95925,0.96298,0.96637,0.96947,0.97228,0.97485,0.97718,0.97931,0.98123,0.98299,0.98458,0.98602,0.98734,0.98853,0.98961,0.99058,0.99147,0.99228,0.99301
0.007106,0.0078467,0.0086639,0.0095652,0.010559,0.011655,0.012863,0.014194,0.015661,0.017276,0.019054,0.021011,0.023163,0.025529,0.028129,0.030985,0.034119,0.037557,0.041324,0.04545,0.049963,0.054897,0.060283,0.066157,0.072555,0.079514,0.087072,0.095267,0.10414,0.11372,0.12406,0.13518,0.14711,0.15989,0.17355,0.18809,0.20353,0.21988,0.23713,0.25527,0.27428,0.29413,0.31478,0.33616,0.35822,0.38088,0.40406,0.42766,0.45159,0.47574,0.5,0.52426,0.54841,0.57234,0.59594,0.61912,0.64178,0.66384,0.68522,0.70587,0.72572,0.74473,0.76287,0.78012,0.79647,0.81191,0.82645,0.84011,0.85289,0.86482,0.87594,0.88628,0.89586,0.90473,0.91293,0.92049,0.92744,0.93384,0.93972,0.9451,0.95004,0.95455,0.95868,0.96244,0.96588,0.96901,0.97187,0.97447,0.97684,0.97899,0.98095,0.98272,0.98434,0.98581,0.98714,0.98834,0.98944,0.99043,0.99134,0.99215,0.99289
0.0072371,0.0079911,0.0088229,0.0097402,0.010752,0.011867,0.013096,0.01445,0.015941,0.017584,0.019391,0.02138,0.023567,0.02597,0.028611,0.03151,0.034691,0.038178,0.041998,0.04618,0.050753,0.055748,0.0612,0.067141,0.073608,0.080638,0.088267,0.096533,0.10547,0.11513,0.12552,0.1367,0.14869,0.16152,0.1752,0.18976,0.20522,0.22156,0.23878,0.25689,0.27584,0.29561,0.31615,0.33741,0.35933,0.38184,0.40485,0.42827,0.452,0.47595,0.5,0.52405,0.548,0.57173,0.59515,0.61816,0.64067,0.66259,0.68385,0.70439,0.72416,0.74311,0.76122,0.77844,0.79478,0.81024,0.8248,0.83848,0.85131,0.8633,0.87448,0.88487,0.89453,0.90347,0.91173,0.91936,0.92639,0.93286,0.9388,0.94425,0.94925,0.95382,0.958,0.96182,0.96531,0.96849,0.97139,0.97403,0.97643,0.97862,0.98061,0.98242,0.98406,0.98555,0.9869,0.98813,0.98925,0.99026,0.99118,0.99201,0.99276
0.0073884,0.0081577,0.0090062,0.009942,0.010974,0.012111,0.013364,0.014744,0.016264,0.017937,0.019779,0.021804,0.02403,0.026477,0.029163,0.032112,0.035345,0.038889,0.042769,0.047014,0.051654,0.056719,0.062243,0.06826,0.074804,0.081912,0.08962,0.097965,0.10698,0.11671,0.12718,0.13842,0.15046,0.16333,0.17705,0.19164,0.20709,0.22342,0.24062,0.25867,0.27755,0.29723,0.31766,0.33879,0.36056,0.38289,0.40571,0.42892,0.45244,0.47617,0.5,0.52383,0.54756,0.57108,0.59429,0.61711,0.63944,0.66121,0.68234,0.70277,0.72245,0.74133,0.75938,0.77658,0.79291,0.80836,0.82295,0.83667,0.84954,0.86158,0.87282,0.88329,0.89302,0.90204,0.91038,0.91809,0.9252,0.93174,0.93776,0.94328,0.94835,0.95299,0.95723,0.96111,0.96465,0.96789,0.97084,0.97352,0.97597,0.9782,0.98022,0.98206,0.98374,0.98526,0.98664,0.98789,0.98903,0.99006,0.99099,0.99184,0.99261
0.0075609,0.0083476,0.0092152,0.010172,0.011226,0.012388,0.013669,0.015079,0.016631,0.018339,0.020219,0.022285,0.024556,0.027051,0.029789,0.032793,0.036086,0.039692,0.04364,0.047955,0.052669,0.057812,0.063416,0.069515,0.076144,0.083337,0.091131,0.09956,0.10866,0.11846,0.129,0.14031,0.15241,0.16533,0.17909,0.19369,0.20915,0.22546,0.24262,0.26062,0.27942,0.29899,0.3193,0.34028,0.36188,0.38402,0.40664,0.42963,0.45292,0.47641,0.5,0.52359,0.54708,0.57037,0.59336,0.61598,0.63812,0.65972,0.6807,0.70101,0.72058,0.73938,0.75738,0.77454,0.79085,0.80631,0.82091,0.83467,0.84759,0.85969,0.871,0.88154,0.89134,0.90044,0.90887,0.91666,0.92386,0.93048,0.93658,0.94219,0.94733,0.95204,0.95636,0.96031,0.96391,0.96721,0.97021,0.97295,0.97544,0.97771,0.97978,0.98166,0.98337,0.98492,0.98633,0.98761,0.98877,0.98983,0.99078,0.99165,0.99244
0.0077559,0.0085622,0.0094513,0.010431,0.011512,0.012702,0.014012,0.015456,0.017044,0.018792,0.020714,0.022827,0.025147,0.027695,0.030491,0.033556,0.036915,0.040591,0.044611,0.049004,0.053799,0.059026,0.064718,0.070907,0.077627,0.084912,0.092797,0.10132,0.1105,0.12039,0.13101,0.14238,0.15454,0.16751,0.18129,0.19591,0.21137,0.22766,0.24478,0.26271,0.28142,0.30088,0.32105,0.34187,0.36329,0.38523,0.40763,0.43039,0.45343,0.47667,0.5,0.52333,0.54657,0.56961,0.59237,0.61477,0.63671,0.65813,0.67895,0.69912,0.71858,0.73729,0.75522,0.77234,0.78863,0.80409,0.81871,0.83249,0.84546,0.85762,0.86899,0.87961,0.8895,0.89868,0.9072,0.91509,0.92237,0.92909,0.93528,0.94097,0.9462,0.951,0.95539,0.95941,0.96309,0.96644,0.96951,0.9723,0.97485,0.97717,0.97929,0.98121,0.98296,0.98454,0.98599,0.9873,0.98849,0.98957,0.99055,0.99144,0.99224
0.0079746,0.0088028,0.0097159,0.010722,0.011831,0.013052,0.014397,0.015878,0.017506,0.019298,0.021267,0.02343,0.025806,0.028413,0.031272,0.034404,0.037834,0.041586,0.045687,0.050164,0.055047,0.060365,0.06615,0.072435,0.079252,0.086635,0.094617,0.10323,0.11251,0.12248,0.13318,0.14462,0.15684,0.16985,0.18366,0.19829,0.21374,0.23001,0.24707,0.26493,0.28354,0.30288,0.3229,0.34355,0.36477,0.3865,0.40867,0.43118,0.45397,0.47694,0.5,0.52306,0.54603,0.56882,0.59133,0.6135,0.63523,0.65645,0.6771,0.69712,0.71646,0.73507,0.75293,0.76999,0.78626,0.80171,0.81634,0.83015,0.84316,0.85538,0.86682,0.87752,0.88749,0.89677,0.90538,0.91336,0.92075,0.92756,0.93385,0.93964,0.94495,0.94984,0.95431,0.95841,0.96217,0.9656,0.96873,0.97159,0.97419,0.97657,0.97873,0.9807,0.98249,0.98412,0.9856,0.98695,0.98817,0.98928,0.99028,0.9912,0.99203
0.0082186,0.0090712,0.010011,0.011046,0.012187,0.013443,0.014825,0.016346,0.01802,0.019859,0.02188,0.024099,0.026535,0.029206,0.032134,0.03534,0.038847,0.042682,0.046869,0.051436,0.056413,0.061828,0.067714,0.0741,0.08102,0.088505,0.096587,0.1053,0.11467,0.12473,0.1355,0.14702,0.15929,0.17234,0.18618,0.20082,0.21626,0.23248,0.24949,0.26726,0.28577,0.30497,0.32483,0.3453,0.36632,0.38783,0.40975,0.43201,0.45453,0.47722,0.5,0.52278,0.54547,0.56799,0.59025,0.61217,0.63368,0.6547,0.67517,0.69503,0.71423,0.73274,0.75051,0.76752,0.78374,0.79918,0.81382,0.82766,0.84071,0.85298,0.8645,0.87527,0.88533,0.8947,0.90341,0.9115,0.91898,0.9259,0.93229,0.93817,0.94359,0.94856,0.95313,0.95732,0.96115,0.96466,0.96787,0.97079,0.97347,0.9759,0.97812,0.98014,0.98198,0.98365,0.98517,0.98656,0.98781,0.98895,0.98999,0.99093,0.99178
0.0084896,0.009369,0.010338,0.011406,0.012581,0.013875,0.015299,0.016865,0.018587,0.020478,0.022556,0.024836,0.027337,0.030078,0.03308,0.036365,0.039957,0.043879,0.048159,0.052822,0.057899,0.063417,0.069407,0.0759,0.082926,0.090517,0.098704,0.10752,0.11698,0.12713,0.13798,0.14956,0.16189,0.17498,0.18884,0.20348,0.21889,0.23508,0.25202,0.2697,0.28809,0.30715,0.32685,0.34712,0.36793,0.3892,0.41087,0.43286,0.4551,0.47751,0.5,0.52249,0.5449,0.56714,0.58913,0.6108,0.63207,0.65288,0.67315,0.69285,0.71191,0.7303,0.74798,0.76492,0.78111,0.79652,0.81116,0.82502,0.83811,0.85044,0.86202,0.87287,0.88302,0.89248,0.9013,0.90948,0.91707,0.9241,0.93059,0.93658,0.9421,0.94718,0.95184,0.95612,0.96004,0.96363,0.96692,0.96992,0.97266,0.97516,0.97744,0.97952,0.98141,0.98314,0.9847,0.98612,0.98742,0.98859,0.98966,0.99063,0.99151
0.0087893,0.0096984,0.0107,0.011802,0.013016,0.014352,0.015821,0.017436,0.01921,0.021159,0.023298,0.025644,0.028216,0.031032,0.034114,0.037484,0.041164,0.045181,0.049558,0.054324,0.059505,0.065131,0.071231,0.077834,0.084971,0.09267,0.10096,0.10988,0.11944,0.12967,0.1406,0.15224,0.16462,0.17775,0.19162,0.20626,0.22164,0.23778,0.25465,0.27223,0.29049,0.3094,0.32892,0.349,0.36958,0.39061,0.41202,0.43374,0.45569,0.47781,0.5,0.52219,0.54431,0.56626,0.58798,0.60939,0.63042,0.651,0.67108,0.6906,0.70951,0.72777,0.74535,0.76222,0.77836,0.79374,0.80838,0.82225,0.83538,0.84776,0.8594,0.87033,0.88056,0.89012,0.89904,0.90733,0.91503,0.92217,0.92877,0.93487,0.94049,0.94568,0.95044,0.95482,0.95884,0.96252,0.96589,0.96897,0.97178,0.97436,0.9767,0.97884,0.98079,0.98256,0.98418,0.98565,0.98698,0.9882,0.9893,0.9903,0.99121
0.0091199,0.010061,0.011098,0.012239,0.013495,0.014875,0.016394,0.018062,0.019894,0.021904,0.024109,0.026526,0.029173,0.03207,0.035238,0.038697,0.042473,0.046588,0.051068,0.055941,0.061232,0.066969,0.073182,0.079899,0.087149,0.094959,0.10336,0.11237,0.12203,0.13235,0.14335,0.15505,0.16748,0.18063,0.19452,0.20914,0.22449,0.24057,0.25736,0.27483,0.29296,0.31171,0.33104,0.35091,0.37127,0.39205,0.41319,0.43463,0.45629,0.47811,0.5,0.52189,0.54371,0.56537,0.58681,0.60795,0.62873,0.64909,0.66896,0.68829,0.70704,0.72517,0.74264,0.75943,0.77551,0.79086,0.80548,0.81937,0.83252,0.84495,0.85665,0.86765,0.87797,0.88763,0.89664,0.90504,0.91285,0.9201,0.92682,0.93303,0.93877,0.94406,0.94893,0.95341,0.95753,0.9613,0.96476,0.96793,0.97083,0.97347,0.97589,0.9781,0.98011,0.98194,0.98361,0.98512,0.98651,0.98776,0.9889,0.98994,0.99088
0.0094833,0.01046,0.011535,0.012718,0.014019,0.015449,0.01702,0.018746,0.020639,0.022716,0.024992,0.027485,0.030213,0.033195,0.036453,0.040008,0.043883,0.048102,0.05269,0.057673,0.063078,0.068931,0.07526,0.082093,0.089456,0.097378,0.10588,0.115,0.12475,0.13515,0.14622,0.15798,0.17045,0.18362,0.19751,0.21211,0.22743,0.24344,0.26013,0.27749,0.29548,0.31406,0.33321,0.35287,0.37299,0.39351,0.41438,0.43554,0.4569,0.47842,0.5,0.52158,0.5431,0.56446,0.58562,0.60649,0.62701,0.64713,0.66679,0.68594,0.70452,0.72251,0.73987,0.75656,0.77257,0.78789,0.80249,0.81638,0.82955,0.84202,0.85378,0.86485,0.87525,0.885,0.89412,0.90262,0.91054,0.91791,0.92474,0.93107,0.93692,0.94233,0.94731,0.9519,0.95612,0.95999,0.96355,0.9668,0.96979,0.97251,0.97501,0.97728,0.97936,0.98125,0.98298,0.98455,0.98598,0.98728,0.98846,0.98954,0.99052
0.009882,0.010897,0.012014,0.013242,0.014592,0.016075,0.017704,0.019491,0.021451,0.023598,0.02595,0.028524,0.031337,0.03441,0.037763,0.041417,0.045397,0.049724,0.054424,0.059522,0.065043,0.071014,0.077461,0.084411,0.091889,0.099922,0.10853,0.11775,0.12758,0.13806,0.1492,0.16102,0.17351,0.18671,0.20059,0.21517,0.23043,0.24637,0.26297,0.2802,0.29804,0.31646,0.3354,0.35484,0.37472,0.39499,0.41559,0.43645,0.45752,0.47873,0.5,0.52127,0.54248,0.56355,0.58441,0.60501,0.62528,0.64516,0.6646,0.68354,0.70196,0.7198,0.73703,0.75363,0.76957,0.78483,0.79941,0.81329,0.82649,0.83898,0.8508,0.86194,0.87242,0.88225,0.89147,0.90008,0.90811,0.91559,0.92254,0.92899,0.93496,0.94048,0.94558,0.95028,0.9546,0.95858,0.96224,0.96559,0.96866,0.97148,0.97405,0.9764,0.97855,0.98051,0.9823,0.98392,0.98541,0.98676,0.98799,0.9891,0.99012
0.010318,0.011375,0.012537,0.013814,0.015217,0.016757,0.018447,0.0203,0.02233,0.024553,0.026985,0.029644,0.032548,0.035716,0.039168,0.042927,0.047015,0.051454,0.056269,0.061484,0.067125,0.073215,0.079782,0.086849,0.094442,0.10258,0.1113,0.12061,0.13053,0.14108,0.15229,0.16415,0.17667,0.18987,0.20375,0.21829,0.2335,0.24936,0.26585,0.28296,0.30064,0.31888,0.33762,0.35684,0.37647,0.39648,0.4168,0.43737,0.45814,0.47904,0.5,0.52096,0.54186,0.56263,0.5832,0.60352,0.62353,0.64316,0.66238,0.68112,0.69936,0.71704,0.73415,0.75064,0.7665,0.78171,0.79625,0.81013,0.82333,0.83585,0.84771,0.85892,0.86947,0.87939,0.8887,0.89742,0.90556,0.91315,0.92022,0.92678,0.93288,0.93852,0.94373,0.94855,0.95299,0.95707,0.96083,0.96428,0.96745,0.97036,0.97301,0.97545,0.97767,0.9797,0.98155,0.98324,0.98478,0.98619,0.98746,0.98862,0.98968
0.010795,0.011896,0.013107,0.014437,0.015896,0.017497,0.019253,0.021176,0.023281,0.025584,0.028101,0.030849,0.033847,0.037115,0.040671,0.044538,0.048737,0.053292,0.058225,0.063559,0.06932,0.075532,0.082218,0.089402,0.097108,0.10536,0.11417,0.12358,0.13358,0.1442,0.15546,0.16736,0.17991,0.19311,0.20697,0.22147,0.23662,0.25239,0.26877,0.28574,0.30326,0.32132,0.33986,0.35884,0.37823,0.39797,0.41801,0.43829,0.45876,0.47935,0.5,0.52065,0.54124,0.56171,0.58199,0.60203,0.62177,0.64116,0.66014,0.67868,0.69674,0.71426,0.73123,0.74761,0.76338,0.77853,0.79303,0.80689,0.82009,0.83264,0.84454,0.8558,0.86642,0.87642,0.88583,0.89464,0.90289,0.9106,0.91778,0.92447,0.93068,0.93644,0.94178,0.94671,0.95126,0.95546,0.95933,0.96289,0.96615,0.96915,0.9719,0.97442,0.97672,0.97882,0.98075,0.9825,0.9841,0.98556,0.98689,0.9881,0.98921
0.011314,0.012464,0.013727,0.015113,0.016633,0.018299,0.020124,0.022121,0.024306,0.026693,0.029299,0.032141,0.035238,0.038608,0.042272,0.04625,0.050564,0.055236,0.060289,0.065745,0.071627,0.077959,0.084764,0.092065,0.099882,0.10824,0.11715,0.12664,0.13672,0.14741,0.15871,0.17064,0.18321,0.19641,0.21024,0.2247,0.23977,0.25545,0.27171,0.28854,0.3059,0.32376,0.34209,0.36085,0.37999,0.39947,0.41922,0.43921,0.45938,0.47966,0.5,0.52034,0.54062,0.56079,0.58078,0.60053,0.62001,0.63915,0.65791,0.67624,0.6941,0.71146,0.72829,0.74455,0.76023,0.7753,0.78976,0.80359,0.81679,0.82936,0.84129,0.85259,0.86328,0.87336,0.88285,0.89176,0.90012,0.90794,0.91524,0.92204,0.92837,0.93426,0.93971,0.94476,0.94944,0.95375,0.95773,0.96139,0.96476,0.96786,0.9707,0.97331,0.97569,0.97788,0.97988,0.9817,0.98337,0.98489,0.98627,0.98754,0.98869
0.011879,0.013081,0.014399,0.015845,0.01743,0.019165,0.021063,0.023139,0.025407,0.027882,0.030581,0.033521,0.03672,0.040196,0.043971,0.048063,0.052494,0.057286,0.062459,0.068037,0.074041,0.080494,0.087416,0.09483,0.10276,0.11121,0.12022,0.12979,0.13994,0.15069,0.16204,0.17399,0.18657,0.19975,0.21355,0.22796,0.24295,0.25853,0.27467,0.29135,0.30855,0.32622,0.34434,0.36286,0.38175,0.40096,0.42043,0.44013,0.45999,0.47997,0.5,0.52003,0.54001,0.55987,0.57957,0.59904,0.61825,0.63714,0.65566,0.67378,0.69145,0.70865,0.72533,0.74147,0.75705,0.77204,0.78645,0.80025,0.81343,0.82601,0.83796,0.84931,0.86006,0.87021,0.87978,0.88879,0.89724,0.90517,0.91258,0.91951,0.92596,0.93196,0.93754,0.94271,0.94751,0.95194,0.95603,0.9598,0.96328,0.96648,0.96942,0.97212,0.97459,0.97686,0.97894,0.98084,0.98257,0.98415,0.9856,0.98692,0.98812
0.012492,0.013749,0.015127,0.016637,0.018289,0.020097,0.022073,0.024231,0.026586,0.029153,0.031949,0.03499,0.038294,0.04188,0.045768,0.049976,0.054526,0.059438,0.064733,0.070433,0.076558,0.08313,0.090168,0.097693,0.10572,0.11428,0.12337,0.13302,0.14324,0.15404,0.16542,0.1774,0.18997,0.20314,0.2169,0.23124,0.24616,0.26163,0.27764,0.29417,0.31119,0.32867,0.34657,0.36486,0.3835,0.40244,0.42164,0.44104,0.46061,0.48028,0.5,0.51972,0.53939,0.55896,0.57836,0.59756,0.6165,0.63514,0.65343,0.67133,0.68881,0.70583,0.72236,0.73837,0.75384,0.76876,0.7831,0.79686,0.81003,0.8226,0.83458,0.84596,0.85676,0.86698,0.87663,0.88572,0.89428,0.90231,0.90983,0.91687,0.92344,0.92957,0.93527,0.94056,0.94547,0.95002,0.95423,0.95812,0.96171,0.96501,0.96805,0.97085,0.97341,0.97577,0.97793,0.9799,0.98171,0.98336,0.98487,0.98625,0.98751
0.013156,0.014472,0.015913,0.01749,0.019214,0.021099,0.023156,0.0254,0.027846,0.030508,0.033403,0.036549,0.039961,0.043659,0.047662,0.051988,0.056658,0.061691,0.067108,0.072928,0.079173,0.085861,0.093013,0.10065,0.10878,0.11742,0.1266,0.13632,0.1466,0.15744,0.16886,0.18084,0.19341,0.20655,0.22027,0.23454,0.24937,0.26473,0.28061,0.29699,0.31383,0.33111,0.3488,0.36685,0.38524,0.40391,0.42283,0.44195,0.46121,0.48058,0.5,0.51942,0.53879,0.55805,0.57717,0.59609,0.61476,0.63315,0.6512,0.66889,0.68617,0.70301,0.71939,0.73527,0.75063,0.76546,0.77973,0.79345,0.80659,0.81916,0.83114,0.84256,0.8534,0.86368,0.8734,0.88258,0.89122,0.89935,0.90699,0.91414,0.92083,0.92707,0.93289,0.93831,0.94334,0.94801,0.95234,0.95634,0.96004,0.96345,0.9666,0.96949,0.97215,0.9746,0.97684,0.9789,0.98079,0.98251,0.98409,0.98553,0.98684
0.013874,0.015252,0.016759,0.018407,0.020207,0.022172,0.024314,0.026647,0.029187,0.031948,0.034946,0.038197,0.04172,0.045532,0.049651,0.054096,0.058886,0.06404,0.069578,0.075519,0.081881,0.088683,0.095944,0.10368,0.11191,0.12064,0.1299,0.13969,0.15002,0.1609,0.17233,0.18433,0.19688,0.20999,0.22365,0.23785,0.25259,0.26783,0.28358,0.29979,0.31645,0.33354,0.35101,0.36883,0.38696,0.40537,0.42401,0.44284,0.46182,0.48088,0.5,0.51912,0.53818,0.55716,0.57599,0.59463,0.61304,0.63117,0.64899,0.66646,0.68355,0.70021,0.71642,0.73217,0.74741,0.76215,0.77635,0.79001,0.80312,0.81567,0.82767,0.8391,0.84998,0.86031,0.8701,0.87936,0.88809,0.89632,0.90406,0.91132,0.91812,0.92448,0.93042,0.93596,0.94111,0.9459,0.95035,0.95447,0.95828,0.9618,0.96505,0.96805,0.97081,0.97335,0.97569,0.97783,0.97979,0.98159,0.98324,0.98475,0.98613
0.014648,0.016091,0.017669,0.019391,0.02127,0.023318,0.025548,0.027974,0.030611,0.033472,0.036576,0.039936,0.043571,0.047498,0.051735,0.056299,0.061209,0.066483,0.07214,0.078199,0.084676,0.091589,0.098956,0.10679,0.11511,0.12393,0.13325,0.1431,0.15348,0.16439,0.17584,0.18783,0.20037,0.21344,0.22704,0.24117,0.2558,0.27093,0.28653,0.30258,0.31906,0.33595,0.3532,0.37078,0.38867,0.40682,0.42518,0.44373,0.46241,0.48118,0.5,0.51882,0.53759,0.55627,0.57482,0.59318,0.61133,0.62922,0.6468,0.66405,0.68094,0.69742,0.71347,0.72907,0.7442,0.75883,0.77296,0.78656,0.79963,0.81217,0.82416,0.83561,0.84652,0.8569,0.86675,0.87607,0.88489,0.89321,0.90104,0.90841,0.91532,0.9218,0.92786,0.93352,0.93879,0.9437,0.94827,0.9525,0.95643,0.96006,0.96342,0.96653,0.96939,0.97203,0.97445,0.97668,0.97873,0.98061,0.98233,0.98391,0.98535
0.01548,0.016993,0.018643,0.020443,0.022404,0.024539,0.02686,0.029381,0.032117,0.035083,0.038293,0.041764,0.045512,0.049555,0.053909,0.058592,0.063622,0.069015,0.07479,0.080963,0.087552,0.094572,0.10204,0.10997,0.11838,0.12727,0.13666,0.14656,0.15698,0.16791,0.17937,0.19136,0.20387,0.21689,0.23043,0.24447,0.259,0.27401,0.28946,0.30535,0.32165,0.33833,0.35537,0.37272,0.39036,0.40824,0.42634,0.4446,0.463,0.48148,0.5,0.51852,0.537,0.5554,0.57366,0.59176,0.60964,0.62728,0.64463,0.66167,0.67835,0.69465,0.71054,0.72599,0.741,0.75553,0.76957,0.78311,0.79613,0.80864,0.82063,0.83209,0.84302,0.85344,0.86334,0.87273,0.88162,0.89003,0.89796,0.90543,0.91245,0.91904,0.92521,0.93099,0.93638,0.94141,0.94609,0.95044,0.95449,0.95824,0.96171,0.96492,0.96788,0.97062,0.97314,0.97546,0.9776,0.97956,0.98136,0.98301,0.98452
0.016373,0.017958,0.019685,0.021565,0.023612,0.025836,0.02825,0.030869,0.033707,0.036778,0.040097,0.043679,0.047542,0.051701,0.056172,0.060973,0.066121,0.071631,0.077521,0.083806,0.090503,0.097627,0.10519,0.11321,0.1217,0.13066,0.14011,0.15006,0.16051,0.17146,0.18293,0.1949,0.20737,0.22035,0.23382,0.24777,0.26219,0.27707,0.29238,0.3081,0.32422,0.3407,0.35751,0.37463,0.39202,0.40965,0.42748,0.44546,0.46357,0.48177,0.5,0.51823,0.53643,0.55454,0.57252,0.59035,0.60798,0.62537,0.64249,0.6593,0.67578,0.6919,0.70762,0.72293,0.73781,0.75223,0.76618,0.77965,0.79263,0.8051,0.81707,0.82854,0.83949,0.84994,0.85989,0.86934,0.8783,0.88679,0.89481,0.90237,0.9095,0.91619,0.92248,0.92837,0.93388,0.93903,0.94383,0.9483,0.95246,0.95632,0.9599,0.96322,0.96629,0.96913,0.97175,0.97416,0.97639,0.97843,0.98032,0.98204,0.98363
0.017329,0.018988,0.020795,0.022759,0.024893,0.027209,0.02972,0.032439,0.03538,0.038557,0.041986,0.045681,0.049658,0.053932,0.058521,0.063438,0.068702,0.074327,0.080328,0.086723,0.093524,0.10075,0.1084,0.11651,0.12507,0.13409,0.1436,0.15359,0.16406,0.17503,0.18649,0.19844,0.21087,0.22379,0.23719,0.25105,0.26536,0.2801,0.29527,0.31082,0.32675,0.34303,0.35963,0.37652,0.39367,0.41104,0.4286,0.44631,0.46414,0.48205,0.5,0.51795,0.53586,0.55369,0.5714,0.58896,0.60633,0.62348,0.64037,0.65697,0.67325,0.68918,0.70473,0.7199,0.73464,0.74895,0.76281,0.77621,0.78913,0.80156,0.81351,0.82497,0.83594,0.84641,0.8564,0.86591,0.87493,0.88349,0.8916,0.89925,0.90648,0.91328,0.91967,0.92567,0.9313,0.93656,0.94148,0.94607,0.95034,0.95432,0.95801,0.96144,0.96462,0.96756,0.97028,0.97279,0.97511,0.97724,0.97921,0.98101,0.98267
0.018349,0.020086,0.021975,0.024025,0.026249,0.028659,0.031268,0.034088,0.037134,0.040419,0.043958,0.047766,0.051857,0.056247,0.06095,0.065983,0.07136,0.077097,0.083207,0.089706,0.096607,0.10392,0.11167,0.11985,0.12848,0.13756,0.14711,0.15713,0.16763,0.1786,0.19005,0.20197,0.21437,0.22723,0.24054,0.25431,0.2685,0.28311,0.29812,0.31351,0.32926,0.34534,0.36172,0.37838,0.39528,0.4124,0.4297,0.44715,0.4647,0.48233,0.5,0.51767,0.5353,0.55285,0.5703,0.5876,0.60472,0.62162,0.63828,0.65466,0.67074,0.68649,0.70188,0.71689,0.7315,0.74569,0.75946,0.77277,0.78563,0.79803,0.80995,0.8214,0.83237,0.84287,0.85289,0.86244,0.87152,0.88015,0.88833,0.89608,0.90339,0.91029,0.91679,0.9229,0.92864,0.93402,0.93905,0.94375,0.94814,0.95223,0.95604,0.95958,0.96287,0.96591,0.96873,0.97134,0.97375,0.97597,0.97803,0.97991,0.98165
0.019435,0.021252,0.023225,0.025364,0.027681,0.030187,0.032895,0.035818,0.038969,0.042363,0.046012,0.049932,0.054136,0.05864,0.063457,0.068603,0.074091,0.079936,0.086151,0.092751,0.099747,0.10715,0.11498,0.12323,0.13192,0.14106,0.15065,0.1607,0.17121,0.18218,0.19361,0.2055,0.21785,0.23064,0.24388,0.25754,0.27162,0.28609,0.30095,0.31617,0.33173,0.34761,0.36378,0.38021,0.39688,0.41375,0.43079,0.44797,0.46525,0.48261,0.5,0.51739,0.53475,0.55203,0.56921,0.58625,0.60312,0.61979,0.63622,0.65239,0.66827,0.68383,0.69905,0.71391,0.72838,0.74246,0.75612,0.76936,0.78215,0.7945,0.80639,0.81782,0.82879,0.8393,0.84935,0.85894,0.86808,0.87677,0.88502,0.89285,0.90025,0.90725,0.91385,0.92006,0.92591,0.9314,0.93654,0.94136,0.94586,0.95007,0.95399,0.95764,0.96103,0.96418,0.96711,0.96981,0.97232,0.97464,0.97677,0.97875,0.98057
0.020587,0.022488,0.024547,0.026777,0.029187,0.031791,0.034599,0.037626,0.040884,0.044386,0.048145,0.052177,0.056493,0.061109,0.066037,0.071293,0.076889,0.082839,0.089156,0.095851,0.10294,0.11043,0.11832,0.12664,0.13539,0.14458,0.1542,0.16427,0.17479,0.18576,0.19717,0.20902,0.22131,0.23404,0.24718,0.26074,0.2747,0.28904,0.30374,0.31879,0.33417,0.34985,0.3658,0.38201,0.39844,0.41507,0.43185,0.44877,0.46579,0.48288,0.5,0.51712,0.53421,0.55123,0.56815,0.58493,0.60156,0.61799,0.6342,0.65015,0.66583,0.68121,0.69626,0.71096,0.7253,0.73926,0.75282,0.76596,0.77869,0.79098,0.80283,0.81424,0.82521,0.83573,0.8458,0.85542,0.86461,0.87336,0.88168,0.88957,0.89706,0.90415,0.91084,0.91716,0.92311,0.92871,0.93396,0.93889,0.94351,0.94782,0.95185,0.95561,0.95912,0.96237,0.9654,0.96821,0.97081,0.97322,0.97545,0.97751,0.97941
0.021807,0.023793,0.025941,0.028262,0.030768,0.03347,0.036381,0.039512,0.042876,0.046486,0.050355,0.054496,0.058923,0.063649,0.068686,0.074049,0.07975,0.085801,0.092214,0.099001,0.10617,0.11374,0.12171,0.13009,0.13889,0.14811,0.15777,0.16785,0.17837,0.18932,0.20071,0.21252,0.22475,0.2374,0.25046,0.26391,0.27774,0.29195,0.3065,0.32138,0.33657,0.35205,0.3678,0.38378,0.39998,0.41636,0.4329,0.44956,0.46632,0.48315,0.5,0.51685,0.53368,0.55044,0.5671,0.58364,0.60002,0.61622,0.6322,0.64795,0.66343,0.67862,0.6935,0.70805,0.72226,0.73609,0.74954,0.7626,0.77525,0.78748,0.79929,0.81068,0.82163,0.83215,0.84223,0.85189,0.86111,0.86991,0.87829,0.88626,0.89383,0.901,0.90779,0.9142,0.92025,0.92595,0.93131,0.93635,0.94108,0.9455,0.94965,0.95351,0.95712,0.96049,0.96362,0.96653,0.96923,0.97174,0.97406,0.97621,0.97819
0.023096,0.025168,0.027406,0.029821,0.032423,0.035225,0.038237,0.041472,0.044942,0.048659,0.052637,0.056887,0.061422,0.066256,0.071399,0.076866,0.082668,0.088815,0.095321,0.10219,0.10945,0.11708,0.12512,0.13355,0.1424,0.15166,0.16133,0.17143,0.18194,0.19288,0.20423,0.216,0.22817,0.24074,0.2537,0.26705,0.28075,0.29482,0.30921,0.32392,0.33893,0.35422,0.36976,0.38552,0.40149,0.41764,0.43393,0.45034,0.46684,0.48341,0.5,0.51659,0.53316,0.54966,0.56607,0.58236,0.59851,0.61448,0.63024,0.64578,0.66107,0.67608,0.69079,0.70518,0.71925,0.73295,0.7463,0.75926,0.77183,0.784,0.79577,0.80712,0.81806,0.82857,0.83867,0.84834,0.8576,0.86645,0.87488,0.88292,0.89055,0.89781,0.90468,0.91118,0.91733,0.92313,0.9286,0.93374,0.93858,0.94311,0.94736,0.95134,0.95506,0.95853,0.96176,0.96478,0.96758,0.97018,0.97259,0.97483,0.9769
0.024453,0.026613,0.028942,0.031452,0.034151,0.037052,0.040167,0.043505,0.047081,0.050904,0.054989,0.059346,0.063987,0.068925,0.074172,0.079739,0.085637,0.091878,0.09847,0.10543,0.11275,0.12046,0.12855,0.13704,0.14592,0.15521,0.1649,0.175,0.1855,0.19642,0.20773,0.21945,0.23155,0.24404,0.25691,0.27014,0.28373,0.29764,0.31189,0.32643,0.34126,0.35635,0.37168,0.38723,0.40297,0.41888,0.43493,0.4511,0.46735,0.48366,0.5,0.51634,0.53265,0.5489,0.56507,0.58112,0.59703,0.61277,0.62832,0.64365,0.65874,0.67357,0.68811,0.70236,0.71627,0.72986,0.74309,0.75596,0.76845,0.78055,0.79227,0.80358,0.8145,0.825,0.8351,0.84479,0.85408,0.86296,0.87145,0.87954,0.88725,0.89457,0.90153,0.90812,0.91436,0.92026,0.92583,0.93107,0.93601,0.94065,0.94501,0.9491,0.95292,0.95649,0.95983,0.96295,0.96585,0.96855,0.97106,0.97339,0.97555
0.025877,0.028127,0.030549,0.033153,0.03595,0.038951,0.042167,0.045609,0.049289,0.053217,0.057407,0.061868,0.066613,0.071653,0.077,0.082663,0.088654,0.094982,0.10166,0.10869,0.11608,0.12385,0.132,0.14053,0.14944,0.15875,0.16846,0.17856,0.18905,0.19993,0.21121,0.22287,0.2349,0.24731,0.26008,0.2732,0.28665,0.30043,0.31452,0.32889,0.34354,0.35844,0.37357,0.3889,0.40443,0.42011,0.43592,0.45185,0.46785,0.48391,0.5,0.51609,0.53215,0.54815,0.56408,0.57989,0.59557,0.6111,0.62643,0.64156,0.65646,0.67111,0.68548,0.69957,0.71335,0.7268,0.73992,0.75269,0.7651,0.77713,0.78879,0.80007,0.81095,0.82144,0.83154,0.84125,0.85056,0.85947,0.868,0.87615,0.88392,0.89131,0.89834,0.90502,0.91135,0.91734,0.923,0.92835,0.93339,0.93813,0.94259,0.94678,0.95071,0.95439,0.95783,0.96105,0.96405,0.96685,0.96945,0.97187,0.97412
0.02737,0.02971,0.032225,0.034924,0.037819,0.040919,0.044236,0.04778,0.051563,0.055595,0.059887,0.06445,0.069296,0.074435,0.079877,0.085633,0.091712,0.098124,0.10488,0.11198,0.11944,0.12726,0.13546,0.14402,0.15297,0.1623,0.17201,0.1821,0.19257,0.20343,0.21465,0.22626,0.23822,0.25054,0.26321,0.27621,0.28954,0.30318,0.31711,0.33132,0.34578,0.36049,0.37542,0.39055,0.40585,0.42131,0.43689,0.45258,0.46834,0.48416,0.5,0.51584,0.53166,0.54742,0.56311,0.57869,0.59415,0.60945,0.62458,0.63951,0.65422,0.66868,0.68289,0.69682,0.71046,0.72379,0.73679,0.74946,0.76178,0.77374,0.78535,0.79657,0.80743,0.8179,0.82799,0.8377,0.84703,0.85598,0.86454,0.87274,0.88056,0.88802,0.89512,0.90188,0.90829,0.91437,0.92012,0.92556,0.9307,0.93555,0.94011,0.94441,0.94844,0.95222,0.95576,0.95908,0.96218,0.96508,0.96778,0.97029,0.97263
0.028929,0.03136,0.033968,0.036763,0.039755,0.042954,0.046371,0.050016,0.0539,0.058033,0.062426,0.067089,0.072032,0.077266,0.0828,0.088645,0.094808,0.1013,0.10812,0.11529,0.12281,0.13069,0.13892,0.14752,0.15649,0.16583,0.17554,0.18562,0.19607,0.20689,0.21807,0.22961,0.2415,0.25373,0.2663,0.27918,0.29238,0.30588,0.31965,0.3337,0.34799,0.36251,0.37724,0.39216,0.40725,0.42248,0.43784,0.45329,0.46882,0.4844,0.5,0.5156,0.53118,0.54671,0.56216,0.57752,0.59275,0.60784,0.62276,0.63749,0.65201,0.6663,0.68035,0.69412,0.70762,0.72082,0.7337,0.74627,0.7585,0.77039,0.78193,0.79311,0.80393,0.81438,0.82446,0.83417,0.84351,0.85248,0.86108,0.86931,0.87719,0.88471,0.89188,0.8987,0.90519,0.91136,0.9172,0.92273,0.92797,0.93291,0.93757,0.94197,0.9461,0.94998,0.95363,0.95705,0.96025,0.96324,0.96603,0.96864,0.97107
0.030554,0.033076,0.035777,0.038667,0.041756,0.045053,0.048569,0.052314,0.056297,0.060529,0.065019,0.069778,0.074816,0.080142,0.085764,0.091692,0.097935,0.1045,0.11139,0.11862,0.1262,0.13412,0.14239,0.15102,0.16001,0.16935,0.17906,0.18912,0.19955,0.21032,0.22145,0.23293,0.24474,0.25688,0.26934,0.28211,0.29518,0.30853,0.32216,0.33604,0.35015,0.36449,0.37902,0.39374,0.40861,0.42363,0.43876,0.45399,0.46929,0.48463,0.5,0.51537,0.53071,0.54601,0.56124,0.57637,0.59139,0.60626,0.62098,0.63551,0.64985,0.66396,0.67784,0.69147,0.70482,0.71789,0.73066,0.74312,0.75526,0.76707,0.77855,0.78968,0.80045,0.81088,0.82094,0.83065,0.83999,0.84898,0.85761,0.86588,0.8738,0.88138,0.88861,0.8955,0.90206,0.90831,0.91424,0.91986,0.92518,0.93022,0.93498,0.93947,0.9437,0.94769,0.95143,0.95495,0.95824,0.96133,0.96422,0.96692,0.96945
0.032244,0.034857,0.037651,0.040636,0.04382,0.047214,0.050827,0.054669,0.05875,0.063078,0.067663,0.072516,0.077644,0.083057,0.088764,0.094772,0.10109,0.10772,0.11468,0.12197,0.12959,0.13755,0.14586,0.15451,0.16351,0.17285,0.18255,0.1926,0.20299,0.21372,0.2248,0.2362,0.24793,0.25998,0.27234,0.28499,0.29793,0.31114,0.32462,0.33833,0.35227,0.36642,0.38077,0.39528,0.40995,0.42476,0.43967,0.45467,0.46974,0.48486,0.5,0.51514,0.53026,0.54533,0.56033,0.57524,0.59005,0.60472,0.61923,0.63358,0.64773,0.66167,0.67538,0.68886,0.70207,0.71501,0.72766,0.74002,0.75207,0.7638,0.7752,0.78628,0.79701,0.8074,0.81745,0.82715,0.83649,0.84549,0.85414,0.86245,0.87041,0.87803,0.88532,0.89228,0.89891,0.90523,0.91124,0.91694,0.92236,0.92748,0.93234,0.93692,0.94125,0.94533,0.94917,0.95279,0.95618,0.95936,0.96235,0.96514,0.96776
0.033996,0.0367,0.039587,0.042665,0.045944,0.049434,0.053142,0.05708,0.061255,0.065677,0.070354,0.075296,0.080512,0.086009,0.091796,0.097879,0.10427,0.11097,0.11798,0.12532,0.13299,0.14098,0.14932,0.15798,0.16699,0.17634,0.18602,0.19604,0.2064,0.21709,0.2281,0.23944,0.25109,0.26304,0.27529,0.28783,0.30064,0.31371,0.32703,0.34058,0.35435,0.36832,0.38248,0.3968,0.41127,0.42586,0.44056,0.45534,0.47019,0.48509,0.5,0.51491,0.52981,0.54466,0.55944,0.57414,0.58873,0.6032,0.61752,0.63168,0.64565,0.65942,0.67297,0.68629,0.69936,0.71217,0.72471,0.73696,0.74891,0.76056,0.7719,0.78291,0.7936,0.80396,0.81398,0.82366,0.83301,0.84202,0.85068,0.85902,0.86701,0.87468,0.88202,0.88903,0.89573,0.90212,0.9082,0.91399,0.91949,0.9247,0.92965,0.93432,0.93875,0.94292,0.94686,0.95057,0.95406,0.95733,0.96041,0.9633,0.966
0.03581,0.038604,0.041582,0.044753,0.048126,0.051709,0.055511,0.059542,0.063809,0.068321,0.073088,0.078116,0.083415,0.088992,0.094855,0.10101,0.10746,0.11422,0.12129,0.12868,0.13638,0.14441,0.15276,0.16145,0.17046,0.1798,0.18947,0.19946,0.20978,0.22042,0.23137,0.24263,0.2542,0.26606,0.2782,0.29062,0.3033,0.31623,0.3294,0.34279,0.35639,0.37019,0.38416,0.39828,0.41255,0.42694,0.44143,0.456,0.47063,0.48531,0.5,0.51469,0.52937,0.544,0.55857,0.57306,0.58745,0.60172,0.61584,0.62981,0.64361,0.65721,0.6706,0.68377,0.6967,0.70938,0.7218,0.73394,0.7458,0.75737,0.76863,0.77958,0.79022,0.80054,0.81053,0.8202,0.82954,0.83855,0.84724,0.85559,0.86362,0.87132,0.87871,0.88578,0.89254,0.89899,0.90515,0.91101,0.91658,0.92188,0.92691,0.93168,0.93619,0.94046,0.94449,0.94829,0.95187,0.95525,0.95842,0.9614,0.96419
0.037682,0.040566,0.043635,0.046897,0.050362,0.054037,0.05793,0.062051,0.066408,0.071008,0.07586,0.080971,0.08635,0.092003,0.097937,0.10416,0.11067,0.11749,0.12461,0.13204,0.13977,0.14783,0.1562,0.16489,0.1739,0.18323,0.19288,0.20284,0.21312,0.22371,0.2346,0.24578,0.25726,0.26902,0.28106,0.29336,0.30591,0.3187,0.33172,0.34496,0.35839,0.37201,0.3858,0.39974,0.41381,0.42799,0.44228,0.45664,0.47106,0.48552,0.5,0.51448,0.52894,0.54336,0.55772,0.57201,0.58619,0.60026,0.6142,0.62799,0.64161,0.65504,0.66828,0.6813,0.69409,0.70664,0.71894,0.73098,0.74274,0.75422,0.7654,0.77629,0.78688,0.79716,0.80712,0.81677,0.8261,0.83511,0.8438,0.85217,0.86023,0.86796,0.87539,0.88251,0.88933,0.89584,0.90206,0.908,0.91365,0.91903,0.92414,0.92899,0.93359,0.93795,0.94207,0.94596,0.94964,0.9531,0.95637,0.95943,0.96232
0.039612,0.042584,0.045742,0.049095,0.052649,0.056413,0.060396,0.064605,0.069048,0.073733,0.078667,0.083858,0.089312,0.095037,0.10104,0.10732,0.1139,0.12076,0.12792,0.13539,0.14316,0.15124,0.15962,0.16832,0.17732,0.18664,0.19626,0.20619,0.21642,0.22695,0.23778,0.24889,0.26028,0.27194,0.28387,0.29605,0.30848,0.32113,0.334,0.34708,0.36035,0.3738,0.38741,0.40116,0.41504,0.42903,0.44311,0.45727,0.47148,0.48573,0.5,0.51427,0.52852,0.54273,0.55689,0.57097,0.58496,0.59884,0.61259,0.6262,0.63965,0.65292,0.666,0.67887,0.69152,0.70395,0.71613,0.72806,0.73972,0.75111,0.76222,0.77305,0.78358,0.79381,0.80374,0.81336,0.82268,0.83168,0.84038,0.84876,0.85684,0.86461,0.87208,0.87924,0.8861,0.89268,0.89896,0.90496,0.91069,0.91614,0.92133,0.92627,0.93095,0.93539,0.9396,0.94359,0.94735,0.95091,0.95426,0.95742,0.96039
0.041596,0.044656,0.047902,0.051342,0.054985,0.058837,0.062906,0.0672,0.071726,0.076493,0.081505,0.086772,0.092298,0.098091,0.10416,0.1105,0.11712,0.12404,0.13124,0.13874,0.14653,0.15463,0.16302,0.17172,0.18072,0.19001,0.19961,0.2095,0.21969,0.23016,0.24092,0.25195,0.26325,0.27482,0.28664,0.2987,0.311,0.32351,0.33624,0.34917,0.36227,0.37555,0.38898,0.40255,0.41624,0.43004,0.44392,0.45788,0.47189,0.48594,0.5,0.51406,0.52811,0.54212,0.55608,0.56996,0.58376,0.59745,0.61102,0.62445,0.63773,0.65083,0.66376,0.67649,0.689,0.7013,0.71336,0.72518,0.73675,0.74805,0.75908,0.76984,0.78031,0.7905,0.80039,0.80999,0.81928,0.82828,0.83698,0.84537,0.85347,0.86126,0.86876,0.87596,0.88288,0.8895,0.89584,0.90191,0.9077,0.91323,0.91849,0.92351,0.92827,0.9328,0.93709,0.94116,0.94502,0.94866,0.9521,0.95534,0.9584
0.043633,0.046779,0.050111,0.053637,0.057365,0.061302,0.065456,0.069832,0.074439,0.079283,0.084371,0.089709,0.095304,0.10116,0.10729,0.11368,0.12036,0.12731,0.13455,0.14208,0.14989,0.158,0.1664,0.17509,0.18408,0.19336,0.20292,0.21278,0.22291,0.23332,0.24401,0.25497,0.26618,0.27765,0.28936,0.3013,0.31347,0.32585,0.33843,0.35121,0.36415,0.37726,0.39052,0.40391,0.41742,0.43102,0.44472,0.45848,0.47229,0.48614,0.5,0.51386,0.52771,0.54152,0.55528,0.56898,0.58258,0.59609,0.60948,0.62274,0.63585,0.64879,0.66157,0.67415,0.68653,0.6987,0.71064,0.72235,0.73382,0.74503,0.75599,0.76668,0.77709,0.78722,0.79708,0.80664,0.81592,0.82491,0.8336,0.842,0.85011,0.85792,0.86545,0.87269,0.87964,0.88632,0.89271,0.89884,0.9047,0.91029,0.91563,0.92072,0.92556,0.93017,0.93454,0.9387,0.94263,0.94636,0.94989,0.95322,0.95637
0.045719,0.048949,0.052366,0.055977,0.059788,0.063808,0.068042,0.072498,0.077182,0.082101,0.087261,0.092667,0.098326,0.10424,0.11042,0.11687,0.12359,0.13058,0.13785,0.1454,0.15324,0.16135,0.16976,0.17844,0.18741,0.19667,0.2062,0.21601,0.22609,0.23645,0.24706,0.25794,0.26906,0.28043,0.29203,0.30386,0.3159,0.32815,0.34059,0.35321,0.366,0.37894,0.39203,0.40524,0.41857,0.43199,0.44549,0.45906,0.47268,0.48633,0.5,0.51367,0.52732,0.54094,0.55451,0.56801,0.58143,0.59476,0.60797,0.62106,0.634,0.64679,0.65941,0.67185,0.6841,0.69614,0.70797,0.71957,0.73094,0.74206,0.75294,0.76355,0.77391,0.78399,0.7938,0.80333,0.81259,0.82156,0.83024,0.83865,0.84676,0.8546,0.86215,0.86942,0.87641,0.88313,0.88958,0.89576,0.90167,0.90733,0.91274,0.9179,0.92282,0.9275,0.93196,0.93619,0.94021,0.94402,0.94763,0.95105,0.95428
0.047853,0.051166,0.054665,0.058358,0.062251,0.06635,0.070663,0.075195,0.079953,0.084943,0.090171,0.095642,0.10136,0.10733,0.11357,0.12006,0.12682,0.13384,0.14114,0.14871,0.15656,0.16469,0.17309,0.18176,0.19072,0.19994,0.20944,0.2192,0.22923,0.23952,0.25007,0.26086,0.27189,0.28316,0.29465,0.30636,0.31828,0.33039,0.34269,0.35517,0.3678,0.38059,0.3935,0.40655,0.41969,0.43293,0.44625,0.45964,0.47306,0.48652,0.5,0.51348,0.52694,0.54036,0.55375,0.56707,0.58031,0.59345,0.6065,0.61941,0.6322,0.64483,0.65731,0.66961,0.68172,0.69364,0.70535,0.71684,0.72811,0.73914,0.74993,0.76048,0.77077,0.7808,0.79056,0.80006,0.80928,0.81824,0.82691,0.83531,0.84344,0.85129,0.85886,0.86616,0.87318,0.87994,0.88643,0.89267,0.89864,0.90436,0.90983,0.91506,0.92005,0.92481,0.92934,0.93365,0.93775,0.94164,0.94533,0.94883,0.95215
0.050032,0.053425,0.057005,0.060777,0.064749,0.068925,0.073313,0.077919,0.082748,0.087806,0.093098,0.09863,0.10441,0.11043,0.11671,0.12324,0.13004,0.1371,0.14442,0.15201,0.15987,0.16799,0.17639,0.18505,0.19398,0.20318,0.21264,0.22236,0.23233,0.24255,0.25302,0.26373,0.27468,0.28585,0.29723,0.30882,0.32062,0.3326,0.34476,0.35709,0.36957,0.38219,0.39495,0.40782,0.4208,0.43386,0.447,0.46019,0.47344,0.48671,0.5,0.51329,0.52656,0.53981,0.553,0.56614,0.5792,0.59218,0.60505,0.61781,0.63043,0.64291,0.65524,0.6674,0.67938,0.69118,0.70277,0.71415,0.72532,0.73627,0.74698,0.75745,0.76767,0.77764,0.78736,0.79682,0.80602,0.81495,0.82361,0.83201,0.84013,0.84799,0.85558,0.8629,0.86996,0.87676,0.88329,0.88957,0.89559,0.90137,0.9069,0.91219,0.91725,0.92208,0.92669,0.93107,0.93525,0.93922,0.943,0.94657,0.94997
0.052252,0.055724,0.059382,0.063232,0.067279,0.071531,0.075991,0.080667,0.085563,0.090686,0.096039,0.10163,0.10746,0.11353,0.11985,0.12643,0.13325,0.14034,0.14768,0.15528,0.16315,0.17127,0.17966,0.18831,0.19722,0.20638,0.2158,0.22547,0.23538,0.24554,0.25594,0.26656,0.27742,0.28848,0.29976,0.31124,0.32291,0.33476,0.34679,0.35897,0.3713,0.38377,0.39636,0.40907,0.42187,0.43476,0.44772,0.46074,0.4738,0.48689,0.5,0.51311,0.5262,0.53926,0.55228,0.56524,0.57813,0.59093,0.60364,0.61623,0.6287,0.64103,0.65321,0.66524,0.67709,0.68876,0.70024,0.71152,0.72258,0.73344,0.74406,0.75446,0.76462,0.77453,0.7842,0.79362,0.80278,0.81169,0.82034,0.82873,0.83685,0.84472,0.85232,0.85966,0.86675,0.87357,0.88015,0.88647,0.89254,0.89837,0.90396,0.90931,0.91444,0.91933,0.92401,0.92847,0.93272,0.93677,0.94062,0.94428,0.94775
0.054512,0.058061,0.061795,0.06572,0.06984,0.074163,0.078693,0.083436,0.088397,0.093581,0.098992,0.10463,0.11051,0.11663,0.12299,0.1296,0.13646,0.14357,0.15092,0.15854,0.16641,0.17453,0.1829,0.19153,0.20041,0.20954,0.21892,0.22853,0.23839,0.24848,0.2588,0.26935,0.28011,0.29108,0.30225,0.31361,0.32516,0.33688,0.34877,0.36081,0.373,0.38531,0.39775,0.41029,0.42293,0.43565,0.44843,0.46128,0.47416,0.48707,0.5,0.51293,0.52584,0.53872,0.55157,0.56435,0.57707,0.58971,0.60225,0.61469,0.627,0.63919,0.65123,0.66312,0.67484,0.68639,0.69775,0.70892,0.71989,0.73065,0.7412,0.75152,0.76161,0.77147,0.78108,0.79046,0.79959,0.80847,0.8171,0.82547,0.83359,0.84146,0.84908,0.85643,0.86354,0.8704,0.87701,0.88337,0.88949,0.89537,0.90101,0.90642,0.9116,0.91656,0.92131,0.92584,0.93016,0.93428,0.9382,0.94194,0.94549
0.056808,0.060432,0.06424,0.068237,0.072428,0.07682,0.081416,0.086223,0.091245,0.096487,0.10195,0.10765,0.11357,0.11973,0.12613,0.13277,0.13965,0.14678,0.15415,0.16177,0.16964,0.17775,0.18611,0.19472,0.20357,0.21266,0.22199,0.23156,0.24136,0.25138,0.26163,0.27208,0.28275,0.29362,0.30469,0.31594,0.32737,0.33896,0.35071,0.36262,0.37466,0.38682,0.3991,0.41148,0.42396,0.43651,0.44913,0.4618,0.47451,0.48725,0.5,0.51275,0.52549,0.5382,0.55087,0.56349,0.57604,0.58852,0.6009,0.61318,0.62534,0.63738,0.64929,0.66104,0.67263,0.68406,0.69531,0.70638,0.71725,0.72792,0.73837,0.74862,0.75864,0.76844,0.77801,0.78734,0.79643,0.80528,0.81389,0.82225,0.83036,0.83823,0.84585,0.85322,0.86035,0.86723,0.87387,0.88027,0.88643,0.89235,0.89805,0.90351,0.90875,0.91378,0.91858,0.92318,0.92757,0.93176,0.93576,0.93957,0.94319
0.059139,0.062835,0.066714,0.070781,0.07504,0.079497,0.084158,0.089025,0.094105,0.099401,0.10492,0.11066,0.11662,0.12282,0.12925,0.13592,0.14282,0.14997,0.15735,0.16497,0.17284,0.18094,0.18929,0.19787,0.20669,0.21574,0.22503,0.23454,0.24428,0.25423,0.2644,0.27478,0.28535,0.29612,0.30708,0.31822,0.32953,0.341,0.35262,0.36438,0.37628,0.3883,0.40043,0.41265,0.42497,0.43736,0.44981,0.46231,0.47485,0.48742,0.5,0.51258,0.52515,0.53769,0.55019,0.56264,0.57503,0.58735,0.59957,0.6117,0.62372,0.63562,0.64738,0.659,0.67047,0.68178,0.69292,0.70388,0.71465,0.72522,0.7356,0.74577,0.75572,0.76546,0.77497,0.78426,0.79331,0.80213,0.81071,0.81906,0.82716,0.83503,0.84265,0.85003,0.85718,0.86408,0.87075,0.87718,0.88338,0.88934,0.89508,0.9006,0.90589,0.91097,0.91584,0.9205,0.92496,0.92922,0.93329,0.93716,0.94086
0.061501,0.065267,0.069215,0.073349,0.077673,0.082194,0.086915,0.09184,0.096975,0.10232,0.10789,0.11367,0.11968,0.12591,0.13237,0.13906,0.14598,0.15314,0.16053,0.16815,0.17601,0.1841,0.19243,0.20099,0.20977,0.21879,0.22802,0.23748,0.24715,0.25704,0.26713,0.27742,0.28791,0.29858,0.30943,0.32046,0.33165,0.343,0.35449,0.36612,0.37787,0.38974,0.40172,0.4138,0.42595,0.43818,0.45047,0.46281,0.47519,0.48759,0.5,0.51241,0.52481,0.53719,0.54953,0.56182,0.57405,0.5862,0.59828,0.61026,0.62213,0.63388,0.64551,0.657,0.66835,0.67954,0.69057,0.70142,0.71209,0.72258,0.73287,0.74296,0.75285,0.76252,0.77198,0.78121,0.79023,0.79901,0.80757,0.8159,0.82399,0.83185,0.83947,0.84686,0.85402,0.86094,0.86763,0.87409,0.88032,0.88633,0.89211,0.89768,0.90303,0.90816,0.91309,0.91781,0.92233,0.92665,0.93079,0.93473,0.9385
0.063892,0.067726,0.07174,0.075938,0.080325,0.084906,0.089684,0.094665,0.099851,0.10525,0.11085,0.11668,0.12272,0.12898,0.13547,0.14218,0.14912,0.15629,0.16368,0.1713,0.17915,0.18723,0.19554,0.20407,0.21282,0.22179,0.23098,0.24038,0.24999,0.2598,0.26981,0.28002,0.29042,0.30099,0.31174,0.32266,0.33373,0.34495,0.35632,0.36781,0.37943,0.39116,0.40299,0.41492,0.42692,0.43899,0.45112,0.4633,0.47551,0.48775,0.5,0.51225,0.52449,0.5367,0.54888,0.56101,0.57308,0.58508,0.59701,0.60884,0.62057,0.63219,0.64368,0.65505,0.66627,0.67734,0.68826,0.69901,0.70958,0.71998,0.73019,0.7402,0.75001,0.75962,0.76902,0.77821,0.78718,0.79593,0.80446,0.81277,0.82085,0.8287,0.83632,0.84371,0.85088,0.85782,0.86453,0.87102,0.87728,0.88332,0.88915,0.89475,0.90015,0.90534,0.91032,0.91509,0.91967,0.92406,0.92826,0.93227,0.93611
0.066309,0.070209,0.074286,0.078546,0.082993,0.087631,0.092465,0.097497,0.10273,0.10817,0.11382,0.11968,0.12576,0.13205,0.13856,0.14529,0.15224,0.15941,0.16681,0.17443,0.18227,0.19033,0.19861,0.20711,0.21582,0.22475,0.23389,0.24323,0.25278,0.26252,0.27245,0.28258,0.29288,0.30336,0.31401,0.32481,0.33577,0.34687,0.35811,0.36947,0.38096,0.39255,0.40423,0.41601,0.42786,0.43978,0.45176,0.46378,0.47583,0.48791,0.5,0.51209,0.52417,0.53622,0.54824,0.56022,0.57214,0.58399,0.59577,0.60745,0.61904,0.63053,0.64189,0.65313,0.66423,0.67519,0.68599,0.69664,0.70712,0.71742,0.72755,0.73748,0.74722,0.75677,0.76611,0.77525,0.78418,0.79289,0.80139,0.80967,0.81773,0.82557,0.83319,0.84059,0.84776,0.85471,0.86144,0.86795,0.87424,0.88032,0.88618,0.89183,0.89727,0.9025,0.90754,0.91237,0.91701,0.92145,0.92571,0.92979,0.93369
0.06875,0.072713,0.076851,0.081171,0.085675,0.090367,0.095252,0.10033,0.10561,0.1111,0.11678,0.12268,0.12878,0.1351,0.14163,0.14837,0.15534,0.16251,0.16991,0.17752,0.18535,0.19339,0.20164,0.21011,0.21878,0.22767,0.23675,0.24604,0.25552,0.26519,0.27505,0.28509,0.2953,0.30568,0.31623,0.32692,0.33777,0.34875,0.35987,0.3711,0.38245,0.3939,0.40545,0.41708,0.42879,0.44056,0.45238,0.46425,0.47615,0.48807,0.5,0.51193,0.52385,0.53575,0.54762,0.55944,0.57121,0.58292,0.59455,0.6061,0.61755,0.6289,0.64013,0.65125,0.66223,0.67308,0.68377,0.69432,0.7047,0.71491,0.72495,0.73481,0.74448,0.75396,0.76325,0.77233,0.78122,0.78989,0.79836,0.80661,0.81465,0.82248,0.83009,0.83749,0.84466,0.85163,0.85837,0.8649,0.87122,0.87732,0.88322,0.8889,0.89439,0.89967,0.90475,0.90963,0.91433,0.91883,0.92315,0.92729,0.93125
0.071213,0.075236,0.079433,0.083809,0.088368,0.093112,0.098046,0.10317,0.1085,0.11402,0.11974,0.12566,0.1318,0.13814,0.14468,0.15144,0.15841,0.16559,0.17298,0.18058,0.18839,0.19641,0.20464,0.21307,0.22171,0.23054,0.23958,0.2488,0.25822,0.26782,0.2776,0.28756,0.29768,0.30797,0.31841,0.329,0.33973,0.3506,0.36159,0.3727,0.38391,0.39523,0.40664,0.41813,0.42969,0.44132,0.45299,0.46471,0.47645,0.48822,0.5,0.51178,0.52355,0.53529,0.54701,0.55868,0.57031,0.58187,0.59336,0.60477,0.61609,0.6273,0.63841,0.6494,0.66027,0.671,0.68159,0.69203,0.70232,0.71244,0.7224,0.73218,0.74178,0.7512,0.76042,0.76946,0.77829,0.78693,0.79536,0.80359,0.81161,0.81942,0.82702,0.83441,0.84159,0.84856,0.85532,0.86186,0.8682,0.87434,0.88026,0.88598,0.8915,0.89683,0.90195,0.90689,0.91163,0.91619,0.92057,0.92476,0.92879
0.073695,0.077776,0.082029,0.086459,0.091069,0.095863,0.10084,0.10601,0.11137,0.11693,0.12269,0.12864,0.1348,0.14115,0.14772,0.15448,0.16146,0.16864,0.17602,0.18361,0.1914,0.1994,0.2076,0.216,0.22459,0.23338,0.24236,0.25153,0.26088,0.27041,0.28011,0.28998,0.30001,0.3102,0.32055,0.33103,0.34165,0.3524,0.36327,0.37426,0.38535,0.39653,0.40781,0.41916,0.43058,0.44206,0.45358,0.46515,0.47675,0.48837,0.5,0.51163,0.52325,0.53485,0.54642,0.55794,0.56942,0.58084,0.59219,0.60347,0.61465,0.62574,0.63673,0.6476,0.65835,0.66897,0.67945,0.6898,0.69999,0.71002,0.71989,0.72959,0.73912,0.74847,0.75764,0.76662,0.77541,0.784,0.7924,0.8006,0.8086,0.81639,0.82398,0.83136,0.83854,0.84552,0.85228,0.85885,0.8652,0.87136,0.87731,0.88307,0.88863,0.89399,0.89916,0.90414,0.90893,0.91354,0.91797,0.92222,0.92631
0.076193,0.08033,0.084637,0.089118,0.093777,0.098617,0.10364,0.10885,0.11425,0.11984,0.12562,0.1316,0.13778,0.14416,0.15073,0.15751,0.16448,0.17166,0.17903,0.18661,0.19438,0.20235,0.21052,0.21888,0.22744,0.23618,0.2451,0.25421,0.26349,0.27295,0.28257,0.29236,0.30231,0.3124,0.32264,0.33302,0.34354,0.35417,0.36493,0.37579,0.38675,0.39781,0.40895,0.42016,0.43144,0.44278,0.45417,0.46559,0.47705,0.48852,0.5,0.51148,0.52295,0.53441,0.54583,0.55722,0.56856,0.57984,0.59105,0.60219,0.61325,0.62421,0.63507,0.64583,0.65646,0.66698,0.67736,0.6876,0.69769,0.70764,0.71743,0.72705,0.73651,0.74579,0.7549,0.76382,0.77256,0.78112,0.78948,0.79765,0.80562,0.81339,0.82097,0.82834,0.83552,0.84249,0.84927,0.85584,0.86222,0.8684,0.87438,0.88016,0.88575,0.89115,0.89636,0.90138,0.90622,0.91088,0.91536,0.91967,0.92381
0.078706,0.082896,0.087255,0.091785,0.09649,0.10137,0.10644,0.11169,0.11712,0.12274,0.12855,0.13455,0.14075,0.14714,0.15372,0.1605,0.16748,0.17465,0.18201,0.18957,0.19733,0.20527,0.21341,0.22173,0.23024,0.23893,0.2478,0.25685,0.26606,0.27545,0.285,0.2947,0.30456,0.31456,0.3247,0.33498,0.34539,0.35591,0.36655,0.37729,0.38813,0.39905,0.41006,0.42115,0.43229,0.44349,0.45474,0.46602,0.47733,0.48866,0.5,0.51134,0.52267,0.53398,0.54526,0.55651,0.56771,0.57885,0.58994,0.60095,0.61187,0.62271,0.63345,0.64409,0.65461,0.66502,0.6753,0.68544,0.69544,0.7053,0.715,0.72455,0.73394,0.74315,0.7522,0.76107,0.76976,0.77827,0.78659,0.79473,0.80267,0.81043,0.81799,0.82535,0.83252,0.8395,0.84628,0.85286,0.85925,0.86545,0.87145,0.87726,0.88288,0.88831,0.89356,0.89863,0.90351,0.90821,0.91275,0.9171,0.92129
0.081232,0.085473,0.08988,0.094457,0.099206,0.10413,0.10923,0.11452,0.11998,0.12563,0.13146,0.13749,0.1437,0.1501,0.15669,0.16347,0.17044,0.17761,0.18496,0.1925,0.20024,0.20815,0.21625,0.22454,0.233,0.24164,0.25046,0.25944,0.26859,0.27791,0.28738,0.297,0.30677,0.31668,0.32672,0.3369,0.3472,0.35761,0.36813,0.37876,0.38947,0.40028,0.41116,0.42211,0.43312,0.44419,0.45529,0.46644,0.47761,0.4888,0.5,0.5112,0.52239,0.53356,0.54471,0.55581,0.56688,0.57789,0.58884,0.59972,0.61053,0.62124,0.63187,0.64239,0.6528,0.6631,0.67328,0.68332,0.69323,0.703,0.71262,0.72209,0.73141,0.74056,0.74954,0.75836,0.767,0.77546,0.78375,0.79185,0.79976,0.8075,0.81504,0.82239,0.82956,0.83653,0.84331,0.8499,0.8563,0.86251,0.86854,0.87437,0.88002,0.88548,0.89077,0.89587,0.90079,0.90554,0.91012,0.91453,0.91877
0.083768,0.088057,0.092511,0.097132,0.10192,0.10689,0.11202,0.11734,0.12283,0.12851,0.13436,0.1404,0.14663,0.15304,0.15963,0.16642,0.17339,0.18054,0.18788,0.1954,0.20311,0.211,0.21906,0.22731,0.23573,0.24432,0.25307,0.262,0.27108,0.28032,0.28972,0.29926,0.30894,0.31876,0.32871,0.33878,0.34897,0.35928,0.36969,0.38019,0.39079,0.40147,0.41223,0.42305,0.43393,0.44486,0.45584,0.46685,0.47789,0.48894,0.5,0.51106,0.52211,0.53315,0.54416,0.55514,0.56607,0.57695,0.58777,0.59853,0.60921,0.61981,0.63031,0.64072,0.65103,0.66122,0.67129,0.68124,0.69106,0.70074,0.71028,0.71968,0.72892,0.738,0.74693,0.75568,0.76427,0.77269,0.78094,0.789,0.79689,0.8046,0.81212,0.81946,0.82661,0.83358,0.84037,0.84696,0.85337,0.8596,0.86564,0.87149,0.87717,0.88266,0.88798,0.89311,0.89808,0.90287,0.90749,0.91194,0.91623
0.086313,0.090648,0.095146,0.099808,0.10464,0.10964,0.11481,0.12015,0.12567,0.13137,0.13725,0.1433,0.14954,0.15596,0.16255,0.16933,0.1763,0.18344,0.19076,0.19827,0.20595,0.2138,0.22183,0.23004,0.23841,0.24695,0.25565,0.26451,0.27353,0.2827,0.29202,0.30147,0.31107,0.3208,0.33065,0.34063,0.35072,0.36091,0.37121,0.3816,0.39208,0.40264,0.41328,0.42397,0.43473,0.44553,0.45637,0.46725,0.47815,0.48907,0.5,0.51093,0.52185,0.53275,0.54363,0.55447,0.56527,0.57603,0.58672,0.59736,0.60792,0.6184,0.62879,0.63909,0.64928,0.65937,0.66935,0.6792,0.68893,0.69853,0.70798,0.7173,0.72647,0.73549,0.74435,0.75305,0.76159,0.76996,0.77817,0.7862,0.79405,0.80173,0.80924,0.81656,0.8237,0.83067,0.83745,0.84404,0.85046,0.8567,0.86275,0.86863,0.87433,0.87985,0.88519,0.89036,0.89536,0.90019,0.90485,0.90935,0.91369
0.088864,0.093244,0.097783,0.10248,0.10735,0.11238,0.11758,0.12296,0.1285,0.13422,0.14011,0.14618,0.15243,0.15885,0.16545,0.17223,0.17918,0.18631,0.19362,0.2011,0.20875,0.21657,0.22457,0.23273,0.24105,0.24954,0.25819,0.26699,0.27594,0.28503,0.29427,0.30365,0.31316,0.3228,0.33256,0.34244,0.35243,0.36252,0.37271,0.38299,0.39335,0.40379,0.4143,0.42488,0.43551,0.44618,0.4569,0.46765,0.47842,0.4892,0.5,0.5108,0.52158,0.53235,0.5431,0.55382,0.56449,0.57512,0.5857,0.59621,0.60665,0.61701,0.62729,0.63748,0.64757,0.65756,0.66744,0.6772,0.68684,0.69635,0.70573,0.71497,0.72406,0.73301,0.74181,0.75046,0.75895,0.76727,0.77543,0.78343,0.79125,0.7989,0.80638,0.81369,0.82082,0.82777,0.83455,0.84115,0.84757,0.85382,0.85989,0.86578,0.8715,0.87704,0.88242,0.88762,0.89265,0.89752,0.90222,0.90676,0.91114
0.091421,0.095842,0.10042,0.10516,0.11006,0.11512,0.12035,0.12575,0.13132,0.13705,0.14296,0.14904,0.15529,0.16172,0.16832,0.17509,0.18203,0.18915,0.19643,0.20389,0.21152,0.21931,0.22726,0.23538,0.24366,0.25209,0.26068,0.26942,0.2783,0.28733,0.29649,0.30579,0.31522,0.32477,0.33444,0.34422,0.3541,0.36409,0.37417,0.38434,0.39459,0.40492,0.41531,0.42576,0.43627,0.44682,0.45741,0.46803,0.47867,0.48933,0.5,0.51067,0.52133,0.53197,0.54259,0.55318,0.56373,0.57424,0.58469,0.59508,0.60541,0.61566,0.62583,0.63591,0.6459,0.65578,0.66556,0.67523,0.68478,0.69421,0.70351,0.71267,0.7217,0.73058,0.73932,0.74791,0.75634,0.76462,0.77274,0.78069,0.78848,0.79611,0.80357,0.81085,0.81797,0.82491,0.83168,0.83828,0.84471,0.85096,0.85704,0.86295,0.86868,0.87425,0.87965,0.88488,0.88994,0.89484,0.89958,0.90416,0.90858
0.09398,0.098441,0.10306,0.10783,0.11276,0.11785,0.12311,0.12853,0.13412,0.13987,0.14579,0.15188,0.15814,0.16456,0.17116,0.17792,0.18485,0.19195,0.19922,0.20665,0.21425,0.222,0.22992,0.238,0.24623,0.25461,0.26314,0.27181,0.28063,0.28959,0.29868,0.30789,0.31724,0.3267,0.33627,0.34596,0.35575,0.36563,0.37561,0.38567,0.39581,0.40602,0.41629,0.42663,0.43701,0.44744,0.45791,0.46841,0.47893,0.48946,0.5,0.51054,0.52107,0.53159,0.54209,0.55256,0.56299,0.57337,0.58371,0.59398,0.60419,0.61433,0.62439,0.63437,0.64425,0.65404,0.66373,0.6733,0.68276,0.69211,0.70132,0.71041,0.71937,0.72819,0.73686,0.74539,0.75377,0.762,0.77008,0.778,0.78575,0.79335,0.80078,0.80805,0.81515,0.82208,0.82884,0.83544,0.84186,0.84812,0.85421,0.86013,0.86588,0.87147,0.87689,0.88215,0.88724,0.89217,0.89694,0.90156,0.90602
0.096541,0.10104,0.10569,0.11049,0.11546,0.12058,0.12586,0.1313,0.1369,0.14267,0.1486,0.15469,0.16095,0.16738,0.17397,0.18072,0.18764,0.19473,0.20197,0.20938,0.21694,0.22466,0.23254,0.24057,0.24875,0.25708,0.26555,0.27417,0.28292,0.2918,0.30082,0.30996,0.31922,0.32859,0.33808,0.34767,0.35736,0.36714,0.37701,0.38697,0.397,0.4071,0.41726,0.42748,0.43775,0.44806,0.4584,0.46878,0.47917,0.48958,0.5,0.51042,0.52083,0.53122,0.5416,0.55194,0.56225,0.57252,0.58274,0.5929,0.603,0.61303,0.62299,0.63286,0.64264,0.65233,0.66192,0.67141,0.68078,0.69004,0.69918,0.7082,0.71708,0.72583,0.73445,0.74292,0.75125,0.75943,0.76746,0.77534,0.78306,0.79062,0.79803,0.80527,0.81236,0.81928,0.82603,0.83262,0.83905,0.84531,0.8514,0.85733,0.8631,0.8687,0.87414,0.87942,0.88454,0.88951,0.89431,0.89896,0.90346
0.099103,0.10364,0.10832,0.11315,0.11814,0.12329,0.12859,0.13405,0.13967,0.14545,0.15139,0.15749,0.16375,0.17017,0.17676,0.1835,0.1904,0.19747,0.20469,0.21207,0.2196,0.22729,0.23512,0.24311,0.25124,0.25952,0.26793,0.27649,0.28517,0.29398,0.30292,0.31199,0.32116,0.33045,0.33985,0.34935,0.35894,0.36863,0.37839,0.38824,0.39817,0.40816,0.41821,0.42831,0.43846,0.44866,0.45888,0.46914,0.47941,0.4897,0.5,0.5103,0.52059,0.53086,0.54112,0.55134,0.56154,0.57169,0.58179,0.59184,0.60183,0.61176,0.62161,0.63137,0.64106,0.65065,0.66015,0.66955,0.67884,0.68801,0.69708,0.70602,0.71483,0.72351,0.73207,0.74048,0.74876,0.75689,0.76488,0.77271,0.7804,0.78793,0.79531,0.80253,0.8096,0.8165,0.82324,0.82983,0.83625,0.84251,0.84861,0.85455,0.86033,0.86595,0.87141,0.87671,0.88186,0.88685,0.89168,0.89636,0.9009
0.10166,0.10623,0.11094,0.11581,0.12082,0.12599,0.13131,0.13679,0.14242,0.14821,0.15415,0.16026,0.16652,0.17294,0.17951,0.18624,0.19313,0.20018,0.20737,0.21472,0.22222,0.22987,0.23767,0.24561,0.25369,0.26192,0.27027,0.27876,0.28738,0.29613,0.30499,0.31398,0.32307,0.33228,0.34159,0.35099,0.36049,0.37008,0.37975,0.38949,0.39931,0.40919,0.41913,0.42913,0.43916,0.44924,0.45935,0.46949,0.47965,0.48982,0.5,0.51018,0.52035,0.53051,0.54065,0.55076,0.56084,0.57087,0.58087,0.59081,0.60069,0.61051,0.62025,0.62992,0.63951,0.64901,0.65841,0.66772,0.67693,0.68602,0.69501,0.70387,0.71262,0.72124,0.72973,0.73808,0.74631,0.75439,0.76233,0.77013,0.77778,0.78528,0.79263,0.79982,0.80687,0.81376,0.82049,0.82706,0.83348,0.83974,0.84585,0.85179,0.85758,0.86321,0.86869,0.87401,0.87918,0.88419,0.88906,0.89377,0.89834
0.10422,0.10882,0.11356,0.11845,0.12349,0.12868,0.13401,0.13951,0.14515,0.15095,0.1569,0.163,0.16926,0.17567,0.18224,0.18896,0.19583,0.20285,0.21003,0.21735,0.22481,0.23243,0.24018,0.24808,0.25611,0.26428,0.27258,0.28101,0.28956,0.29823,0.30703,0.31593,0.32495,0.33407,0.34329,0.35261,0.36201,0.37151,0.38108,0.39072,0.40043,0.41021,0.42004,0.42992,0.43985,0.44982,0.45982,0.46984,0.47988,0.48994,0.5,0.51006,0.52012,0.53016,0.54018,0.55018,0.56015,0.57008,0.57996,0.58979,0.59957,0.60928,0.61892,0.62849,0.63799,0.64739,0.65671,0.66593,0.67505,0.68407,0.69297,0.70177,0.71044,0.71899,0.72742,0.73572,0.74389,0.75192,0.75982,0.76757,0.77519,0.78265,0.78997,0.79715,0.80417,0.81104,0.81776,0.82433,0.83074,0.837,0.8431,0.84905,0.85485,0.86049,0.86599,0.87132,0.87651,0.88155,0.88644,0.89118,0.89578
0.10677,0.1114,0.11617,0.12108,0.12614,0.13135,0.1367,0.14221,0.14786,0.15367,0.15962,0.16572,0.17198,0.17839,0.18494,0.19164,0.1985,0.2055,0.21264,0.21993,0.22737,0.23494,0.24265,0.2505,0.25849,0.2666,0.27484,0.28321,0.2917,0.30031,0.30903,0.31786,0.32679,0.33583,0.34497,0.35419,0.36351,0.3729,0.38238,0.39192,0.40153,0.41121,0.42093,0.43071,0.44053,0.45038,0.46027,0.47018,0.48011,0.49005,0.5,0.50995,0.51989,0.52982,0.53973,0.54962,0.55947,0.56929,0.57907,0.58879,0.59847,0.60808,0.61762,0.6271,0.63649,0.64581,0.65503,0.66417,0.67321,0.68214,0.69097,0.69969,0.7083,0.71679,0.72516,0.7334,0.74151,0.7495,0.75735,0.76506,0.77263,0.78007,0.78736,0.7945,0.8015,0.80836,0.81506,0.82161,0.82802,0.83428,0.84038,0.84633,0.85214,0.85779,0.8633,0.86865,0.87386,0.87892,0.88383,0.8886,0.89323
0.10932,0.11397,0.11877,0.1237,0.12878,0.13401,0.13938,0.14489,0.15055,0.15636,0.16232,0.16842,0.17467,0.18107,0.18761,0.1943,0.20113,0.20811,0.21523,0.22249,0.22989,0.23742,0.24509,0.2529,0.26083,0.26889,0.27707,0.28538,0.2938,0.30234,0.31099,0.31975,0.3286,0.33756,0.34661,0.35575,0.36497,0.37428,0.38365,0.3931,0.40261,0.41218,0.4218,0.43147,0.44119,0.45093,0.46071,0.47051,0.48033,0.49016,0.5,0.50984,0.51967,0.52949,0.53929,0.54907,0.55881,0.56853,0.5782,0.58782,0.59739,0.6069,0.61635,0.62572,0.63503,0.64425,0.65339,0.66244,0.6714,0.68025,0.68901,0.69766,0.7062,0.71462,0.72293,0.73111,0.73917,0.7471,0.75491,0.76258,0.77011,0.77751,0.78477,0.79189,0.79887,0.8057,0.81239,0.81893,0.82533,0.83158,0.83768,0.84364,0.84945,0.85511,0.86062,0.86599,0.87122,0.8763,0.88123,0.88603,0.89068
0.11186,0.11654,0.12136,0.12631,0.13141,0.13665,0.14203,0.14756,0.15322,0.15904,0.16499,0.17109,0.17734,0.18372,0.19025,0.19692,0.20374,0.21069,0.21778,0.22501,0.23237,0.23987,0.24749,0.25525,0.26313,0.27114,0.27927,0.28751,0.29587,0.30434,0.31292,0.3216,0.33038,0.33926,0.34822,0.35728,0.36641,0.37562,0.38491,0.39426,0.40367,0.41314,0.42266,0.43223,0.44183,0.45147,0.46114,0.47084,0.48055,0.49027,0.5,0.50973,0.51945,0.52916,0.53886,0.54853,0.55817,0.56777,0.57734,0.58686,0.59633,0.60574,0.61509,0.62438,0.63359,0.64272,0.65178,0.66074,0.66962,0.6784,0.68708,0.69566,0.70413,0.71249,0.72073,0.72886,0.73687,0.74475,0.75251,0.76013,0.76763,0.77499,0.78222,0.78931,0.79626,0.80308,0.80975,0.81628,0.82266,0.82891,0.83501,0.84096,0.84678,0.85244,0.85797,0.86335,0.86859,0.87369,0.87864,0.88346,0.88814
0.11439,0.1191,0.12394,0.12891,0.13402,0.13928,0.14467,0.1502,0.15587,0.16169,0.16764,0.17374,0.17997,0.18635,0.19286,0.19952,0.20631,0.21324,0.2203,0.22749,0.23482,0.24228,0.24986,0.25757,0.2654,0.27336,0.28143,0.28961,0.29791,0.30631,0.31482,0.32342,0.33213,0.34092,0.34981,0.35878,0.36782,0.37694,0.38614,0.39539,0.40471,0.41408,0.4235,0.43296,0.44247,0.45201,0.46157,0.47116,0.48076,0.49038,0.5,0.50962,0.51924,0.52884,0.53843,0.54799,0.55753,0.56704,0.5765,0.58592,0.59529,0.60461,0.61386,0.62306,0.63218,0.64122,0.65019,0.65908,0.66787,0.67658,0.68518,0.69369,0.70209,0.71039,0.71857,0.72664,0.7346,0.74243,0.75014,0.75772,0.76518,0.77251,0.7797,0.78676,0.79369,0.80048,0.80714,0.81365,0.82003,0.82626,0.83236,0.83831,0.84413,0.8498,0.85533,0.86072,0.86598,0.87109,0.87606,0.8809,0.88561
0.11692,0.12164,0.1265,0.13149,0.13662,0.14189,0.14729,0.15283,0.1585,0.16432,0.17027,0.17636,0.18258,0.18895,0.19545,0.20208,0.20885,0.21575,0.22278,0.22995,0.23724,0.24465,0.25219,0.25986,0.26764,0.27554,0.28355,0.29168,0.29991,0.30824,0.31668,0.32522,0.33384,0.34256,0.35136,0.36025,0.36921,0.37824,0.38734,0.3965,0.40573,0.415,0.42432,0.43369,0.44309,0.45253,0.46199,0.47147,0.48097,0.49048,0.5,0.50952,0.51903,0.52853,0.53801,0.54747,0.55691,0.56631,0.57568,0.585,0.59427,0.6035,0.61266,0.62176,0.63079,0.63975,0.64864,0.65744,0.66616,0.67478,0.68332,0.69176,0.70009,0.70832,0.71645,0.72446,0.73236,0.74014,0.74781,0.75535,0.76276,0.77005,0.77722,0.78425,0.79115,0.79792,0.80455,0.81105,0.81742,0.82364,0.82973,0.83568,0.8415,0.84717,0.85271,0.85811,0.86338,0.86851,0.8735,0.87836,0.88308
0.11944,0.12418,0.12906,0.13406,0.1392,0.14448,0.14989,0.15543,0.16111,0.16692,0.17287,0.17895,0.18517,0.19152,0.198,0.20461,0.21136,0.21823,0.22524,0.23236,0.23962,0.247,0.25449,0.26211,0.26984,0.27769,0.28564,0.29371,0.30188,0.31015,0.31851,0.32698,0.33553,0.34417,0.35289,0.36169,0.37057,0.37951,0.38852,0.3976,0.40672,0.4159,0.42513,0.4344,0.4437,0.45304,0.4624,0.47178,0.48118,0.49059,0.5,0.50941,0.51882,0.52822,0.5376,0.54696,0.5563,0.5656,0.57487,0.5841,0.59328,0.6024,0.61148,0.62049,0.62943,0.63831,0.64711,0.65583,0.66447,0.67302,0.68149,0.68985,0.69812,0.70629,0.71436,0.72231,0.73016,0.73789,0.74551,0.753,0.76038,0.76764,0.77476,0.78177,0.78864,0.79539,0.802,0.80848,0.81483,0.82105,0.82713,0.83308,0.83889,0.84457,0.85011,0.85552,0.8608,0.86594,0.87094,0.87582,0.88056
0.12194,0.1267,0.1316,0.13662,0.14177,0.14705,0.15247,0.15801,0.16369,0.1695,0.17545,0.18152,0.18772,0.19406,0.20052,0.20712,0.21384,0.22068,0.22766,0.23475,0.24197,0.2493,0.25676,0.26433,0.27201,0.2798,0.2877,0.29571,0.30381,0.31202,0.32032,0.32871,0.33719,0.34575,0.35439,0.36311,0.3719,0.38076,0.38969,0.39867,0.4077,0.41679,0.42592,0.43509,0.4443,0.45354,0.4628,0.47208,0.48138,0.49069,0.5,0.50931,0.51862,0.52792,0.5372,0.54646,0.5557,0.56491,0.57408,0.58321,0.5923,0.60133,0.61031,0.61924,0.6281,0.63689,0.64561,0.65425,0.66281,0.67129,0.67968,0.68798,0.69619,0.70429,0.7123,0.7202,0.72799,0.73567,0.74324,0.7507,0.75803,0.76525,0.77234,0.77932,0.78616,0.79288,0.79948,0.80594,0.81228,0.81848,0.82455,0.8305,0.83631,0.84199,0.84753,0.85295,0.85823,0.86338,0.8684,0.8733,0.87806
0.12443,0.12921,0.13412,0.13916,0.14432,0.14961,0.15503,0.16058,0.16625,0.17206,0.178,0.18406,0.19025,0.19657,0.20302,0.20959,0.21628,0.2231,0.23004,0.2371,0.24428,0.25158,0.25899,0.26651,0.27414,0.28188,0.28973,0.29767,0.30571,0.31385,0.32209,0.33041,0.33881,0.3473,0.35586,0.3645,0.37321,0.38199,0.39082,0.39972,0.40866,0.41766,0.4267,0.43577,0.44489,0.45403,0.46319,0.47238,0.48158,0.49079,0.5,0.50921,0.51842,0.52762,0.53681,0.54597,0.55511,0.56423,0.5733,0.58234,0.59134,0.60028,0.60918,0.61801,0.62679,0.6355,0.64414,0.6527,0.66119,0.66959,0.67791,0.68615,0.69429,0.70233,0.71027,0.71812,0.72586,0.73349,0.74101,0.74842,0.75572,0.7629,0.76996,0.7769,0.78372,0.79041,0.79698,0.80343,0.80975,0.81594,0.822,0.82794,0.83375,0.83942,0.84497,0.85039,0.85568,0.86084,0.86588,0.87079,0.87557
0.12692,0.13171,0.13663,0.14168,0.14685,0.15214,0.15757,0.16312,0.16879,0.17459,0.18052,0.18657,0.19275,0.19906,0.20548,0.21203,0.2187,0.22549,0.2324,0.23943,0.24657,0.25382,0.26119,0.26866,0.27624,0.28393,0.29172,0.2996,0.30759,0.31566,0.32383,0.33208,0.34041,0.34882,0.35731,0.36587,0.3745,0.38319,0.39194,0.40075,0.40961,0.41851,0.42746,0.43644,0.44546,0.45451,0.46358,0.47267,0.48177,0.49088,0.5,0.50912,0.51823,0.52733,0.53642,0.54549,0.55454,0.56356,0.57254,0.58149,0.59039,0.59925,0.60806,0.61681,0.6255,0.63413,0.64269,0.65118,0.65959,0.66792,0.67617,0.68434,0.69241,0.7004,0.70828,0.71607,0.72376,0.73134,0.73881,0.74618,0.75343,0.76057,0.7676,0.77451,0.7813,0.78797,0.79452,0.80094,0.80725,0.81343,0.81948,0.82541,0.83121,0.83688,0.84243,0.84786,0.85315,0.85832,0.86337,0.86829,0.87308
