417.79,327.9,450.31,388.76,405.84,419.5,411.82,411.97,400.17,284.64,376.81,449.38,340.49,347.87,363.25,359.92,397.06,317.91,352.42,307.26,371.86,357.01,334.87,310.56,299.83,326.11,293.58,283.97,313.38,273.53,236.41,258.21,214.95,240.78,232.46,196.73,180.28,174.47,170.02,136.33,119.53,111.71,89.23,69.2,66.64,23.65,23.36,22.57,22.76,20.98,7.68,9.61,7.69,4.91,4.13,4.22,2.49,3.07,2.82,2.32,2.55,1.71,1.92,1.85,1.43,1.52,1.51,1.55,1.5,1.43,1.38,1.28,1.34,1.18,1.21,1.22,1.11,1.16,1.14,1.11,1.17,1.13,1.08,1.02,1.04,1.03,1.08,1.03,1.03,1.04,1.08,1.04,1.01,1.02,1.01,1.03,1.03,1.03,1,1.01,1.01
390.61,341.33,443.9,389.19,316.93,345.12,401.1,345.64,361.61,346.35,370.05,411.36,374.73,385.23,348.89,331.16,363.21,341.37,332.6,336.28,367.85,431.09,306.76,280.66,225.23,316.39,312.16,311.12,329.41,333.24,242.57,255.86,194.01,176.29,164.07,195.22,191.71,142.03,139.62,153.31,145.97,103.33,88.21,48.02,42.47,42.87,36.04,27.61,21.67,14.24,8.76,7.3,6.47,5.28,5.26,4.06,3.43,2.58,2.99,2.4,2.1,1.59,1.64,1.93,1.44,1.59,1.38,1.39,1.41,1.38,1.29,1.34,1.18,1.25,1.22,1.13,1.1,1.16,1.06,1.14,1.16,1.09,1.11,1.06,1.07,1.08,1.05,1.03,1.04,1.04,1.06,1.04,1.01,1,1.02,1.02,1.03,1.01,1,1.01,1
419.44,385.91,329.52,418.94,405.73,395.22,331.06,386.19,393.59,437.05,383.18,334.34,382.42,341.17,385.81,347.63,368.24,378.64,363.33,350.5,308.34,298.95,298,323.97,399.97,258.07,319.66,346.46,267.25,260.68,233.63,285.63,261.03,268.37,252.21,190.01,196.93,141.59,149.92,142.3,141.45,112.63,85.57,58.12,55.14,58.28,46.47,23.33,16.11,11.99,8.51,6.93,7.15,3.99,3.19,3.48,3.3,3.26,2.39,2.28,2.06,2.36,2.24,1.61,1.56,1.59,1.35,1.41,1.45,1.25,1.24,1.37,1.37,1.2,1.35,1.11,1.19,1.11,1.1,1.11,1.09,1.05,1.09,1.12,1.04,1.04,1.05,1.02,1.06,1.06,1.04,1.03,1.03,1.04,1.02,1.02,1,1.01,1.02,1.03,1.01
361.58,436.08,391.54,413.53,375.95,389.53,323.67,421.55,413.68,400.31,369.06,369.15,327.33,395.31,336.52,306.33,287.08,339.42,399.63,357.38,331.08,348.96,216.66,294.85,322.33,332.12,312.88,328.18,309.87,343.35,300.14,222.61,263.01,229.75,270.28,190.05,257.78,205.06,147.34,113.78,121.84,81.58,98.12,63.65,54.66,55.76,42.12,20.95,15.62,16.45,10.17,12,4.6,5.65,4.8,3.73,3.55,2.6,2.09,2.59,1.99,1.85,1.75,1.77,1.82,1.68,1.39,1.48,1.48,1.37,1.17,1.49,1.3,1.29,1.12,1.18,1.15,1.15,1.17,1.12,1.11,1.08,1.06,1.11,1.12,1.03,1.05,1.05,1.03,1.01,1.04,1.03,1.01,1.04,1.01,1.05,1.02,1,1.02,1.02,1.01
404.44,345.61,408.23,321.21,357.07,401.91,323.19,421.35,421,346.65,416.13,368.13,380.08,363.26,393.72,433.03,353.5,336.24,374.07,380.03,353.26,374.28,328.32,287.27,267.78,307.29,263.04,321.61,324.49,234.34,238.83,240.3,248.61,261.71,174.89,172.2,172.27,174.34,113.4,156.8,138.84,107.29,62.74,59.54,61.21,37.16,21.95,15.34,18.02,8.27,12.81,8.9,7.09,6.19,4.46,3.87,3.48,2.4,2.49,2.5,2.55,2.09,2,1.88,1.48,1.34,1.39,1.49,1.53,1.25,1.31,1.41,1.25,1.23,1.21,1.25,1.18,1.22,1.21,1.14,1.15,1.05,1.1,1.04,1.07,1.08,1.08,1.06,1.03,1.04,1.05,1.06,1.04,1.07,1.01,1.02,1.01,1,1.02,1.02,1.02
376.68,339.69,364.49,329.49,394.64,354.02,443.39,311.4,309.41,408.34,351.54,347.07,383.03,363.32,398.87,318.26,367.44,382.44,373.78,373.58,297.96,345.61,318.15,343.93,314.94,328.54,318.75,296.58,290.39,271.79,278.43,240.29,224.73,199.37,209,158.38,176.52,193.32,153.35,125.66,110.6,123.81,75.57,86.17,47.75,37.27,31.26,23.18,19.32,7.04,13.63,5.17,5.72,5.3,5.15,3.44,2.53,2.9,2.64,2.33,1.77,1.87,1.97,1.65,1.97,1.81,1.59,1.41,1.32,1.35,1.54,1.32,1.4,1.17,1.22,1.21,1.36,1.18,1.15,1.12,1.1,1.11,1.08,1.09,1.06,1.1,1.07,1.05,1.04,1.05,1.04,1.03,1.03,1.03,1,1.04,1.02,1.04,1.03,1.03,1
416.55,429.31,366.09,342.3,366.47,336.76,363.27,384.71,381.38,383.58,387.69,382.59,375.36,344.86,368.24,413.93,373.44,314.8,303.38,320.36,321.24,327.95,299.9,406.28,341.74,341.54,296.27,288.61,255.25,310.22,222.58,231.7,163.25,210.81,188.27,176.06,147.4,158.24,158.36,129.26,87.41,111.88,95.96,75.93,64.49,18.67,35.13,24.43,22.77,13.15,9.12,5.64,5.81,4.76,5.21,3.33,2.98,3.07,2.63,2.85,2.18,2.05,1.9,1.61,1.63,1.54,1.55,1.48,1.36,1.35,1.49,1.25,1.21,1.23,1.13,1.21,1.23,1.13,1.13,1.17,1.1,1.18,1.11,1.12,1.07,1.06,1.02,1.04,1.04,1.05,1.03,1.05,1.03,1.03,1.02,1.01,1,1.01,1.04,1.01,1.01
398.92,396.61,333.75,395.62,339.31,367.89,382.16,399.56,402.79,390.43,396.05,368.97,387.43,364.52,365.42,366.4,284.19,344.72,390.52,340.09,402.15,327.31,367.89,320.61,309.16,295.84,335.85,264.62,232.4,277.36,292.35,268.91,246.33,185.88,247.03,177.84,178.91,178.9,110,175.77,136.66,107.75,68.55,91.35,33.11,36.09,24.3,21.29,18.71,14.82,11.69,12.35,7.27,4.14,4.27,3.97,3.12,2.98,3.31,2.39,2.26,1.77,1.61,1.88,1.78,1.5,1.61,1.68,1.32,1.35,1.34,1.24,1.27,1.26,1.2,1.14,1.12,1.12,1.19,1.06,1.08,1.14,1.07,1.09,1.14,1.09,1.08,1.06,1.07,1.02,1.08,1.03,1.06,1.02,1.04,1.01,1.01,1,1.03,1.03,1.01
361.63,344.27,382.14,375.92,409.83,368.02,411.17,352.53,319.29,430.47,363.62,350.95,364.13,295.56,321.89,381.61,320.97,315.11,295.51,374.21,341.92,357.05,310.64,318.76,339.96,318.73,327.26,256.53,289.68,244.73,223.26,192.5,229.55,164.65,239.69,146.27,200.09,151.46,136.59,130.55,126.3,107.88,84.4,55.44,37.83,41.44,19.93,21.53,13.12,14.05,11.58,8.18,7.45,6.45,7.21,3.76,3.43,3.46,2.54,2.28,2.18,2.41,1.57,1.71,1.76,1.9,1.51,1.42,1.45,1.66,1.24,1.18,1.31,1.15,1.16,1.15,1.24,1.18,1.07,1.07,1.15,1.17,1.09,1.07,1.09,1.06,1.04,1.09,1.03,1.08,1.06,1.05,1.04,1.04,1.03,1.06,1.03,1.02,1.01,1.01,1.04
389.8,375.98,373.29,350.61,353.93,383.42,447.06,339.28,376.28,385.73,360.63,375.25,374.05,335.21,311.08,359.28,381.42,363.56,336.34,304.37,266.26,373.01,268.56,277.44,370.77,329.7,297.31,267.91,258.3,275.86,246.37,233.52,225.81,275.95,147.47,145.03,160.93,143.08,143.24,118.79,112.31,112.42,83.6,68.69,39.1,37.14,24.21,40.86,11.16,11.04,12.79,10.88,7.21,2.71,4.07,3.76,2.5,2.81,2.88,2.52,2.62,1.64,1.81,2.03,1.56,1.53,1.49,1.42,1.25,1.44,1.22,1.4,1.22,1.29,1.19,1.17,1.18,1.19,1.2,1.21,1.05,1.07,1.08,1.02,1.08,1.11,1.1,1.04,1.06,1.07,1.02,1.02,1.04,1.01,1.01,1.01,1.01,1.06,1.01,1.03,1.01
406.31,340.68,414.28,424.35,371.66,450.81,345.15,400.31,373.69,391.35,402.01,336.08,339.66,373.14,409.02,333.83,334.85,399.83,361.05,326.82,364.54,341.26,312.29,324.99,319.26,293.33,280.72,303.97,206.04,283,263.37,247.67,281,183.2,186.27,207.03,128.82,151.28,130.77,152.27,114.09,57.97,101.46,64.17,46.62,41.69,18.65,26.04,16.96,13.51,9.36,12.96,5.97,9.29,3.37,3.65,3.73,3,2.83,2.65,2.2,2.34,1.99,2.04,1.7,1.44,1.51,1.46,1.25,1.45,1.37,1.31,1.29,1.26,1.22,1.14,1.2,1.11,1.16,1.13,1.15,1.08,1.13,1.1,1.07,1.05,1.09,1.05,1.07,1.06,1.09,1.06,1.08,1.02,1.02,1.02,1.05,1.02,1.01,1.01,1.01
399.23,337.33,420.72,419.25,331.22,424.33,354.62,340.88,386.89,331.42,419.4,442.2,423.83,422.28,382.77,382.72,359.8,338.68,284.64,340.81,388.71,349.47,335.61,342.12,346.7,269.51,233.38,243.54,259.04,247.07,278.37,248.68,230.91,227.92,159.39,133.59,180.35,176.78,149.52,103.86,109.8,77.9,122.62,68.34,43.69,38.48,35.36,28.32,13.86,15.55,7.25,7.14,10.25,5.18,5.46,4.45,2.75,3,2.42,2.17,2.15,2.31,2.16,2.01,1.58,1.5,1.59,1.62,1.48,1.37,1.28,1.29,1.24,1.26,1.13,1.21,1.16,1.17,1.09,1.14,1.11,1.14,1.06,1.1,1.03,1.09,1.09,1.06,1.02,1.03,1.03,1.03,1.06,1.02,1.04,1.02,1.03,1.03,1.02,1.02,1.01
462.28,358.54,416.27,355.62,380.84,363.89,301.77,431.01,412.7,319.6,392.04,363.21,363.36,293.61,289.09,370.14,338.78,332.71,415.81,341.02,356.64,299.32,298.75,331.79,319.73,371.44,277.26,331.03,256.97,282.88,242.79,266.68,202.76,231.98,178.35,157.54,133.89,154.73,169.25,116.19,84.84,95.88,74.12,80.69,38.84,41.57,21.27,19.83,16.53,14.82,12.87,7.5,6.78,7.03,6.74,3.22,3.97,2.59,2.66,2.17,2.16,1.96,2.38,1.38,1.74,1.45,1.51,1.51,1.49,1.41,1.29,1.28,1.24,1.23,1.26,1.24,1.26,1.16,1.12,1.2,1.06,1.06,1.12,1.07,1.1,1.04,1.14,1.05,1.06,1.05,1.09,1.04,1.04,1.02,1.08,1.05,1.01,1,1.05,1.01,1.01
430.95,318.51,319.06,357.99,423.66,311.26,420.43,439.57,374.85,308.83,395.02,365.87,406.82,370.64,381.14,390.46,337.1,377.16,326.14,324.06,286.67,326.06,321.16,282.38,260.24,278.87,311.36,227.83,294.28,274.44,236.66,272.26,207.86,198.79,224.66,152.16,175.38,122.72,119.03,110.39,108.77,91.41,66.5,71.23,59.01,56.81,25.44,23.9,22.36,14.67,12.71,6.17,5.26,5.12,5.38,3.87,4.37,2.76,2.88,2.46,3.04,2.01,2.16,1.74,2.08,1.68,1.53,1.48,1.47,1.32,1.33,1.29,1.43,1.17,1.15,1.25,1.13,1.23,1.22,1.13,1.1,1.04,1.16,1.1,1.09,1.07,1.04,1.09,1.05,1.03,1.02,1.05,1.06,1.02,1.01,1.01,1.04,1.04,1.03,1.01,1.02
320.59,412.36,350.57,387.07,348.02,478.31,367.35,376.92,328.48,423.12,393.17,392.31,377.41,471.68,344.01,309.35,340.86,400.97,321.64,385.36,353.11,283.02,285.98,289.53,344.52,292.76,223.26,244.16,285.44,238.19,251.82,219.64,229.7,264.76,216.6,196.25,168.27,110.81,118.49,110.51,45.38,91.6,72.68,61.69,50.64,39.34,43.8,23.13,23.41,12.52,8.8,12.17,8.24,5.78,4.08,3.51,4.45,2.83,3.37,2.77,2.19,1.5,2.26,1.95,1.85,1.66,1.62,1.44,1.64,1.42,1.39,1.25,1.47,1.32,1.18,1.26,1.16,1.15,1.15,1.21,1.11,1.06,1.13,1.08,1.09,1.15,1.09,1.07,1.05,1.04,1.08,1.02,1.04,1.04,1.04,1.04,1.01,1.01,1.02,1,1.02
413.6,356.99,356.18,298.22,379.47,431.37,263.74,455.27,360.93,381.21,351.71,404.08,429.27,375.75,357.73,311.41,390.1,325.38,299.87,331.28,395.96,302.27,329.42,308.02,286.89,243.22,256.74,293.19,246.14,232.64,288.77,217.59,164.38,199.71,165.98,213.82,159.02,146.79,101.79,83.99,99.87,75.25,67.46,46.18,45.93,22.9,21.92,14.33,8.73,11.26,13.02,8.09,5.8,6.32,4.82,5.04,3.99,2.3,3.46,2.49,1.93,1.82,2.03,2.46,1.71,1.84,1.81,1.75,1.36,1.45,1.39,1.39,1.35,1.2,1.33,1.18,1.05,1.07,1.24,1.23,1.12,1.11,1.11,1.09,1.11,1.09,1.14,1.05,1.09,1.08,1.06,1.03,1.06,1.02,1.06,1.04,1.02,1.04,1.04,1.01,1.01
414.39,375.26,352.15,364.88,403.62,323.79,370.97,379.74,435.34,358.66,303.71,362.18,378,366.75,299.73,293.48,357.4,362.73,318.76,370.32,365.63,316.43,327.23,330.79,360.52,245.87,264.6,256.48,221.83,256.13,238.14,206.03,189.44,211.61,195.11,137.4,168.46,119.45,169.19,122.35,105.11,103.61,68.51,60.36,40.33,37.09,23.11,11.13,14.58,14.03,11.39,6.4,6.91,5.75,4.88,4.3,3.95,3.26,3.6,2.4,2.33,2.24,2.02,2.03,1.9,1.73,1.62,1.6,1.45,1.4,1.34,1.54,1.38,1.37,1.27,1.2,1.18,1.23,1.14,1.19,1.18,1.15,1.15,1.06,1.04,1.13,1.12,1.08,1.08,1.05,1.03,1.03,1.03,1.03,1.01,1.03,1.03,1.02,1.02,1.01,1.04
311.27,396.14,371.99,451.3,422.89,389.3,346.75,369.16,430.48,370.93,365.77,357.83,367.83,351.73,305.57,383,351.19,356.07,302.61,282.01,329.89,284.53,274.87,303.24,327.67,269.57,341.78,285.88,257.64,257.35,305.88,229.69,241.31,186.65,157.64,154.44,139.29,162.43,108.75,96.6,123.38,72.48,43.04,50.66,49.82,31.8,24.1,27.97,25.96,11.81,11.45,9.54,5.64,7.63,5.33,3.77,3.83,2.81,2.62,3.32,2.88,2.16,2.65,2.14,1.63,1.62,1.92,1.62,1.37,1.44,1.44,1.34,1.32,1.33,1.25,1.19,1.21,1.3,1.21,1.16,1.13,1.16,1.02,1.13,1.07,1.08,1.18,1.08,1.08,1.04,1.08,1.05,1.07,1.04,1.02,1.06,1.04,1.03,1,1.02,1.05
434.58,349.27,362.06,433.31,416.72,335.8,375.27,365.69,382.96,305.22,390.46,405.61,343.03,348.37,274.72,338.7,285.86,361.24,315.48,310.82,373.27,296.81,296.55,304.84,312.25,286.77,238.99,243,293.76,259.89,246.49,234.72,189.55,194.6,139.7,172.75,135.94,125.93,135.04,100.99,94.94,79,86.37,79.76,42.12,36.17,29.01,18,20.54,13.51,11.3,9.28,6.25,8.4,4.25,4.63,3.55,3.58,3.32,2.1,2.04,2.54,2.52,2.14,2.03,1.66,1.61,1.44,1.46,1.46,1.41,1.33,1.4,1.46,1.45,1.24,1.19,1.18,1.13,1.2,1.16,1.22,1.07,1.15,1.09,1.02,1.05,1.08,1.05,1.04,1.04,1.05,1.03,1.03,1,1.04,1.07,1.05,1.02,1.02,1.01
389.3,358.2,371.59,349.34,427.29,383.82,313.91,369.67,439.67,378.28,331.45,360.55,349.41,385.43,306.97,370.92,278.37,344.6,318.09,407.03,300.63,356.66,280.28,267.16,258.69,254.79,267.67,250.37,271.43,201.56,244.15,200.61,225.03,184.41,231.22,157.77,173.01,138.29,109.22,137.06,96.08,88.45,89,51.24,39.47,29.85,32.11,21.03,14.1,15.62,12.16,9.3,7.72,3.38,4.76,4.87,3.66,3.86,2.46,2.15,2.08,2.34,2.89,1.85,1.84,1.84,1.56,1.78,1.47,1.7,1.33,1.35,1.42,1.36,1.29,1.31,1.28,1.29,1.17,1.09,1.12,1.16,1.14,1.14,1.15,1.09,1.08,1.11,1.1,1.1,1.04,1.07,1.05,1.1,1.03,1.03,1.04,1.01,1.02,1.02,1.03
435.54,449.3,416.36,356.47,418.18,330.2,345.93,360.08,318.36,352.75,332.01,310.61,365.42,374.63,382.07,320.55,301.4,358.68,363.28,269.25,331.8,364.53,301.6,279.61,328.39,226,282.96,254.92,266.4,232.34,189.6,222.07,183.7,216.18,182.13,145.7,162.66,111.55,85.68,111.3,97.56,81.83,72.48,35.42,43.4,32.65,31.57,18.87,12.13,12.42,9.19,8.04,6.31,4.76,4.67,4.29,4.99,2.4,2.43,2.46,2.48,2.47,2.14,1.88,1.95,2.35,1.93,1.57,1.58,1.55,1.34,1.22,1.32,1.4,1.24,1.23,1.25,1.26,1.17,1.29,1.15,1.2,1.11,1.19,1.15,1.14,1.11,1.15,1.09,1.05,1.08,1.05,1.07,1.01,1.02,1.05,1.05,1.07,1.02,1.03,1.04
340.01,371.95,378.01,340.36,354.21,427.49,404.4,386.43,343.41,397.71,368.68,353.86,382.92,385.6,338.43,360.1,351.73,319.67,293.18,313.69,311.76,299.93,359.31,299.97,363.48,277.74,274.69,232.33,258.04,239.3,198.33,196.74,217.97,193.28,191.63,174.84,159.72,152.53,148.63,100.17,83.88,49.81,52.26,58.09,44.48,30.69,20.18,21.44,10.97,16.06,6.99,7.03,8.49,7.11,3.15,4.56,3.23,3.6,3.78,3.34,2.07,2.31,2.11,1.76,2.01,1.86,1.77,1.55,1.56,1.46,1.62,1.43,1.34,1.23,1.44,1.3,1.35,1.26,1.18,1.17,1.16,1.19,1.1,1.11,1.1,1.14,1.1,1.12,1.12,1.04,1.08,1.08,1.05,1.07,1.03,1.05,1.04,1.01,1.02,1.03,1
427.71,443.56,360.01,371.1,358.72,377.07,350.65,395.06,373.11,386.95,411.26,351.56,399.12,286,350,376.05,266.13,303.37,318.56,304.39,341.96,290.24,302.78,316.37,269.59,285.43,327.11,260.06,275.27,222.79,191.3,162.72,186.64,205.2,118.77,159.23,136.3,142.96,105.44,108.06,86.56,93.87,61.73,50.19,48.67,50.73,30.59,19.69,19.34,13.21,13.32,10.26,4.2,6.7,3.54,4.33,4,5.13,2.34,3.72,2.15,2.36,2.18,2.22,1.83,1.53,1.91,1.97,1.51,1.59,1.6,1.3,1.4,1.26,1.36,1.33,1.26,1.16,1.36,1.17,1.17,1.17,1.14,1.04,1.13,1.06,1.17,1.02,1.05,1.07,1.01,1.07,1.05,1.01,1.05,1.02,1.03,1.08,1.03,1.05,1.04
385.79,344.69,378.72,353.39,397.11,370.92,323.08,332.72,427.42,384,357.25,400.25,367.73,310.39,322.6,305.01,304.1,289.13,327.69,327.48,293.12,300.28,296.56,294.44,243.08,290.63,271.91,239.1,222.25,235.92,191.92,244.68,215.32,232.03,128.08,162.59,144.01,153.21,104.11,101.88,84.51,71.63,53,61.38,56.38,25.46,21.73,21.97,10.34,13.25,15.93,7.78,4.92,4.89,4.54,4.41,3.95,2.65,3.48,2.65,2.32,2.29,2.33,1.8,1.92,2.17,2.23,1.4,1.59,1.56,1.47,1.48,1.36,1.5,1.43,1.27,1.27,1.19,1.33,1.25,1.21,1.18,1.15,1.1,1.19,1.13,1.15,1.11,1.04,1.08,1.08,1.1,1.06,1.01,1.03,1.03,1.11,1.03,1.08,1.04,1.05
356.97,387.06,314.84,337.83,316.58,331.92,361.87,445.44,332.28,391.79,356.65,408.3,424.22,312.57,331.73,297.24,338.28,293.57,282.63,372.99,322.93,252.59,282.17,262.6,252.61,250.37,279.36,268.21,218.05,196.16,248.9,228.3,206.39,209.05,186.72,180.52,116.95,124.91,98.04,96.86,72.37,92.02,59.02,46.91,27.36,30.87,40.2,11.65,12.44,16.78,11.56,8.19,7.93,5.52,3.12,4.24,3.7,3.58,2.29,2.44,2.32,3.07,2.09,1.81,1.84,1.9,1.65,1.75,1.57,1.45,1.66,1.37,1.36,1.33,1.48,1.39,1.36,1.22,1.31,1.18,1.21,1.16,1.2,1.15,1.12,1.12,1.07,1.1,1.05,1.1,1.05,1.07,1.05,1.06,1.06,1.05,1.01,1.04,1.04,1.02,1.07
368.07,354.85,419.78,398.27,355.27,320.15,387.73,367.42,370.77,364.54,330.96,307.98,332.22,376.05,342.18,358.12,345.46,285.14,325.82,319.48,284.99,267.66,285.42,246.01,262.21,287.5,277.86,252.39,276.78,219.55,257.53,224.77,190.48,180.65,126.99,160.39,115.83,130.9,107.07,95.37,82.28,75.52,62.25,37.39,39.79,15.63,20.12,28.4,15.48,13.74,10.67,9.68,7.25,5.05,6.14,7.69,3.58,3.33,3.15,3.56,2.2,1.98,1.96,1.78,1.92,1.81,1.8,1.72,1.51,1.84,1.49,1.42,1.34,1.24,1.3,1.34,1.28,1.29,1.18,1.16,1.17,1.27,1.14,1.19,1.15,1.12,1.13,1.04,1.07,1.09,1.11,1.03,1.07,1.03,1.08,1.05,1.05,1.02,1.04,1.02,1
323.3,330.06,322.61,387.01,390.44,403.82,336.22,419.16,373.87,308.12,381.52,376.84,343.55,309.45,234.34,368.63,297.52,284.05,360.3,286.13,314.51,318.19,345.88,265.31,281.06,289.9,244.68,249.09,248.63,161.8,145.77,179.03,178.95,168.9,122.41,142.36,127.24,98.63,123.13,89.35,79.26,59.73,57.47,53.96,33.42,38.23,33.62,35.7,9.65,16.46,6.99,7.82,5.12,6.6,4.4,3.63,3.88,3.07,3.56,2.88,2.8,2.18,2.22,2.34,2.09,1.79,2.12,1.71,2.05,1.52,1.53,1.61,1.4,1.36,1.32,1.43,1.34,1.35,1.14,1.23,1.25,1.25,1.13,1.08,1.18,1.07,1.07,1.11,1.08,1.13,1.09,1.11,1.04,1.1,1.09,1.04,1.04,1.03,1.02,1.03,1.02
331.01,383.41,367.35,343.3,331.43,381.85,374.21,398.97,373.42,399.84,369.53,350.77,362.42,300.2,295.27,392.53,307.99,359.06,302.44,303.37,279.71,295.97,266.09,242.35,221.44,260.35,221.09,222.76,248.06,195.21,181.34,232.82,189.06,133.46,165.05,95.98,156.99,118.22,114.63,56.58,79.35,55.13,66.31,45.85,46.65,36.36,36.18,12.82,21.03,18.79,8.03,7.77,7.02,5.83,6,4.07,3.18,3.45,3.22,2.87,2.44,2.37,2.9,2.61,2.07,2.44,2.04,1.63,1.68,1.62,1.58,1.52,1.52,1.42,1.38,1.25,1.33,1.28,1.26,1.1,1.23,1.17,1.36,1.15,1.13,1.05,1.04,1.07,1.08,1.15,1.09,1.06,1.12,1.11,1.03,1.02,1.06,1.05,1.06,1.05,1.02
425.09,371.34,390.04,349.71,340.47,277.38,366.52,387.62,379.53,369.37,381.88,347.68,383.07,368.72,291.39,349.54,350.61,362.2,378.05,284.94,246.03,257.74,330.08,218.76,261.55,250.77,256.02,212.61,237.56,204.33,191.3,135.63,182.25,154.63,144.02,147.56,136.21,111.55,104.52,96.15,61.13,67.51,49.29,36.86,28.72,27.23,25.58,16.16,20.16,8.69,11.39,7.24,8.62,5.23,5.21,3.58,3.68,3.93,3.78,2.53,3.16,2.1,2.53,1.87,2.16,1.96,1.76,1.86,2.1,1.88,1.64,1.53,1.69,1.47,1.41,1.36,1.23,1.23,1.19,1.16,1.25,1.22,1.26,1.24,1.17,1.13,1.17,1.06,1.12,1.05,1.06,1.13,1.1,1.07,1.04,1.04,1.1,1.05,1.04,1.04,1.02
384.13,397.1,344.24,379.66,326.13,401.36,345.62,338.84,279.25,282.13,353.85,353.95,279.83,316.57,278.56,340.18,250.38,299.34,285.61,232.05,308.99,314.64,323.89,213.78,205.54,250.68,231.12,258.12,212.92,164.44,145.77,152.65,182.74,159.8,135.31,106.73,97.41,107.81,93.24,84.02,67.48,55.06,32.33,36.02,44.48,23.18,24.2,19.4,20.71,8.89,8.08,10.62,6.49,6.96,6.64,3.83,4.49,4.29,3.82,2.6,2.75,2.27,2.46,2.9,2.1,1.86,1.84,1.74,1.73,1.55,1.68,1.33,1.49,1.42,1.44,1.33,1.32,1.42,1.27,1.21,1.25,1.19,1.22,1.23,1.2,1.16,1.18,1.09,1.11,1.16,1.11,1.1,1.04,1.11,1.02,1.04,1.04,1.05,1.02,1.05,1.03
353.51,370.17,298.34,461.52,347.52,317.15,366.8,319.82,389.69,381.49,318.71,367.96,351.37,367.96,288.38,266.36,371.81,306.3,289.66,321.24,299.2,334.01,236.52,308.87,223.89,226.47,263.45,216.91,248.89,198.82,211.94,184.11,134.52,142.51,150.18,116.67,114.69,97.61,97.46,77.42,48.78,69.87,45.88,62.49,35.66,35.61,14.37,16.24,14.44,15.65,8.01,9.26,7.57,6.81,5.06,5.47,4.2,2.81,5.12,3.42,3.16,3.02,2.61,2.63,2.29,2.02,1.96,1.68,1.7,1.72,1.46,1.8,1.5,1.53,1.44,1.39,1.36,1.21,1.27,1.33,1.22,1.17,1.34,1.13,1.15,1.2,1.1,1.1,1.11,1.1,1.14,1.06,1.01,1.09,1.02,1.07,1.03,1.07,1.03,1.05,1.02
414.76,358.77,388.39,399.44,370.16,330.91,329.17,347.34,367.62,301.1,355.2,351.87,256.59,345.5,320.24,266.8,339.02,339.36,283.89,272.35,237.93,268.37,228.16,282.59,254.26,206.08,195.67,216.77,234.02,212.02,167.06,176.39,164,129.76,169.93,158.19,84.33,92,116.1,87.88,57.84,56.74,39.43,37.47,32.71,31.43,31.25,20.29,22.56,7.94,10.4,10.12,10.44,8.46,4.64,4.95,5.75,4.55,3.22,3.28,2.46,2.34,2.12,1.87,2.14,2.16,1.77,1.72,1.91,1.6,1.49,1.42,1.45,1.33,1.54,1.43,1.57,1.31,1.33,1.41,1.27,1.21,1.27,1.19,1.2,1.22,1.11,1.07,1.1,1.05,1.09,1.08,1.11,1.1,1.1,1.1,1.07,1.05,1.06,1.06,1.06
380.48,405.41,379.49,356.94,317.29,342.8,371.69,327.38,294.42,307.65,375.71,343.23,298.58,355.77,372.3,250.1,214.77,333.12,286.29,249.77,278.78,270.88,257.89,256.26,249.92,191.26,203.02,230.44,207.23,237.41,155.54,185.02,166.73,121.47,114,144.21,140.29,109.57,91.22,76.41,68.23,53.33,33.64,49.45,30.88,25.22,28.72,22.85,19.48,13.55,8.52,9.58,8.1,4.14,3.92,3.94,4.02,4.92,3.67,3.02,3.01,2.31,2.82,2.68,2.33,1.71,1.85,1.77,2,1.63,1.72,1.71,1.33,1.53,1.34,1.37,1.49,1.29,1.34,1.27,1.27,1.34,1.23,1.2,1.22,1.12,1.18,1.15,1.21,1.25,1.11,1.2,1.1,1.09,1.18,1.11,1.07,1.06,1.05,1.02,1.05
387.15,412.15,356.16,327.76,337.74,353.01,341.11,387.29,386.35,350.21,360.23,331.26,449.16,349.83,289.52,330.81,307.93,261.57,317.04,322.03,292.43,279.68,266.56,246.81,280.54,247.02,216.24,200.17,197.35,167.74,166.43,159.29,163.66,140.24,145.6,114.66,92.8,88.22,62.43,99.57,85.3,47.37,27.92,32.76,20.8,21.13,22.35,14.8,13.08,11.64,10.47,7.08,7.71,8.03,7.68,6.27,4.1,3.91,2.94,3.05,2.23,2.96,2.5,2.65,2.7,1.62,2.05,1.91,1.73,1.97,1.66,1.72,1.74,1.63,1.4,1.31,1.61,1.41,1.35,1.28,1.22,1.39,1.26,1.26,1.07,1.23,1.2,1.31,1.26,1.1,1.08,1.13,1.11,1.09,1.06,1.09,1.09,1.11,1.07,1.01,1.05
337.27,343.94,349.27,325.25,290.98,359.29,341.99,383.32,337.61,332.27,258.9,379.31,331.25,335.64,336.25,285.73,338.21,301.86,277.96,278.99,328.34,270.08,238.99,210.88,253.2,230.72,242.28,252.13,183.18,136.9,187.16,150.64,169.28,142.42,115.02,110.37,121.51,81.08,64.8,75.95,61.38,44.94,32.67,47.29,28.05,14.77,24.22,15.38,14.24,13.33,7.49,11.88,7.35,4.98,6.43,6.09,4.12,3.03,2.98,2.66,2.57,2.41,2.53,2.43,2.05,2.11,2.06,1.99,1.65,1.79,1.4,1.52,1.54,1.32,1.3,1.35,1.38,1.27,1.46,1.42,1.32,1.25,1.33,1.29,1.27,1.16,1.33,1.09,1.17,1.11,1.07,1.1,1.1,1.1,1.11,1.07,1.11,1.07,1.07,1.08,1.07
329.59,387,350.52,346.78,389.38,368.8,345.75,329.26,329.15,351.68,377.58,331.35,300.5,311.51,339.01,320.08,364.37,344.94,337.51,283.19,226.57,243.04,316.64,252.47,238.97,221.82,220.75,267.03,203.94,169.69,172.26,145.52,134.44,124.66,148.22,161.69,104.99,104.66,79.56,68.12,44.88,76.52,25.49,27.43,34.37,43.05,16.7,22.34,13.33,13.98,9.56,7.2,5.64,6.45,6.5,4.59,4.28,4.25,3.91,3.16,2.89,2.8,2.39,3.33,1.96,1.91,1.69,2.34,1.9,1.92,1.56,1.66,1.54,1.44,1.44,1.31,1.35,1.27,1.33,1.38,1.31,1.2,1.2,1.18,1.23,1.26,1.14,1.16,1.24,1.14,1.07,1.13,1.09,1.1,1.12,1.08,1.11,1.09,1.03,1.06,1.06
303.39,406.52,417.66,334.06,316.57,345.66,341.19,337.88,313.52,284.25,336.25,332.94,379.92,319.03,339.41,328.26,252.33,280.31,235.48,257.3,291.34,303.33,234.97,213.83,192.24,241.02,236.54,210.46,186.05,164.28,155.8,163.16,137.62,151.72,105.09,118.31,105.39,88.96,93.86,77.06,77.6,63.01,45.12,37.5,20.87,30.89,16.37,17.09,19.23,19.63,7.67,8.85,7.6,8.11,4.9,4.35,6.08,3.87,5.5,3.44,3.04,3.42,2.38,2.34,2.45,1.91,2.26,1.7,1.89,1.8,1.55,1.84,1.56,1.66,1.42,1.29,1.61,1.68,1.49,1.35,1.35,1.27,1.23,1.19,1.17,1.15,1.2,1.2,1.21,1.18,1.15,1.11,1.06,1.14,1.05,1.15,1.11,1.1,1.03,1.07,1.1
397.09,333.77,356.93,304.11,376.63,322.64,429.5,316.65,292.66,425.22,362.56,362.33,381.8,292.04,294.17,298.64,288.5,187.29,280.58,296.4,267.91,298.12,255.39,204.85,242.22,223.59,252.19,207.18,206.56,174.62,179.33,153.57,112.97,124.6,112.98,99.02,114.29,59.83,67.7,91.55,52.05,48.87,40.36,30.7,25.5,32.35,17.01,13.03,12.05,11.26,5.14,8.57,5.62,5.15,6.44,5.13,6.9,5.5,4.11,3.58,2.36,2.88,2.87,2.23,2.3,2.73,1.87,2.12,1.83,1.73,1.84,1.7,1.65,1.65,1.77,1.47,1.28,1.45,1.51,1.53,1.26,1.29,1.18,1.32,1.13,1.19,1.14,1.17,1.2,1.12,1.2,1.11,1.06,1.09,1.11,1.12,1.07,1.03,1.09,1.06,1.12
367.38,400.17,297.42,414.68,367.46,324.9,271.71,334.83,290.13,338.88,248.86,284.02,336.72,294.83,345.94,264.36,256.09,244.08,298.1,292.03,307.88,228.83,272.93,220.63,220.26,201.14,242.93,238.33,211.57,130.85,190.41,165.36,117.84,166.32,126.13,110.16,96.86,76.99,49.92,62.8,51.89,36.2,50.18,30.62,32.2,14.55,23.74,9.64,17.01,13.98,10.35,8.56,5.51,4.84,5.04,5.2,5.27,4.13,3.11,2.06,3.01,2.36,2.12,2.4,2.17,2.21,2.06,2.03,1.86,1.8,1.66,2.08,2.06,1.56,1.63,1.31,1.66,1.52,1.43,1.28,1.39,1.33,1.28,1.41,1.33,1.38,1.18,1.26,1.08,1.22,1.08,1.14,1.14,1.14,1.18,1.04,1.07,1.08,1.03,1.07,1.08
363.88,396.16,336.2,374.03,372.16,358.6,305.39,379.82,389.35,320.97,358.1,310.35,279.35,293.49,295.04,305.26,244.59,271.64,246.63,196.58,281.93,194.57,207.67,221.32,221.49,227.89,214.94,217.25,192.2,164.45,140.84,166.41,141.84,88.6,153.1,110.19,74.12,67.66,65.8,59.49,61.84,49.35,25.45,34.77,40.34,28,13.84,11.55,16.66,12.62,12.75,6.83,9.82,5.62,6.5,3.74,3.34,3.3,3.18,3.9,3.02,3.4,2.98,2.77,2.52,2.13,2.12,1.87,2.16,1.83,1.82,1.47,1.7,1.65,1.81,1.42,1.48,1.43,1.46,1.32,1.23,1.35,1.47,1.34,1.21,1.26,1.21,1.16,1.19,1.14,1.09,1.14,1.07,1.26,1.1,1.07,1.04,1.17,1.07,1.15,1.04
314.25,297.1,367.1,324.37,324.11,346.9,350.04,309.53,275.95,365.56,335.9,277.66,355.94,347.36,289.64,252.61,259.11,320.53,263.76,250.83,242.99,264.88,215.77,262.68,224.48,212.86,185.86,224.07,130.98,157.17,109.03,143,109.12,162.28,136.19,108.38,79.42,69.4,73.17,52.16,68.04,44.88,49.87,30.79,35.08,15.83,16.26,15.61,19.98,12.58,5.77,7.82,9.31,4.31,8.32,3.43,5.76,4.1,4.57,3.87,2.12,2.66,2.49,2.73,2.56,2.85,2.05,2.3,1.99,2.27,2.07,1.81,1.76,1.66,1.35,1.48,1.48,1.42,1.37,1.32,1.36,1.31,1.3,1.21,1.22,1.23,1.12,1.08,1.21,1.17,1.19,1.13,1.13,1.16,1.05,1.14,1.03,1.15,1.04,1.07,1.06
346.38,338.99,286.52,371.66,322.09,276.92,310.08,292.31,361.49,319.57,343.46,329.69,214.78,315.72,302.61,279.5,237.41,251.96,280.09,232.65,280.59,216.69,248.96,227.8,220.48,208.13,192.84,167.53,140.65,178.59,130,135.4,139.8,110.84,102.85,93.88,62.85,66.33,50.05,68.05,42.95,44.15,45.22,31.3,30.21,22.29,25.14,23.15,18.15,15.16,7.04,10.52,6.91,6.79,4.72,4.53,4.47,4.47,2.89,2.56,2.56,3.51,2.48,2.61,2.66,3.18,1.89,2.11,2.53,1.74,1.7,1.87,2.04,1.74,1.52,1.71,1.43,1.58,1.51,1.56,1.51,1.28,1.28,1.3,1.25,1.19,1.18,1.23,1.26,1.28,1.19,1.11,1.17,1.14,1.11,1.09,1.1,1.1,1.14,1.07,1.1
298.68,342.26,325.39,309.73,313.09,367.07,353.49,298.52,327.46,299.06,310.31,277.31,323.39,356.35,280.79,336.07,303.65,278.08,245.69,249.21,284.04,219.89,220.45,187.46,278.46,203.93,183.68,163.53,154.46,182.99,128.38,172.94,127.82,105.28,112.11,110.54,84.32,57.25,103.31,53.6,52.73,47.42,32.11,25.63,26.83,20.28,17.59,16.37,13.69,11.68,14.73,10.94,6.18,5.06,4.99,4.93,5.36,2.77,3.27,3.65,3.36,2.64,2.83,2.21,2.32,2.88,2.21,1.75,1.75,1.93,1.88,1.6,1.69,2.01,1.6,1.58,1.33,1.59,1.51,1.43,1.44,1.44,1.49,1.18,1.3,1.29,1.18,1.22,1.25,1.29,1.18,1.11,1.17,1.26,1.27,1.08,1.05,1.08,1.09,1.12,1.06
359.87,279.44,299.08,353.87,359.69,319.42,346.69,340.03,315.69,330.5,286.83,323.04,296.52,368.59,301.12,293.41,276.78,255.63,277.48,190.2,196.56,234.58,220.35,221.58,268.05,192.7,220.86,205.56,155.31,160.18,135.49,115.35,119.42,141.67,99.93,100.47,68.27,87.94,85.54,66.04,59.18,45.17,26.62,32.56,29.76,20.49,29.33,23.05,14.59,11.22,9.37,6.2,6.2,4.68,6.28,5.13,5.17,3.62,3.5,3.65,2.82,2.68,2.72,3.21,2.51,1.96,2.48,1.87,2.51,1.75,1.88,1.9,1.74,1.78,1.84,1.54,1.45,1.53,1.4,1.61,1.33,1.37,1.27,1.31,1.3,1.19,1.21,1.28,1.25,1.29,1.16,1.09,1.15,1.14,1.08,1.14,1.15,1.1,1.09,1.14,1.1
311.61,349.9,283.39,398.27,361.47,336.66,257.12,328.2,325.48,282.24,252.44,326.35,281.02,334.24,278.39,247.38,262.97,281.18,310.51,283.89,208.73,243.18,201.46,200.84,234.45,194.22,209.24,190.04,157.82,163.4,145.21,128.07,145.52,100.8,92.91,99.73,91.4,69.55,66.59,47.6,39.45,41.55,40,38.81,30.2,24.14,21.23,19.21,13.31,9.71,10.43,9.64,4.26,6.95,6.69,6.22,6.37,3.81,2.69,2.84,3.73,3.8,2.71,2.91,2.61,2.07,2.16,2.62,2.09,2,2.53,1.63,1.81,2.07,1.72,1.84,1.47,1.51,1.5,1.31,1.65,1.28,1.13,1.18,1.27,1.34,1.18,1.23,1.2,1.17,1.15,1.22,1.18,1.19,1.08,1.09,1.14,1.09,1.14,1.03,1.07
384.85,307.92,320.04,348.14,327.78,358.04,300.14,371.2,328.14,321.73,260.75,336.4,290.26,276.71,299.45,213.12,312.22,257.25,258.07,237.93,209.24,198.7,212.57,207.51,180.53,169.07,165.61,177.03,228.23,185.06,137.15,133.94,112.65,133.61,112.28,97.97,102.34,91.05,61.11,55.66,46.85,50.5,24.87,32.05,15.55,15.35,24.81,17.85,14.17,13.55,12.06,10.25,11.03,7.26,7.05,6.72,6.09,4.26,4.04,3.88,4.3,3.03,3.77,2.49,2.67,2.01,1.9,2.28,2.12,1.98,1.7,1.69,1.48,1.81,1.47,1.63,1.53,1.54,1.62,1.72,1.4,1.31,1.34,1.43,1.26,1.35,1.22,1.18,1.24,1.21,1.16,1.23,1.13,1.11,1.16,1.13,1.12,1.12,1.11,1.14,1.14
259.85,265.29,344.07,357.54,397.38,345.61,312.2,269.38,334.88,308.91,303.34,305.37,310.47,280.37,223.22,314.65,235.15,249.44,258.73,243.63,202.61,251.35,192.31,229.55,206.92,175.18,193.62,191.17,141.44,138.71,157,118.55,144.76,86.24,108.36,111.34,88.75,96.52,59.31,48.76,50.2,54.8,30.5,44.73,27.56,30.54,19.05,15.58,16.34,18.34,17.17,8.38,10,7.23,4.74,4.85,5.9,3.64,5,4.1,3.9,3.06,3.4,2.37,2.89,2.42,2.18,2,1.73,2.24,1.92,1.82,1.47,1.57,1.89,1.4,1.41,1.52,1.45,1.3,1.46,1.34,1.25,1.27,1.3,1.23,1.16,1.34,1.15,1.27,1.16,1.16,1.21,1.17,1.14,1.17,1.17,1.13,1.23,1.13,1.08
356.45,301.51,301.61,287.09,302.28,398.36,351.99,303.67,337.57,330.72,224.55,323.49,337.97,348.62,269.08,273.05,271.59,224.76,246.04,248.46,179.75,201.89,259.34,213.13,233.74,186,234.1,195.87,158.92,168.7,156.75,102.99,148.59,110.81,87.76,97.15,105.79,61.55,59.43,54.17,45.01,43.19,40.28,36.02,38.76,27.4,14.99,21.97,15.15,13.61,8.18,5.53,7.88,6.41,6.76,4.45,5.69,3.29,4.34,4.01,2.94,3.32,3.77,2.18,2.89,2.29,2.3,2.03,1.98,1.96,1.53,2.28,1.81,1.65,1.58,1.69,1.43,1.5,1.51,1.43,1.45,1.44,1.49,1.39,1.31,1.25,1.5,1.24,1.19,1.22,1.17,1.14,1.25,1.11,1.18,1.15,1.18,1.17,1.2,1.05,1.13
391.15,251.98,334.54,247.75,296.43,328.88,319.65,361.12,273.75,255.37,240.59,278.18,261.19,273.23,290.81,266.47,236.79,226.81,234.43,276.33,152.8,216.86,167.25,184.57,215.33,190.67,186.75,152.34,178.34,154.35,139.23,165.69,91.94,83.1,116.56,82.81,72.43,73.18,47.79,78.51,61.29,47.35,29.39,34.74,23.77,22.52,20.24,17.59,15.31,12.63,11.41,6.21,5.6,8.38,8.31,6.92,5.4,4.37,5.41,4.32,3.03,3.84,2.92,3.65,2.49,2.73,2.48,2.48,2.13,1.86,2.43,2.08,2.15,1.95,1.85,1.73,1.48,1.51,1.66,1.56,1.51,1.39,1.52,1.39,1.45,1.29,1.26,1.36,1.32,1.27,1.25,1.15,1.14,1.11,1.11,1.11,1.16,1.15,1.08,1.1,1.07
375.74,356.85,331.01,313.25,367.56,334.28,343.58,231.27,266.67,334.38,309.75,321.57,254.5,262.13,289.43,229.96,269.82,235.8,234.26,257.76,190.66,174.13,255.61,198.59,194.35,131.72,226.38,188.79,154.55,125.13,92.08,119.36,123.16,104.42,129.52,67.31,92.5,55.56,57.68,48.46,59.52,42.39,28.22,28.52,19.44,20.35,24.81,19.44,5.47,10.93,11.24,8.41,8.32,5.11,5.67,6.28,3.95,4.39,3.42,3.15,2.04,2.21,2.86,3.35,2.62,2.11,3.56,2.35,1.97,2.1,1.92,1.82,1.91,1.57,1.9,1.55,1.6,1.41,1.75,1.49,1.4,1.34,1.27,1.56,1.43,1.67,1.35,1.23,1.33,1.3,1.2,1.19,1.24,1.23,1.22,1.14,1.21,1.17,1.2,1.16,1.09
404.53,311.81,328.4,357.54,290.4,288.41,373.95,216.61,321.79,258.23,269.9,252.63,303.13,254.11,280.76,277.01,246.34,228.54,253.79,216.17,201.76,239.58,202.8,225.43,180.78,187.27,175.82,172.69,132.67,153.84,147.86,117.77,113.34,79.73,61.17,100.97,59.45,52.59,53.81,56.16,32.65,38.56,27.37,28.47,23.89,17.99,7.23,14.8,11.94,8.5,6.17,8.7,9.85,7.37,6.51,4.2,5.05,3.64,3.92,3.89,4.1,2.91,3.27,3.02,2.87,2.12,2.29,2.63,1.99,2.18,1.98,2.15,1.85,1.61,1.66,1.88,2.01,2.02,1.55,1.51,1.64,1.53,1.36,1.31,1.33,1.31,1.26,1.22,1.29,1.2,1.29,1.15,1.22,1.17,1.15,1.16,1.13,1.16,1.12,1.16,1.08
358.61,397.17,349.46,306.15,315.79,285.3,280.98,349.71,374.38,289.06,258.51,281.94,230.42,314.24,266.93,227.41,269.64,191,248.98,221.49,264.02,199.31,205.42,196.31,211.37,201.72,140.69,149.89,137.99,123.06,140.53,107.63,90.82,76.58,85.66,101.08,77.41,35.39,70.39,53.64,30.43,34.25,24.8,29.41,11.48,28.22,20.99,18.99,9.6,12.93,9.72,10,11.93,6.56,4.38,6.36,3.8,4.93,4.65,3.98,2.91,3.24,3.55,4.09,2.92,2.68,2.37,2.5,2.29,2.12,2.28,1.53,1.9,1.76,1.51,1.97,1.73,1.42,1.56,1.48,1.69,1.33,1.35,1.3,1.42,1.44,1.33,1.31,1.19,1.26,1.23,1.19,1.14,1.16,1.2,1.15,1.13,1.19,1.09,1.05,1.13
364.98,302.96,345.82,286.48,306.91,345.68,291.77,327.6,317.6,294.12,297.42,285.99,272.47,256.81,331.81,270.2,185.76,275.62,209.18,246.44,181.71,212.34,214.48,203.28,139.04,191.38,170.33,141.83,132.37,154.42,113.19,92.53,89.78,99.12,83.8,106.54,102.48,92.21,80.17,41.96,50.63,35.86,41.69,33.81,31.66,16.88,20.22,17.53,16.46,15.21,10.44,12.13,7.38,7.45,6.46,4.69,6.02,4.94,2.88,3.99,2.85,4.11,3.84,3.84,3.17,2.43,2.05,2.33,2.3,2.27,1.92,1.87,1.82,1.91,1.98,1.74,1.67,1.63,1.9,1.55,1.74,1.47,1.45,1.47,1.35,1.36,1.38,1.3,1.3,1.33,1.17,1.31,1.26,1.11,1.2,1.19,1.14,1.15,1.21,1.14,1.2
346.5,311.26,259.37,326.88,307.26,309.48,368.15,307.61,306.87,312.42,294.27,283.65,292.23,285.56,200.06,214.49,211.67,248.38,212.27,243.38,204.59,216.64,197.59,169.19,186.57,134.31,199.57,201.25,203.31,162.98,127.72,91.32,106.42,93.51,73.72,80.21,80.79,60.86,52.71,66.66,42.06,44.87,33.53,29.45,29.59,18.98,26.05,14.21,14.77,9.85,9.74,10.73,9.92,6.56,7.23,4.41,3.7,3.8,4.86,3.78,4.47,3.36,3.7,2.61,2.47,2.64,2.89,2.38,2.31,2.18,2.73,1.89,1.78,1.67,2.16,1.79,1.76,1.73,1.48,1.63,1.6,1.31,1.59,1.45,1.58,1.33,1.24,1.31,1.28,1.26,1.22,1.26,1.17,1.22,1.21,1.27,1.12,1.12,1.18,1.13,1.06
348.9,287.03,369.2,276.86,305.11,312.71,297.37,320.83,334.71,328.5,297.48,248.1,228.09,263.18,244.19,239.22,258.87,241.58,277.3,217.82,189.72,183.03,211.75,211.07,168.31,172.12,172.37,163.91,152.15,136.73,96.81,88.98,142.08,124.67,90.13,73.68,71.75,59.25,65.27,58.65,45.12,49.78,40.96,28.91,21.96,15.75,21.57,12.83,16.33,13.24,6.53,10.17,4.34,5.84,5.4,6.12,2.97,4.78,4.65,3.4,3.75,2.36,3.7,3.3,1.98,2.71,2.4,2.17,3.04,2.56,2.04,1.89,1.65,1.75,1.92,1.98,1.56,1.73,1.77,1.49,1.46,1.46,1.41,1.52,1.53,1.37,1.15,1.33,1.22,1.33,1.39,1.25,1.19,1.16,1.24,1.26,1.15,1.13,1.2,1.16,1.11
352.37,277.85,273.91,302.84,317.46,302.07,357.52,298.84,298.73,318.22,245.38,255.88,292.41,215.38,243.57,225.45,245.57,226.68,188.36,226.68,183.84,203.13,194.94,220.74,159.66,135.79,117.47,141.08,157.21,107.12,89.48,78.76,93.12,97.04,92.28,86.33,61.46,42.83,51.17,45.8,44.25,30.63,34.29,36.04,19.64,9.63,25.05,14.92,9.93,15.14,15.04,9.41,6.8,6.25,6.21,5.63,5.57,4.09,5.36,6.21,3.4,4.43,4.41,4.34,3.09,2.62,2.35,2.67,1.99,2.37,2.09,2.2,2.03,1.72,1.75,1.48,1.95,1.69,1.61,1.65,1.49,1.47,1.43,1.4,1.48,1.29,1.25,1.46,1.2,1.26,1.24,1.28,1.28,1.19,1.22,1.36,1.23,1.24,1.14,1.14,1.27
351.58,293.08,335.76,312.78,361.03,309.89,348.05,319.26,266.51,288.17,244.59,279.99,224.29,146.71,245.37,288.52,256.79,229.58,192.12,240.04,163.25,185.3,205.85,140.4,208.92,170.03,107.53,134.1,117.56,137.14,121.82,61.07,79.38,119.81,78.74,103.92,61.38,73.09,49.4,43.27,41.74,44.12,32.07,28.32,14.83,23.86,12.27,17.92,15.31,11.46,7.71,14.01,12.68,7.91,6.02,4.89,7.06,5.83,5.37,5.24,3.18,2.89,2.69,3.84,2.87,2.27,2.59,2.45,2.77,2.16,2.15,2.23,1.69,1.77,1.87,1.93,1.82,1.83,1.71,1.58,1.61,1.56,1.55,1.37,1.34,1.57,1.37,1.22,1.37,1.27,1.35,1.33,1.13,1.3,1.27,1.28,1.28,1.24,1.11,1.17,1.15
397.13,296.6,291.87,251.13,346.89,318.62,311.11,412.91,308.65,299.29,266.61,225.6,225.29,220.92,250.86,239.93,252.22,238.74,223.65,241.86,221.29,169.71,194.91,159.72,173.75,169.14,165.51,159.31,144.97,127.42,99.64,108.4,120.75,75.59,63.55,45.82,71.4,66.99,78.9,56.51,32.95,35.85,30.01,20.65,29.26,30.26,16.34,8.3,12.99,16.5,8.97,8.03,11.34,6.18,5.59,4.45,6.02,3.82,3.57,2.82,4.46,2.98,2.7,3.06,3.15,3.08,2.97,2.95,2.65,2.5,2.33,1.91,2.09,1.94,2.24,1.89,2.05,1.66,1.82,1.61,1.73,1.41,1.39,1.58,1.55,1.33,1.43,1.57,1.21,1.33,1.15,1.36,1.27,1.25,1.17,1.15,1.14,1.18,1.24,1.17,1.09
325.01,304.18,300.88,288.69,323.01,280.55,307.59,303.74,286.81,289.62,304.2,266.44,288.23,281.95,290.54,251.73,257.76,226.94,180.9,245.39,186.28,181.1,183.52,189.44,188.72,173.52,133.83,115.25,113.51,135.86,135.56,85.04,76.23,111.84,76.18,62.7,74.47,58.13,72.55,44.93,23.49,24.95,24.6,26.95,17.73,28.64,18.78,17.25,14.61,12.68,9.12,7.2,7.29,6.47,8.62,6.89,4.92,6.19,4.34,3.06,3.5,3.47,3.42,3.46,3.52,2.22,3.17,2.37,2.97,2.43,2.5,2.39,2.26,2.02,1.95,1.91,1.51,1.88,1.62,1.76,1.54,1.43,1.43,1.45,1.39,1.57,1.46,1.46,1.35,1.4,1.31,1.45,1.37,1.16,1.25,1.15,1.25,1.23,1.2,1.29,1.16
242.13,281.19,324.06,241.69,260.36,303.21,253.25,305.19,285.98,272.62,213.94,231.69,241.71,233.36,214.62,235.42,210.61,228.87,198.87,192.8,215.22,179.87,170.63,161.63,108.71,120.97,160.83,145.03,127.43,116.49,101.09,87.92,77.1,87.32,52.04,78.67,68.51,44.44,62.94,35.84,34.09,34.2,25.45,36.52,24.64,19.91,12.68,16.87,14.57,9.71,14.82,13.11,8.87,7.33,9.02,6.38,5.78,5.33,4.94,2.84,2.56,3.77,2.72,2.76,2.81,3.49,2.56,2.74,2.43,2.25,2.14,1.91,2.1,2.6,1.93,1.59,1.74,1.57,1.66,1.64,1.86,1.72,1.79,1.57,1.5,1.4,1.46,1.46,1.2,1.56,1.33,1.28,1.25,1.21,1.23,1.26,1.11,1.3,1.19,1.28,1.17
312.91,357.39,307.12,282.7,296.26,268.23,220.82,292.11,275.09,287.75,287.22,265.04,240.59,217.09,228.2,244.74,217.59,230.88,208.21,201.27,164.18,191.63,180.08,166.1,101.25,142.67,108.75,141.45,138.61,104.61,92.25,101.11,91.76,82.73,76.48,75.97,58.2,53.75,43.18,38.73,48.82,39.63,31.61,20.57,33.61,9.45,14.52,25.5,14.1,16.87,9.12,6.54,5.88,6.71,4.86,6.52,3.94,4.65,5.23,5.5,5.04,3.97,3.85,2.62,3.48,3.93,2.7,2.74,2.14,2.56,2.63,2.31,1.97,2.46,2.06,1.85,1.94,1.59,1.91,1.93,1.72,1.74,1.44,1.56,1.38,1.51,1.34,1.62,1.35,1.32,1.35,1.3,1.19,1.19,1.12,1.33,1.27,1.14,1.39,1.21,1.2
311.6,294.25,364.42,310.5,317.28,277.57,300.83,254.28,299.56,276.4,239.72,278.03,237.77,291.32,212.23,219.37,212.87,211.58,212.89,179.55,147.3,196.61,172.24,176.14,138.28,129.91,142.9,132.23,121.57,116.68,82.5,97.96,114.97,71.55,96.63,51.48,64.05,50.94,52.69,50.28,54.36,19.21,42.95,27.05,17.82,25.45,19.6,11.7,9.08,8.7,17.21,10.97,6.96,10.38,5.05,4.83,5.56,2.68,5.28,3.5,4.51,4.2,3.47,3.57,3.51,3.03,2.47,3.33,2.23,2.18,1.86,1.76,1.93,1.99,1.72,1.93,1.8,1.51,1.87,1.55,1.83,1.53,1.41,1.54,1.54,1.52,1.21,1.59,1.53,1.41,1.21,1.35,1.32,1.27,1.24,1.28,1.23,1.22,1.16,1.23,1.12
257.48,324.81,306.71,257.62,261.99,291.08,296.55,296.88,299.61,297.44,281.37,193.58,234.32,189.09,269.41,205.05,215.76,216.98,215.27,174.55,157.29,155.1,150.02,195.25,173.67,155.04,109.13,133.47,164.17,114.39,144.97,111.1,82.08,71.4,72.56,48.66,75.66,55.93,63.02,46.03,26.27,33.46,26.44,24.58,14.88,16,16.62,17.41,15.93,12.43,7.29,7.34,9,11.28,7.15,4.78,6.68,5.1,4.83,3.95,3.25,3.33,2.31,2.81,2.41,2.59,2.83,2.06,2.1,1.98,2.85,2.51,1.75,2.1,2.03,1.85,1.73,1.6,1.97,1.89,1.74,1.82,1.36,1.57,1.46,1.56,1.47,1.41,1.45,1.44,1.26,1.57,1.3,1.47,1.32,1.25,1.25,1.27,1.22,1.24,1.23
336.66,268.48,292.34,323,289.98,313.54,279.04,263.77,293.59,247.65,243.17,298.11,256.77,212.02,191.1,185.6,180.22,240.38,190.24,131.05,226.23,138.26,161.07,148.51,133.8,119.48,142.16,144.23,137.74,106.52,92.2,87.83,84.03,63.53,52.43,63.22,70.79,49.12,57.18,50.29,24.46,34.84,29.11,41.5,20.31,23.27,11.81,16.43,12.41,13.24,9.09,5.63,6.95,6.81,9.57,4.97,3.95,3.41,4.66,4.5,2.64,4.49,2.65,3.94,3.04,2.96,2.47,2.88,2.72,2.67,2.95,2.67,2.03,1.87,2.14,1.82,1.83,1.78,1.98,1.43,1.54,1.81,1.59,1.74,1.64,1.45,1.36,1.39,1.42,1.43,1.44,1.45,1.34,1.24,1.25,1.27,1.2,1.33,1.3,1.14,1.17
347.82,291.69,318.67,230.11,281.17,215.25,271.7,232.66,277.97,253.15,192.37,236.81,233.34,172.22,225.84,181.22,199.55,186.56,229.77,204.21,190.33,186.86,178.47,131.81,117.47,120.64,131.55,123.53,100.16,98.66,121.53,111.39,87.1,75.58,66.67,45.54,52.66,46.07,31.73,36.18,44.26,23.35,36.04,26.22,22.57,15.11,19.56,17.96,20.25,10.99,11.6,4.3,9.41,9.52,4.96,6.54,7.15,7.41,4.68,3.39,4.7,5.01,3.63,3.99,3.67,4.3,2.69,2.29,2.29,2.9,1.84,2.56,2.4,2.45,1.56,1.6,1.96,1.65,1.8,1.57,1.6,1.74,1.68,1.78,1.62,1.45,1.48,1.39,1.37,1.42,1.36,1.24,1.42,1.27,1.33,1.29,1.28,1.26,1.09,1.23,1.21
315.06,343.72,278.49,252.49,224.43,253.54,230.2,247.36,232.66,331.37,272.88,238.31,270.6,148.41,222.8,215.33,204.04,179.71,214.81,205.73,170.81,207.99,145.05,159.17,115.86,126.14,131.99,118.57,130.39,115.38,87.63,88.43,111.97,96.56,58.78,79.64,74.39,45.37,46.97,33.09,43.55,29.35,21.51,30.92,21.67,13.79,16.89,14.6,14.02,6.61,9.79,9.95,5.67,9.97,6.75,6.3,4.38,4.63,4.55,4.12,4.66,3.13,3.39,3.57,3.41,3.03,2.44,2.35,2.35,2.46,2.11,2.04,2.63,2.08,1.98,2.2,1.75,1.68,2.01,1.67,1.88,1.71,1.38,1.66,1.63,1.3,1.41,1.71,1.5,1.35,1.34,1.38,1.35,1.41,1.31,1.33,1.37,1.27,1.3,1.2,1.26
273.89,308.79,271.9,289.4,308.34,310.6,256.31,254.64,248.64,252.19,210.57,182.82,270.39,219.27,197.91,212.52,212.48,163.28,152.46,199.54,149.14,136.11,172.29,134.75,158.77,133.54,111.69,101.17,106.71,118.73,97.98,90.85,94.39,72.98,63.22,71.25,63.73,48.65,45.59,54.64,23.56,27.18,23.75,28.65,29.47,16.48,20.17,10.35,14.81,10.95,8.81,10.13,6.07,5.81,7.64,5.69,5.81,6.46,5.26,4.57,3.4,3.9,3.94,3.19,3.04,3.14,3.02,3.7,2.51,2.65,2.14,2.59,2.01,2.34,2.28,1.79,1.5,1.76,2.16,1.48,1.73,1.55,1.61,1.8,1.67,1.47,1.55,1.72,1.57,1.31,1.43,1.25,1.37,1.41,1.29,1.34,1.31,1.43,1.26,1.2,1.26
311.95,301.02,326.37,294.4,307.34,230.16,307.96,212.18,228.26,244.75,247.43,241.6,183.96,199.89,214.57,198.95,189.04,191.76,159.9,154.25,152.09,161.37,130.65,143.81,166.47,110.74,84.48,136.93,98.41,104.63,98.5,59.18,74.58,99.06,61.9,66.42,81.44,38.07,48.55,46.66,23.47,29.65,34.67,27.73,16.93,20.08,14.91,15.08,20.11,11.05,10.21,8.14,8.84,10.04,5.03,4.98,7.62,5.53,3.3,3.84,4.08,4.26,4.46,3.47,3.33,3.36,2.88,1.94,2.55,2.08,2.04,1.95,2.09,2.19,2.12,2.26,1.6,1.77,1.95,2.15,1.47,1.73,1.72,1.54,1.47,1.78,1.45,1.52,1.54,1.56,1.31,1.36,1.45,1.4,1.2,1.46,1.45,1.22,1.35,1.29,1.32
311.58,266.11,281.21,274.42,281,296.75,272.87,295.72,240.18,216.78,254.52,141.21,219.67,250.16,256.75,182.76,195.35,218.64,183.3,186.82,150.99,144.49,145.57,136.04,150.87,137.01,122.93,89.3,131.92,85.87,79.06,103.84,52.89,65.08,64.73,56.98,68,53.02,62.63,37.4,31.68,42.1,28.04,22.77,28.13,12.5,23.16,14.36,15.32,12.33,14.16,8.29,8.85,7.62,6.99,6.27,7.16,4.79,4.84,3.3,3.28,4,3.67,3.41,3.41,4.31,2.83,2.43,2.34,2.21,3.12,2.46,2.32,2.2,1.83,1.97,2.27,2.05,1.74,1.88,1.7,1.89,1.78,1.69,1.69,1.43,1.47,1.35,1.47,1.44,1.39,1.59,1.43,1.48,1.26,1.47,1.25,1.31,1.26,1.25,1.16
252.8,305.46,237.17,268.97,290.59,242.75,216.24,269.22,263.57,198.49,194.5,263.15,233.09,225.56,241.93,186.46,214.71,202.91,174.13,197.89,144.81,141.98,150.94,129.77,127.08,126.01,123.25,115.38,60.62,103.27,71.91,73.84,76.45,85.65,60.53,47.96,40.79,32.54,26.8,29.09,29.85,32.59,19.25,19.84,16.36,16.66,24.98,17.17,8.54,7.07,15.55,7.58,9.26,4.62,5.33,8.28,4.39,4.31,3.52,3.8,5,2.71,3.59,4.63,4.72,2.78,2.37,2.96,2.65,2.66,2.56,2.54,2.43,2.66,2.03,2.18,1.74,2.36,1.56,1.8,1.62,1.46,1.56,1.63,1.73,1.65,1.43,1.68,1.5,1.49,1.6,1.39,1.36,1.27,1.36,1.25,1.44,1.21,1.26,1.33,1.27
300.5,266.84,261.23,212.72,277.72,290.53,242.82,281.46,253.54,230.81,237.88,194.54,243.88,198.61,180.07,222.54,197.27,142.66,226.44,152.41,174.57,131.81,159.81,153.16,121.11,109.4,105.39,111.44,93.42,100.09,89.7,84.6,73.8,81.53,57.72,54.94,67.39,50.41,47.22,49.89,36,30.86,31.01,20.61,19.71,16.99,15.78,17.49,12.53,13.25,10.65,10.14,12.28,8.6,9.09,7.72,6.74,4.16,3.97,4.06,3.91,4.93,3.19,3.65,2.38,3.26,3.37,2.24,2.64,2.4,2.29,2.23,2.76,2.58,2.03,2.31,2.18,1.73,1.75,1.7,1.62,1.64,1.54,1.54,1.57,1.57,1.43,1.43,1.46,1.42,1.4,1.45,1.39,1.41,1.68,1.4,1.28,1.22,1.33,1.34,1.26
274.25,281.06,268.2,300.25,236.23,218.85,259.05,293.82,271.4,233.93,205.61,236.07,181.99,238.44,225.14,196.07,124.13,189.8,219.74,145.62,156.76,132.62,102.81,126.72,139.35,119.15,130.71,115.97,101.83,99.91,83.39,70.99,61.53,71.55,51.55,57.51,56.65,55.22,30.75,42.96,31.04,22.64,15.95,32.18,26.5,19.36,19.38,13.36,18.18,11.82,7.13,9.06,8.78,4.92,4.52,6.97,4.26,7.04,4.38,3.65,3.94,3.66,3.74,3.3,2.9,2.88,4.2,2.6,3.28,2.74,2.57,2.53,2.55,2.11,2.25,2.02,2.14,2.06,1.79,1.93,1.57,1.84,1.85,1.55,1.66,1.54,1.85,1.43,1.61,1.43,1.6,1.55,1.31,1.32,1.37,1.46,1.28,1.3,1.35,1.11,1.33
240.85,264.78,237.34,241.02,231.84,266.93,262.07,242.24,251.67,232.28,203.66,201.06,197.75,174.18,218.51,222.06,183.69,203.46,188.58,187.51,115.23,126.59,122.1,146.08,135.64,133.65,114.69,90.87,112.16,103.81,94.05,98.79,79.74,74.91,65.79,58.3,51.85,45.9,39.47,27.42,38.19,28.22,22.65,25.59,18.85,22.25,18.68,10.73,11.49,13.06,7.65,7.58,7.49,7.21,8.99,5.68,4.88,6.46,6.7,4.15,4.18,5.96,4.02,3.88,2.38,3.55,3.51,3.07,2.84,3.21,3.52,1.94,2.32,1.74,2.16,2.36,1.67,2.05,1.9,1.91,1.76,2,1.71,1.83,1.39,1.39,1.68,1.73,1.61,1.77,1.51,1.5,1.43,1.18,1.5,1.33,1.37,1.28,1.4,1.25,1.56
258.52,278.89,283.76,261.71,202.89,222.6,233.32,270.06,226.37,236.5,226.44,198.73,178.11,201.56,173.01,180.28,157.7,188.81,169.26,188.9,136.12,149.47,163.93,84.99,126.02,124.48,110.61,120.08,81.99,134.29,89.66,53.15,67,44.63,61.24,49.04,46.3,61.6,51.41,31.75,25.99,31.52,39.62,31.04,15.84,19.11,15.33,17.48,10.03,13.3,8.74,15.14,7.39,8.49,8.21,6.54,7.28,6.31,4.59,3.7,4.06,3.98,3.91,3.02,3.5,2.63,3.01,3.17,2.27,2.97,2.43,2.58,2.31,2.48,1.81,1.71,2.4,2.11,1.61,1.64,1.77,1.79,1.57,1.4,2,1.85,1.71,1.54,1.61,1.53,1.75,1.28,1.23,1.36,1.33,1.23,1.24,1.33,1.25,1.32,1.51
291.5,286.92,235.48,270.88,258.93,274.16,251.75,257.03,251.21,230.1,210.51,238.7,180.25,243.7,162.02,149.2,198.6,150.21,144.58,173.82,153.05,128.38,140.67,155.46,121.34,129.22,86.98,113.11,71.35,73.49,72.53,123.58,65.4,76.92,56.78,41.13,53.65,45.42,36.94,35.89,40.9,19.45,17.6,16.13,15.8,14.63,19.15,13.65,13.29,10.02,10.81,11.26,7.54,9.19,7.81,6.79,4.86,5.04,3.63,6.77,4.72,4.54,5.47,4.68,2.63,3.38,2.66,3.32,2.79,3.42,2.05,2.19,2.49,2.69,2.32,2.02,2.13,2.22,2.06,1.92,1.84,1.69,1.73,1.91,1.73,1.47,1.57,1.54,1.59,1.56,1.31,1.27,1.36,1.52,1.4,1.17,1.3,1.25,1.38,1.19,1.4
226.83,274.46,247.01,216.23,203.35,212.33,218.69,219.36,236.23,245.62,207.57,206.81,201.68,190.83,215.05,190.84,167.51,154.9,167.05,177.43,113.55,98.96,150.81,133.84,124.3,116.7,118.77,88.49,122.91,91.48,84.89,81.7,65.06,64.13,40.45,54.24,56.57,56.28,30.14,25.25,32.96,31.47,17.68,16.63,14.7,15.35,13.14,14.72,12.11,11.96,6.63,7.9,9.37,6.55,9.06,7.46,4.92,9.04,4.8,5.11,4.09,4.55,4.09,4.68,3.02,2.82,2.91,3.6,2.99,2.79,2.5,2.85,2.68,2.4,2.48,2.09,1.81,2.18,1.71,1.98,1.76,1.77,1.64,1.89,1.86,1.56,1.57,1.47,1.72,1.48,1.64,1.65,1.48,1.41,1.42,1.45,1.34,1.38,1.17,1.33,1.2
266,253.03,318.71,278.96,252.53,324.51,267.47,252.23,209.96,155.01,185.86,217.84,196.95,177.2,223.97,177.48,209.08,168.45,116.63,157.21,178.58,141.56,125.36,143.79,97.48,144.62,96.09,92.09,101.76,81.14,92.24,64.35,85.15,65.86,43.62,56.1,44.55,51.68,33.37,29.69,33.75,23.11,23.66,28.79,21.17,16.8,16.71,14.23,8.11,14.46,10.03,9.63,7.94,8.56,4.8,6.45,5.12,4.75,4.39,3.93,2.65,4.71,2.86,3.82,2.87,3.3,3.44,3.3,2.6,2.21,2.66,2.67,2.77,2.35,2,1.97,1.95,1.74,2,1.82,1.94,1.64,1.84,1.58,1.73,1.76,1.76,1.82,1.84,1.61,1.54,1.42,1.35,1.52,1.64,1.24,1.47,1.53,1.39,1.36,1.35
248.64,216.9,207.33,249.34,274.07,236.78,253.24,236.07,240.92,224.54,187.99,185.99,201.8,141.78,173.83,153.93,224.19,183.69,156.6,142.95,151.91,142.53,122.14,107.71,127.19,130.76,140.38,113.65,112.79,80.71,95.82,101,60.2,42.26,61.1,38.08,37.72,33.63,46.41,29.38,25.48,30.46,27.78,22.25,24.45,17.21,12.6,16.27,9.13,6,7.54,8.38,10.94,8.46,7.06,9.1,6.42,6.67,4.73,5.97,5.19,4.03,6.04,3.53,2.97,3.79,4,2.73,2.9,2.03,2.84,2.97,2.82,2.51,2.31,2.18,1.94,1.9,2.39,1.97,1.98,1.79,2.04,2.17,1.39,1.73,1.88,1.56,1.46,1.62,1.45,1.44,1.42,1.26,1.54,1.27,1.26,1.26,1.38,1.27,1.3
302.36,241.29,263.59,234.9,234.9,207.95,252.12,203.67,231.78,198.16,238.67,191.33,196.82,196.12,209.42,191.54,155.06,187.55,151.45,160.55,135.96,153.22,125.08,120.77,109.84,82.06,103.72,84.33,78.54,82.07,93.58,66.18,56.27,64.58,45.75,63.93,40.25,46.93,38.43,35.14,29.16,17.41,22.76,13.51,23.79,20.4,16.55,8.74,12.89,15.35,6.95,10.57,6.87,5.54,10.04,5.95,8.1,5.36,5.53,3.28,5.79,6.05,3.34,3.32,2.59,3.12,3.69,2.81,3.4,2.56,2.37,2.83,2.11,3.28,3.07,2.37,2.43,1.99,2.29,2,2.13,1.64,1.59,1.83,1.84,1.64,1.74,1.56,1.33,1.52,1.49,1.4,1.62,1.58,1.61,1.36,1.35,1.51,1.55,1.28,1.35
250.73,205.27,218.71,245.69,288.51,229.81,264.44,211.48,240.56,208.47,212.86,200.59,206.33,169.91,193.73,225.15,166.05,179.44,150.25,177.65,146.55,145.03,127.27,124.58,147.17,135.61,124.54,98.19,91.88,91.49,85.48,74.56,56.64,60.86,43.97,58.84,47.43,42.12,37,43.24,17.51,22.62,25,19.22,28.26,20.23,20.9,17.65,13,7.69,8.34,6.32,10.18,8.01,5.8,6.64,4.52,6.55,3.43,5.46,3.63,5.75,4.66,3.16,3.57,3.27,3.18,3.59,4.49,3.21,2.43,2.14,2.84,2.38,2.7,2.4,1.74,2.11,1.86,2.14,2.79,1.81,1.93,1.67,1.54,1.54,1.58,1.6,1.52,1.59,1.44,1.44,1.68,1.54,1.37,1.41,1.51,1.45,1.49,1.32,1.27
