343.71,426.7,376.41,350.61,347.88,394.22,393.76,419.01,331.15,431.18,417.2,335.34,364.55,305.09,459.91,385.82,344.87,384.82,293.57,341.07,356.71,324.53,354.33,352.9,320.53,298.68,325.57,199.27,284.41,366.24,265.68,244.97,199.04,236.97,192.9,196.41,166.38,188.11,126.1,131.47,155.87,120.82,89.24,62.53,45.59,55.69,30.19,12.04,14.39,11.83,14.18,6.61,5.94,4.92,4.31,3.72,4.13,2.34,2.97,2.51,2.09,2.12,1.81,1.7,1.66,1.6,1.41,1.41,1.32,1.4,1.35,1.3,1.26,1.25,1.23,1.16,1.25,1.18,1.14,1.18,1.16,1.1,1.07,1.09,1.06,1.05,1.02,1,1.04,1.09,1.04,1.01,1.01,1.02,1.04,1.01,1.02,1.01,1.02,1.03,1
398.73,368.01,376.54,348.76,350.91,383,380.75,407,330.7,352.02,371.08,379.69,369.01,394.23,304.95,374.17,360.99,317.48,330.97,353.33,309.73,354.12,294.14,321.58,257.15,308.48,380.59,272.97,333.38,316.07,289.72,274.45,263.8,263.38,192.75,159.46,183.48,147.08,179.27,141.78,147.52,122.94,101.2,102.12,59.36,33.65,27.09,27.97,12.97,13.81,15.99,7.68,7.33,5.31,4.81,3.41,2.38,2.58,2.83,2.01,2.4,2.2,1.7,1.92,1.57,1.54,1.61,1.39,1.36,1.35,1.33,1.28,1.16,1.17,1.21,1.31,1.16,1.18,1.14,1.17,1.14,1.07,1.01,1.06,1.05,1.08,1.06,1.07,1.06,1.05,1.05,1.05,1.03,1.05,1.01,1.01,1.02,1,1,1,1.02
401.2,385.62,384.66,368.09,411.9,389.47,374.06,382.94,388.09,424.06,379.44,359.7,412.63,384.32,360.57,345.38,384.51,374.08,289.7,331.08,350.6,360.38,372.1,326.66,309.18,325.65,233.95,337.49,278.7,314.24,316.12,231.51,176.84,289.41,236.55,177.46,209.22,169.02,160.88,127.69,118.16,86.35,81.13,62.98,39.79,51.24,23.14,15.61,18.74,11.01,9.55,9.55,10.01,8.95,4.41,3.1,3.55,2.71,2.13,2.19,2.24,2.34,1.72,1.58,1.6,1.7,1.57,1.44,1.27,1.25,1.34,1.28,1.22,1.12,1.21,1.3,1.15,1.07,1.16,1.17,1.07,1.1,1.13,1.07,1.06,1.06,1.07,1.01,1.05,1.04,1.1,1.05,1.05,1.02,1.01,1,1.01,1.01,1.01,1,1
399.1,384.89,369.62,380.47,397.11,450.63,386.62,401.67,361.43,392.77,371.14,451.46,357.59,414.84,364.19,412.49,395.41,366.15,380.86,360.52,363.56,311.06,343.99,284.55,298.62,320.26,270.41,279.12,316.43,274.69,247.55,254.46,215.09,255.1,254.07,197.21,194.63,209.65,130.55,107.19,89.6,104.87,84.9,73.84,59.22,56.18,28.32,33.52,19.32,10.78,8.96,6.16,7.64,5.26,3.83,3.03,2.88,2.26,2.82,2.5,1.99,1.81,2.07,1.86,1.7,1.65,1.65,1.44,1.48,1.29,1.36,1.33,1.23,1.3,1.14,1.22,1.17,1.17,1.1,1.14,1.12,1.14,1.06,1.07,1.09,1.09,1.09,1.01,1.05,1.02,1.02,1.08,1.02,1.01,1.03,1.01,1.05,1,1.01,1.01,1.02
374.89,382.72,382.45,336.76,321.06,441.75,432.86,366.18,373.97,372.04,320.58,375.31,378.2,340.24,398.82,383.13,388.99,380.87,397.12,397.29,379.24,267.21,362.95,307.57,321,291.93,323.13,326.83,255.28,247.28,289.48,210.1,246.39,177.17,209.04,185.56,163.17,128.22,164.21,156.97,119.34,133.36,87.9,72.88,61.8,39.8,24.99,34.05,21.17,14.92,12.55,8.7,5.56,2.92,4.77,4.52,3,2.34,2.68,2,1.78,2.45,1.68,1.76,1.64,1.43,1.54,1.65,1.39,1.33,1.41,1.31,1.19,1.15,1.1,1.23,1.15,1.1,1.12,1.13,1.08,1.06,1.1,1.06,1.1,1.03,1.14,1.05,1.05,1.07,1.05,1.03,1.05,1.03,1.01,1.02,1.01,1.02,1.01,1.04,1.02
435.66,343.35,429.5,372.55,307.98,326.77,426.07,382.88,331.86,342.9,405.7,344.35,342.22,355.03,303.29,297.93,338.05,437.35,413.6,315.99,379.34,371.03,319.92,325.78,280.3,302.86,324.72,294.23,274.28,304.93,293.89,312.4,280.62,200.01,210.66,190.95,220.45,141.84,152.54,128.45,129.8,98.02,84.24,86.18,52.94,39.27,19.13,18.69,15.45,12.06,8.56,9.13,7.11,4.92,4.27,3.88,3.32,2.56,2.58,2.54,1.97,1.96,1.95,2.03,1.6,1.79,1.35,1.42,1.27,1.49,1.38,1.31,1.28,1.22,1.15,1.15,1.23,1.18,1.14,1.08,1.14,1.13,1.12,1.11,1.07,1.05,1.03,1.04,1,1,1.01,1.02,1.01,1.03,1.01,1.01,1,1.05,1.03,1,1.01
397.92,425.5,320.57,314.89,335.25,359.98,415.03,389.78,341.77,349.23,369.27,396.71,319.68,326.28,412.53,403.42,300.32,372.59,338.49,409.95,369.68,231.96,332.39,384.66,371.57,297.28,320.62,279.43,280,285.97,185.19,298.65,218.14,214.95,237.57,154.09,180.28,172.83,136.84,159.94,110.42,117.8,71.62,55.31,39.94,44.05,33.32,20.81,15.63,11.8,9.61,8.05,8.17,4.53,4.31,3.19,2.65,2.53,2.42,2.24,1.72,2.3,2.05,2.06,1.52,1.72,1.64,1.37,1.36,1.35,1.29,1.33,1.19,1.2,1.27,1.17,1.13,1.13,1.16,1.12,1.1,1.1,1.04,1.12,1.02,1.08,1.07,1.09,1.05,1.04,1.03,1.02,1.02,1.03,1,1.03,1,1.01,1.02,1.01,1.02
360.04,374.25,356.68,367.96,366.5,302.19,434.02,334.55,390.69,398.69,393.78,356.89,400.15,349.71,405.12,365.48,374.56,287.49,337.64,281.33,296.81,375.7,298.62,300.82,286.6,312.5,293.4,298.5,317.33,236.61,300.45,249.86,211.93,198.48,232.05,170.17,145.12,142.24,143.04,142.2,134.53,123.42,102.94,84.54,57.94,28.27,33.43,17.75,21.57,13.81,8.79,8.12,7.45,4.6,3.97,3.56,3.98,2.43,2.18,2.07,2.51,2.09,2.17,2.03,1.81,1.65,1.46,1.67,1.43,1.22,1.27,1.27,1.28,1.24,1.31,1.19,1.11,1.1,1.08,1.17,1.09,1.1,1.1,1.09,1.05,1.08,1.05,1.06,1.07,1.04,1.04,1.03,1,1.04,1.02,1.02,1,1.03,1.03,1.02,1
445.38,314.29,279.8,412.25,317.38,463.82,456.7,388.78,352.88,330.35,398.38,388.97,396.9,326.28,350.73,340.73,265.39,350.64,375.26,352.02,351,318.16,326.12,296.73,346.88,257.98,329.36,290.13,227.54,263.36,300.9,253.76,254.13,219.19,189.28,192.77,211.69,161.37,145.05,116.11,107.36,77.66,64.46,54.58,38.93,27.17,28.81,23.2,27.41,16.89,6.42,8.03,8.55,3.42,4.91,3.66,2.47,3.15,2.84,2.91,2,2.37,2,1.73,1.56,1.53,1.74,1.75,1.29,1.22,1.37,1.36,1.19,1.22,1.24,1.12,1.16,1.12,1.16,1.15,1.14,1.11,1.1,1.14,1.05,1.04,1.08,1.04,1.08,1.05,1.06,1.05,1.01,1.03,1,1.05,1.03,1.02,1,1.01,1.01
403.43,395.25,377.76,426.83,458.43,359.07,396.52,392.78,359.51,390.63,371.98,295.92,396.15,324.95,439.12,352.11,357.04,295.06,410.2,348.71,297.28,299.1,333.46,323.58,283.24,319.63,232.5,294.13,287.27,280.4,250.8,301.68,192.24,217.82,209.05,221.35,175.61,154.4,147.71,123.12,116.54,103.84,56.8,93.35,48.99,46.21,34.43,26.88,14.81,12.85,7.23,9.01,7.61,7.15,3.71,4.95,3.29,2.65,2.39,2.34,1.86,2.02,2.07,1.57,1.65,1.73,1.39,1.65,1.37,1.21,1.48,1.24,1.19,1.27,1.19,1.22,1.19,1.12,1.13,1.16,1.23,1.11,1.05,1.14,1.09,1.15,1.08,1.04,1.06,1.05,1.02,1.04,1.02,1.02,1.04,1.03,1.02,1.02,1.01,1.03,1
415.34,325.97,385.48,404.67,410.56,358.82,339.62,430.35,371.19,394.4,369.11,358.93,365.89,399.69,405.08,378.67,303.91,318.02,316.55,409.67,380.86,331.91,341.67,315,254.4,345.66,293.93,282.04,361.03,272.23,301.73,270.09,239.81,234.39,218.48,206.74,180.16,159.78,130.77,115.13,119.3,97.96,67,47.81,64.24,24.03,30.81,17,17.93,12.52,4.85,5.55,5.13,6.73,3.26,3.55,3.74,2.89,2.12,2.1,1.92,2.06,1.87,1.77,1.79,1.72,1.54,1.4,1.32,1.4,1.47,1.28,1.37,1.28,1.28,1.26,1.23,1.21,1.13,1.13,1.23,1.11,1.05,1.12,1.06,1.08,1.05,1.06,1.05,1.04,1.05,1.04,1.03,1.03,1.03,1.01,1.01,1.02,1.05,1.01,1
418.49,412.41,348.88,304.74,342.2,324.28,397.56,307.45,360.16,375.22,430.87,362.45,383.44,334.21,320.04,335.77,308.8,346.25,422.86,345.56,391.28,340.48,362.84,272.08,348.66,291.27,276.73,241.21,280.52,300.08,248.8,245.64,183.7,214.47,235.36,160.7,206.73,142.87,153,118.21,90.99,101.29,72.62,76.79,48.28,40.98,32.21,14.93,15.46,15,7.69,8.22,7.56,3.38,5.44,4.61,3.88,2.49,3.18,2.66,2.41,2.08,1.82,1.89,1.57,1.62,1.6,1.6,1.49,1.45,1.31,1.28,1.32,1.18,1.15,1.28,1.22,1.19,1.17,1.17,1.13,1.11,1.08,1.1,1.1,1.11,1.07,1.04,1.05,1.07,1.03,1.04,1.06,1.07,1.04,1.02,1,1,1.01,1,1.01
303.61,354,415.24,368.82,371,319.71,379.39,369.16,297.76,336.13,365.57,362.51,347.62,381.96,314.59,320.04,405.69,367.58,421.01,333.1,280.98,339.91,343.47,394.56,332.85,348.53,287.88,292.41,261.87,260.1,293.08,180.45,207.64,205.34,186.59,218.01,148.24,186.65,119.05,145.77,101.3,104.66,65.65,69.68,51.96,36.06,27.19,21.34,13.85,11.38,8.69,6.96,9.76,6,3.94,2.59,5.09,2.84,2.5,2.75,2.43,2,1.71,1.72,1.59,1.39,1.63,1.62,1.38,1.44,1.27,1.42,1.25,1.16,1.17,1.25,1.26,1.23,1.23,1.1,1.15,1.1,1.1,1.11,1.03,1.06,1.07,1.09,1.06,1.11,1.02,1.06,1.01,1.04,1.04,1.01,1.02,1.01,1.03,1.01,1
416.75,339.47,436.41,426.79,418.6,403.46,410.44,427.75,368.43,398.1,408.74,340.87,374.36,370.91,435.73,377.31,328.72,379.09,344.44,310.39,296.46,298.47,246.89,298.08,239.04,348.7,306.33,277.12,275,293.22,250.7,203.21,224.6,230.56,166.73,190.79,127.12,147.39,137.55,100.8,125.92,89.92,73.19,76.04,48.06,37.05,23.82,22.37,18.42,18.5,10.59,6.63,8.59,5.96,4.57,4.02,3.4,3.62,2.02,2.21,2.35,1.65,1.65,1.74,1.71,1.76,1.56,1.73,1.75,1.3,1.36,1.23,1.31,1.31,1.16,1.18,1.26,1.22,1.23,1.1,1.07,1.14,1.1,1.1,1.12,1.07,1.08,1.07,1.04,1.08,1.01,1.04,1.05,1.07,1.04,1.01,1,1.02,1.01,1.05,1.02
359.33,396.95,420.54,382.26,343.34,428.52,384.87,378.24,391.32,357.38,414.29,379.79,385.6,346.68,407.8,373.62,323.43,354.56,362.87,296.68,315.33,312.35,272.88,323.81,262.24,343.1,283.17,281.33,225.2,290.99,287.31,228.63,193.98,209.4,181.48,164.5,135.65,182.73,133.56,87.46,94.12,121.81,79.51,61.96,46.26,46.19,31.5,22.28,17.53,19.67,9.25,6.65,4.87,8.49,5.91,4.82,2.62,2.59,2.97,2.79,2.11,2.3,1.8,1.9,2.03,1.72,1.54,1.59,1.59,1.27,1.28,1.35,1.27,1.21,1.23,1.16,1.12,1.21,1.16,1.21,1.15,1.18,1.13,1.07,1.05,1.05,1.09,1.07,1.04,1.04,1.01,1.04,1.08,1.07,1.02,1.01,1.05,1.01,1.02,1.03,1.01
352.33,427.14,402.53,350.67,404.48,406.21,401.12,330.43,354.24,349.52,387.11,347.14,337.69,432.05,425.84,363.41,294.52,354.66,349.8,338.41,359.72,301.19,315.85,347.15,282.24,298.45,246.85,288.77,252.39,230.25,265.26,217.53,258.56,189.23,234.54,196.14,185.94,148.73,121.89,118.16,107.67,57.3,81.65,50.98,47.15,27.82,21.86,20.45,26.29,14.43,11.27,4.95,5.64,5.22,4.26,4.89,2.88,2.77,2.75,2.91,2.3,1.84,2.33,1.81,1.63,1.79,1.65,1.52,1.54,1.56,1.43,1.25,1.37,1.27,1.29,1.19,1.22,1.32,1.29,1.12,1.15,1.14,1.21,1.11,1.08,1.06,1.06,1.09,1.01,1.02,1.14,1.01,1.03,1.04,1.02,1.03,1.04,1.07,1.05,1.02,1.03
409.39,369.35,424.28,384.86,332.79,416.63,358.26,359.27,406.98,338.76,365.87,371.62,292.95,291.43,324.65,373.98,321.21,334.52,329.23,361.71,341.62,294.73,392.05,278.27,275.46,274.69,278.87,258.8,308.46,224.88,192.6,277.87,220.92,251.34,200.55,180.39,150.41,176.38,126.48,107.29,99,73.99,64.15,62.73,54.05,42.66,29.59,13.38,10.36,17.3,7.44,6.66,6.22,4.99,4.54,3.43,3.47,3.4,3.39,2.06,2.84,2.27,1.78,1.68,2.45,1.53,1.73,1.54,1.59,1.48,1.44,1.38,1.39,1.28,1.29,1.3,1.19,1.14,1.17,1.3,1.19,1.03,1.07,1.09,1.08,1.09,1.1,1.11,1.08,1.05,1.04,1.01,1.04,1.04,1.06,1.02,1.03,1.03,1.03,1.01,1.01
432.99,391.24,436.4,456.48,370.46,408.97,410.81,379.69,396.29,378.08,381.56,414.62,359.61,335.7,444.95,390,304.68,325.16,350.85,285.28,293.63,298.43,293.4,326.89,290.87,318.62,260.25,293.37,243.27,215.31,206.5,242.05,223.2,221.16,199.09,180.75,174.64,122.65,126.02,114.32,104.68,76.67,59.8,54.85,40.39,33.29,26.5,24.71,18.75,11.51,4.53,8.23,5.32,5.09,4.75,4.72,3.71,3.62,2.86,3.13,2.12,2.29,1.8,1.93,1.94,1.66,1.89,1.37,1.76,1.51,1.51,1.39,1.36,1.38,1.11,1.19,1.25,1.11,1.15,1.09,1.16,1.12,1.11,1.1,1.22,1.1,1.1,1.09,1.06,1.08,1.08,1.07,1.13,1.03,1.04,1.04,1.01,1.04,1.02,1.03,1.02
348.81,334.59,417.37,380.21,394.44,435.33,401.81,357.58,398.71,342.83,418.41,382.1,351.63,356.68,348,316.61,248.1,372.29,371.09,326.24,293.76,380.03,312.1,334.38,314.54,296.54,279.62,296.88,220.4,238.82,291.45,239.46,225.07,167.74,141.85,143.3,139.22,153.14,111.36,91.17,80.75,65.77,55.01,50.99,49.18,27.33,20.61,20.55,13.33,14.21,7.29,5.26,7.76,6.03,4.06,4.12,2.46,3.91,3.49,1.6,2.96,3.22,1.91,1.82,1.67,1.53,1.76,1.67,1.44,1.57,1.48,1.3,1.28,1.32,1.17,1.22,1.21,1.22,1.16,1.15,1.08,1.19,1.11,1.12,1.06,1.08,1.08,1.1,1.08,1.07,1.06,1.05,1.02,1.06,1.05,1.05,1.02,1.02,1.05,1.03,1.01
352.06,409.95,388.85,472.51,345.7,345.44,342.33,332.37,387.36,402.27,388.25,432.07,326.6,384.32,307.58,328.4,311.59,326.25,364.39,390.13,271.62,323.54,296.39,334.89,232.42,232.18,214.1,289.04,241.32,214.76,194.52,249.69,164.75,225.52,184.73,182.96,164.77,139.86,99.71,131.09,90.89,70.7,84.24,46.45,43.54,32.38,21.77,27.28,12.59,11.92,9.23,9.12,11.25,6.28,5.49,4.76,5.73,2.49,2.86,2.92,2.85,2.07,1.85,1.96,1.96,1.98,1.58,1.78,1.48,1.42,1.3,1.36,1.31,1.36,1.28,1.22,1.25,1.31,1.18,1.32,1.17,1.16,1.08,1.14,1.06,1.07,1.05,1.09,1.08,1.1,1.07,1.07,1.02,1.05,1.04,1.05,1.01,1.04,1.02,1.02,1.03
387.06,410.67,421.36,346.43,332.19,439.45,335.3,333.1,422.8,420.5,414.23,319.67,375.72,416.09,330.28,302.27,388.73,383.21,349.71,338.17,273.25,306.81,364.6,300.65,235.4,201,195.91,308.15,194.17,291.85,184.6,268.22,200.63,214.66,216.61,143.68,171.79,116.94,97.54,81.45,85.91,69.63,60.88,44.1,55.07,30.29,38.91,25.44,11.32,16.54,6.14,6.22,8.27,5.46,3.95,3.75,4.2,2.7,3.31,2.72,2.36,2.23,1.64,2.32,1.9,1.54,1.54,1.48,1.39,1.53,1.44,1.51,1.39,1.31,1.3,1.23,1.25,1.34,1.32,1.2,1.17,1.14,1.1,1.06,1.12,1.15,1.17,1.08,1.1,1.04,1.02,1.05,1.04,1.02,1.04,1.06,1.01,1.02,1.01,1,1
350.39,340.76,364.92,414.77,469.52,328.32,418.79,340.43,431.73,315.67,363.73,477.55,325.91,328.58,343.89,323.11,314.67,273.97,331.28,349.65,297.24,327.07,330.48,322.09,289.26,312.61,271,232.71,220.56,255.45,254.22,237.84,180.74,190.89,190.82,170.22,122.34,128.48,115.65,102.25,116.7,86.95,51.04,41.4,38.52,37.19,35.41,25.75,18.76,26.54,7.58,6,5.57,6.87,3.92,3.9,4.01,3.31,3.11,4.32,2.8,2.54,2.92,2.14,1.77,1.58,1.7,1.66,1.58,1.47,1.51,1.56,1.57,1.29,1.36,1.32,1.34,1.4,1.21,1.21,1.14,1.16,1.22,1.17,1.12,1.06,1.03,1.13,1.09,1.09,1.09,1.05,1.03,1.08,1.02,1.05,1.03,1.02,1.01,1,1
350.64,352.33,356.24,359.92,391.83,335.85,363.23,356.23,413.29,296.02,298.76,373.17,386.79,343.69,337.88,325.87,399.12,361.1,339.26,306.73,298.11,314.9,290.72,316.61,288.36,254.13,280.23,260.91,198.39,174.17,229.11,222.54,226.48,169.19,180.99,194.29,145.2,113.79,117.63,130.05,97.57,55.41,77.08,53.82,49.74,32.59,20.2,22.52,17.41,12.92,13.6,4.5,7.51,8.72,5.61,5.35,3.21,3.77,3.1,2.59,2.6,2.31,2.34,1.69,2.57,1.78,1.71,1.71,1.69,1.51,1.36,1.45,1.42,1.15,1.38,1.29,1.24,1.3,1.1,1.12,1.18,1.12,1.18,1.11,1.15,1.09,1.13,1.06,1.09,1.06,1.1,1.11,1.05,1.07,1.07,1.01,1.05,1.01,1.03,1.05,1.01
426.81,347.86,395.57,396.65,343.66,388.57,345.84,340.71,325.21,310.53,365.54,336.69,313.77,335.23,334.31,368.42,326.53,396.1,282.24,332.22,279.69,278.46,277.29,292.8,285.5,243.86,225.94,209.83,219.58,238.07,186.68,254.02,184.19,196.05,135.51,132.75,166.99,158.18,128.7,89.58,80.17,87.2,52.92,50.04,41.63,33.38,31.68,29.2,19.33,15.57,8.2,7.15,8.75,5.99,4.44,3.99,3.25,3.75,2.97,1.9,2.2,2.73,1.96,1.62,1.97,1.78,1.68,1.68,1.57,1.47,1.43,1.44,1.47,1.17,1.29,1.19,1.44,1.25,1.18,1.19,1.18,1.15,1.28,1.16,1.11,1.15,1.07,1.13,1.17,1.1,1.04,1.09,1.01,1.05,1.06,1.04,1.02,1.03,1.02,1.04,1
401.52,398.24,356.11,399.65,395.44,438.43,341.96,331.76,354.87,343.86,396.28,384.37,343,333.84,371.29,313.83,380.68,318.55,283.91,351.71,263.15,300.74,329.85,226.18,276.23,209.07,222.63,266.38,274.07,232.89,195.36,228.73,202.16,187.11,132.85,184.63,115.44,94.55,93.97,108.04,62.92,82.77,64.46,50.36,41.34,41.59,23.41,19.01,15.32,13.63,8.35,10.85,3.82,6.8,4.67,4.43,3.07,3.03,2.89,2.93,2.79,1.93,2.3,1.76,2.66,2.09,1.87,1.65,1.51,1.64,1.41,1.48,1.52,1.16,1.31,1.34,1.39,1.23,1.32,1.26,1.17,1.19,1.13,1.11,1.1,1.18,1.1,1.1,1.09,1.11,1.14,1.03,1.06,1.05,1.05,1.02,1.02,1.02,1.05,1.04,1.03
347.63,373.12,422.68,404.67,312.29,379.01,357.4,340.08,355.72,321.7,438.5,294.7,315.12,360.68,344.88,287.02,325.53,338.13,288.78,271.92,309.52,244.71,295.43,266.75,232.9,229.08,249.82,283,222.43,212.81,205.91,232.74,174.97,174.42,147.79,137.87,129.67,100.37,130.18,93.98,75.03,58.68,45.83,39.84,46.08,33.13,32.82,23.55,15.75,11.11,5.5,6.35,5.06,6.17,4.87,7.23,3.98,3.5,3.31,3.01,2.4,2.82,2.48,2.37,2.19,1.73,1.86,1.85,1.67,1.57,1.57,1.45,1.44,1.46,1.43,1.44,1.24,1.25,1.33,1.16,1.15,1.26,1.16,1.09,1.09,1.15,1.12,1.09,1.09,1.08,1.09,1.07,1.09,1.08,1.07,1.05,1.04,1.02,1.03,1.05,1.04
332.2,371.97,413.28,395.4,391.03,348.25,335.82,309.53,333.1,336.58,377.96,374.09,356.46,330.61,337.9,409.72,334.13,328.81,281.59,326.66,345.46,304.77,270.8,249.81,265.54,273.28,245.46,207.89,242.86,234.65,235.8,209.45,193.31,159.04,168.25,139.93,133.06,117.38,104.74,71.87,65.35,45.07,43.19,37.7,49.1,30.56,28.39,22.43,11.86,11.14,7.09,9.65,8.35,8.76,4.65,4.32,4.34,3.26,3.33,2.97,2.21,2.91,2.5,2.03,1.99,1.91,1.85,1.69,1.87,1.39,1.59,1.35,1.34,1.49,1.43,1.43,1.34,1.28,1.28,1.3,1.19,1.19,1.3,1.15,1.08,1.14,1.13,1.12,1.09,1.09,1.11,1.04,1.1,1.05,1.06,1.05,1.03,1.05,1.03,1.03,1.04
376.07,439.19,351.02,345.78,381.06,402.54,430.95,359.54,401.44,348.97,383.07,316.77,330.64,344.95,281.34,305.26,284.99,333.39,296.38,256.8,311.51,243.97,256.38,226.27,242.44,211.39,253.02,232.56,167.61,159.26,199.78,200.11,212.1,150.7,122.65,126.19,130.31,110.9,93.25,98.12,48.64,55.22,70.25,41.01,31.41,36.31,24.06,19.17,24.6,11.27,8.74,8.25,6.25,5.83,3.79,6.17,3.71,3.77,4.11,3.04,3.1,2.23,1.92,1.9,2.44,1.71,2.05,1.87,1.65,1.66,1.69,1.51,1.39,1.36,1.41,1.39,1.28,1.28,1.28,1.2,1.29,1.15,1.22,1.21,1.13,1.13,1.15,1.05,1.1,1.08,1.06,1.12,1.03,1.04,1.06,1.05,1.04,1.03,1.03,1.03,1
345.59,388.95,394.29,356.46,436.67,364.03,364.06,280.95,346.47,357.66,407.57,301.92,320.19,332.24,310.63,281.64,302.09,313.76,279.26,288.32,306.26,298.11,241.64,239.72,259.99,253.33,254.37,235.86,234.23,177.59,210.9,233.5,171.21,198.63,112.38,106.41,125.35,120.29,90.3,91.2,86.94,36.44,54.7,36.64,37.56,16.37,36.7,26.18,16.68,14.76,12.01,5.57,8.65,4.15,3.5,4.63,3.39,2.58,4.93,3.34,3.1,2.22,2.19,3.02,2.67,2.01,1.6,1.82,1.7,1.57,1.39,1.37,1.62,1.42,1.49,1.57,1.22,1.45,1.26,1.17,1.16,1.3,1.23,1.24,1.1,1.22,1.12,1.16,1.12,1.06,1.06,1.1,1.09,1.08,1.07,1.07,1.01,1.03,1.02,1.07,1.04
386.89,305.84,374.3,413.69,397.74,333.97,348.75,337.19,351.4,297.33,324.95,327.38,330.27,370.1,294.84,323.65,296.24,265.71,270,341.64,282.02,291.41,331.77,240.98,236.27,221.09,254.38,224.86,253.79,150.57,201.61,141.47,172.5,187.64,162.85,143.05,91,113.6,81.34,89.67,56.34,62.38,55.76,41.35,37.11,29.12,27.24,20,11.16,12.76,17.59,7.97,7.48,5.73,5.48,3.26,6.27,4.28,4.42,3.57,3.45,1.87,1.94,2.71,2.36,1.59,1.83,1.68,1.77,1.59,1.67,1.64,1.36,1.42,1.47,1.32,1.32,1.24,1.17,1.19,1.24,1.27,1.28,1.23,1.17,1.17,1.17,1.16,1.17,1.15,1.08,1.08,1.05,1.11,1.06,1.04,1.06,1.07,1.06,1.03,1.04
427.4,388.33,364.85,415.27,405.07,347.43,340.5,362.73,342.36,349.31,293.35,340.84,414.77,355.34,323.99,307.44,249.04,360.25,274.45,266.19,286.46,276.74,299.77,256.81,262.82,217.72,233.77,250.42,235.92,172.37,160.61,200.01,202.94,172.89,159.88,109.79,131.83,141.59,62.55,85.98,84.14,68.36,47.76,44.88,33.85,32.07,30.35,24.03,11.23,16.18,10.36,7.26,8.78,4.59,5.54,4.63,3.81,4.27,3.58,4.68,2.81,3.28,2.55,2.04,1.86,1.83,2.13,2.09,1.58,1.88,1.8,1.51,1.45,1.55,1.29,1.23,1.27,1.41,1.38,1.26,1.23,1.12,1.23,1.11,1.21,1.14,1.12,1.11,1.18,1.08,1.14,1.08,1.06,1.1,1.07,1.08,1.07,1.06,1.1,1.03,1.04
347.6,363.79,419.93,350.84,361.17,363.79,290.1,341.43,308.69,330.69,343.38,280.28,308.38,292.86,361.04,285.23,316.29,304.7,327.75,264.79,310.9,276.08,359.63,294.55,300.41,221.26,250.77,209.79,170.32,185.25,151.26,185.2,153.95,176.44,168.66,133.33,139.65,126.66,92.86,78.74,69.59,70.82,52.99,21.02,36.24,29.21,21.27,12.48,8.45,11.1,18.7,6.2,7.83,3.18,5.15,4.77,5.14,4.85,2.69,5.08,2.88,2.85,2.54,2.56,2.34,1.54,1.88,1.92,1.66,1.59,1.68,1.47,1.51,1.37,1.56,1.43,1.36,1.3,1.24,1.28,1.28,1.27,1.19,1.25,1.19,1.13,1.15,1.15,1.16,1.1,1.08,1.11,1.05,1.09,1.02,1.1,1.04,1.09,1.06,1.06,1.06
352.17,340.47,362.71,366.02,354.29,380.89,339.46,326.21,409.98,364.83,395.01,298.8,382.73,292.64,366.06,295.18,332.9,295.01,293.93,271.52,355.6,297.17,291.13,217.09,230.48,217.78,244.02,215.55,202.28,223.66,171.88,173.77,166.85,161.65,136.69,153.97,112,112.24,118.21,101.77,72.32,72.21,47.51,36.3,35.4,33.49,21.79,32,18.42,13.12,8.42,5.69,5.03,8.77,3.64,5.62,3.62,3.26,4.04,3.08,2.3,2.69,3.04,1.75,2.25,2.01,2.22,1.87,1.67,2.08,1.86,1.43,1.64,1.56,1.45,1.32,1.31,1.25,1.28,1.22,1.17,1.39,1.18,1.26,1.08,1.2,1.12,1.1,1.11,1.15,1.1,1.15,1.05,1.07,1.07,1.03,1.05,1.03,1.05,1.04,1.08
285.65,379.41,353.19,413.77,370.59,367.44,427.29,339.06,337.88,363.84,339.29,321.88,346.68,314.86,367.15,277.51,246.45,340.33,297.33,252.27,335.83,254.71,257.97,244.58,202.43,252.96,236.84,167.73,258.21,203.23,172.64,150.75,182.61,144.47,156.15,93.19,125.53,70.4,77.75,77.72,80.61,56.62,57.88,32.87,29.79,18.13,16.18,10.96,14.47,10.41,9.56,6.77,7.76,5.48,4.38,5.4,5.08,3.06,3.06,3.37,2.7,2.82,2.57,2.97,2.34,2.31,2.17,1.63,1.67,1.91,1.77,1.63,1.64,1.63,1.62,1.33,1.43,1.31,1.44,1.43,1.25,1.27,1.34,1.14,1.16,1.16,1.21,1.22,1.11,1.13,1.19,1.09,1.09,1.08,1.08,1.07,1.13,1.04,1.05,1.03,1.04
341.71,382.65,353.98,337.29,391.18,406.39,358.98,307.15,391.3,341.19,355.37,351.14,359.43,293.23,280.91,288.48,289.12,280.21,321.23,233.78,299.09,231.86,202.78,279.96,254.69,216.07,228.36,228.06,184.44,214.17,167.11,183.71,214.66,147.34,155.04,118.37,94,123.77,81.22,94.76,68.85,50.56,36.98,47.8,28.64,30.56,20.72,14.26,16.08,15.03,11.27,12.24,8.94,7.2,5.93,6.1,4.28,3.91,2.04,2.95,3.15,2.21,2.49,2.25,2.19,2.09,1.91,2.16,2.24,1.56,1.51,1.48,1.46,1.48,1.24,1.35,1.27,1.39,1.39,1.26,1.46,1.32,1.18,1.16,1.1,1.13,1.09,1.14,1.06,1.11,1.14,1.19,1.11,1.15,1.11,1.16,1.11,1.08,1.01,1.07,1.06
371.11,344.26,396.72,371.78,363.12,367.88,292.57,306.37,300.83,342.7,323.64,312.07,314.87,282.58,254.83,304.45,243.55,354.75,293.41,240.77,296.06,291.65,221.03,256.82,273.88,256.36,227.05,198.52,221.74,184.07,161.16,182.78,167.65,124.4,150.71,109.32,114.39,94.39,62.82,69.41,63.32,51.5,43.96,35.93,37.9,25.84,14.39,16.32,10.02,18.28,9.46,6.36,7.81,4.78,4.86,5.48,2.75,2.94,4.31,3.25,3.14,2.74,2.42,2.12,1.66,2.25,2.32,1.91,1.97,1.56,1.88,1.5,1.52,1.7,1.41,1.49,1.24,1.43,1.37,1.23,1.32,1.17,1.19,1.13,1.23,1.25,1.1,1.14,1.09,1.1,1.08,1.08,1.13,1.07,1.06,1.02,1.09,1.1,1.04,1.05,1.09
357.07,302.37,407.45,365.44,367.82,341.71,354.75,319.5,360.81,313.37,322.99,323.8,373.57,312.17,325.5,291.06,300.39,332.84,265.47,298.25,249.16,236.04,258.99,216.85,288.44,288.37,186.56,173.89,196.05,153.32,160.62,158.89,122.48,144.53,151.8,152.29,99.97,91.8,75.85,65.91,52.42,54.38,42.27,38.75,17.12,24.35,17.55,16.34,16.53,9.7,8.84,7.59,5.77,5.16,7.54,3.03,3.84,3.49,3.15,3.69,3.06,2.59,2.23,3.04,2.18,2.54,1.99,2.01,2.01,1.93,1.61,2.09,1.59,1.58,1.5,1.36,1.38,1.47,1.57,1.19,1.21,1.26,1.37,1.28,1.37,1.08,1.19,1.13,1.12,1.08,1.06,1.18,1.15,1.1,1.06,1.12,1.04,1.1,1.05,1.07,1.04
411.9,338.63,348.85,306.48,347.01,345.61,423.87,361.73,292.27,278.91,308.6,377.49,283.73,319.52,323.03,303.64,239.04,310.06,336.97,223.79,266.64,302.19,241.17,256.32,201.75,198.88,219.76,239.01,239.35,157.49,154.76,150.55,149.36,137.26,102.82,97.26,92.1,89.14,67.78,51.24,58.67,55.72,30.27,41.88,23.89,25.03,13.04,16.85,15.88,16.22,13.97,7.92,6.57,6.45,5.88,4.13,5.16,3.79,4.15,2.38,2.74,3.48,2.7,2.48,2.67,1.98,2.03,1.8,1.8,1.62,1.68,1.54,1.77,1.58,1.39,1.48,1.34,1.54,1.45,1.4,1.22,1.3,1.34,1.17,1.26,1.23,1.27,1.15,1.21,1.17,1.2,1.21,1.1,1.1,1.1,1.14,1.11,1.11,1.05,1.11,1.01
276.92,311.75,381.47,344.78,391.28,286.83,294.54,324.4,245.3,348.09,314.42,272.19,314.41,308.07,255.9,290.3,286.22,251.19,289.51,311.48,307.15,287.36,281.61,225.31,198.88,214.13,204.46,226.19,192.3,175.19,149.39,164.32,155.48,150,77.99,112.86,98.47,62.98,79.28,76.12,62.03,49.57,37.56,26.76,37.51,20.9,19.86,18.53,10.92,11.87,11.24,8.92,9.05,3.69,6.2,4.9,4.06,4.24,3.65,3,2.67,3.59,2.32,3.3,2.2,2.02,1.98,1.98,2.24,1.66,1.7,1.83,1.5,1.53,1.44,1.47,1.35,1.35,1.37,1.34,1.4,1.3,1.29,1.29,1.23,1.22,1.25,1.17,1.35,1.15,1.13,1.09,1.2,1.19,1.02,1.13,1.11,1.05,1.13,1.06,1.05
356.67,294.12,324.06,311.53,343.07,372.45,324.85,279.89,369.84,263.83,333.73,332.47,349.26,286.93,342.06,304.88,263.81,251.63,283.54,188.8,243.79,287.6,235.09,248.33,233.01,212.98,172.85,141.39,166.03,193.52,127.9,177.97,115.64,138.14,131.58,103.32,121.56,96.84,56.86,76.13,58.27,63.64,59.45,36.58,18.11,18.31,20.35,21.27,12.08,11.5,10.03,11.39,5.84,4.18,5.23,4.42,5.43,4.6,4.16,4.46,3.24,2.74,2.41,2.43,2.25,2.28,2.03,2.28,2.3,1.77,1.83,1.54,1.61,1.84,1.39,1.52,1.52,1.34,1.6,1.38,1.47,1.29,1.24,1.23,1.17,1.25,1.17,1.16,1.14,1.14,1.1,1.1,1.03,1.11,1.12,1.12,1.15,1.06,1.11,1.05,1.09
327.78,353.04,322.67,306.99,437.47,369.11,344.71,340.53,283.72,378.72,291.88,284.15,261.85,277.56,254,289.45,317.22,263.27,266.87,298.06,276.45,259.49,255.52,195.08,195.77,215.12,165.71,178.02,186.17,188.35,163.29,156.4,151.65,128.61,159.27,88.51,121.52,101.45,63.48,52.92,56.73,61.19,36.89,35.75,27.59,21.87,21.26,14.2,11.56,10.64,10.02,8.52,9.93,5.51,6.31,5.62,4.48,4.18,5.13,4.13,3.56,3,3.27,2.14,2.52,2.57,2.04,2.52,1.5,2.02,1.57,1.8,2.01,1.47,1.56,1.69,1.58,1.37,1.39,1.46,1.45,1.35,1.23,1.49,1.3,1.18,1.23,1.21,1.16,1.18,1.22,1.14,1.14,1.12,1.14,1.13,1.08,1.07,1.08,1.13,1.13
355.02,319.89,418.21,353.43,366.75,357.06,323.87,271.07,287.33,341.09,271.38,295.04,274.63,340.35,243.22,230.36,336.88,248.75,319.62,271.18,249.1,257.05,272.56,219.57,243.65,189.42,178.18,174.85,173.84,175.87,159.64,143.02,120.72,106.18,135.89,97.41,113.65,89.27,76.31,58.37,59.33,66.82,45.81,26.57,18.15,29.08,26.03,20.45,16.21,13.69,9.88,10.34,5.57,3.92,6.3,5.69,4.78,4.28,3.54,3.32,3.72,2.38,2.59,2.73,2.84,2.15,2.16,2.39,1.86,2.06,2.04,1.55,1.56,1.56,1.96,1.62,1.49,1.45,1.35,1.25,1.39,1.3,1.25,1.19,1.26,1.37,1.28,1.21,1.19,1.22,1.18,1.15,1.18,1.15,1.1,1.06,1.11,1.09,1.11,1.08,1.03
385.32,287.54,388.23,370.74,313.42,327.63,367.81,387.79,343.76,350.02,261.73,285.38,238.54,287.89,230.88,260.9,248.17,292.77,258.72,257.69,195.61,326.21,177.29,219.13,213.92,233.02,161.29,159.71,148.04,200.93,137.47,121.59,119.58,133.88,114.75,78.07,72.05,80.7,69.83,67.49,57.48,54.42,55.15,31.43,31.05,31.46,16.36,14.66,15.92,13.25,9.32,11.12,6.74,7.91,5.91,9.57,4.86,3.97,3.9,4.25,3.89,2.4,2.62,3.04,2.57,1.97,2.5,1.67,1.74,1.92,2.05,1.67,1.66,1.74,1.62,1.61,1.42,1.52,1.45,1.41,1.23,1.28,1.39,1.24,1.3,1.27,1.35,1.19,1.13,1.3,1.18,1.2,1.12,1.2,1.11,1.2,1.15,1.14,1.12,1.09,1.05
404.12,397.9,335.54,356.79,297.23,329.99,382.14,306.37,320.49,329.8,302.03,310.55,288.71,245.23,280.53,316.42,317.39,249.96,252.01,241.46,238.1,253.92,280.63,234.55,174.39,187.09,224.31,179.87,156.36,138.86,168.91,141.14,118.68,85.18,83.42,98.06,69.72,62.45,86.48,62.66,64.88,36.3,42.23,32.73,24.64,20.11,18.58,12.6,13.45,13.75,13.91,7.92,9.7,4.89,6.21,4.54,4.44,3.5,3.39,3.3,2.7,3.3,3.16,2.05,2.28,2.27,2.95,1.97,1.55,1.91,1.55,2.09,1.82,1.51,1.54,1.67,1.4,1.47,1.51,1.23,1.59,1.25,1.48,1.49,1.14,1.27,1.21,1.18,1.28,1.13,1.16,1.16,1.14,1.15,1.18,1.16,1.18,1.1,1.09,1.05,1.11
347.46,310.12,319.28,290.01,338.96,310.62,323.55,337.88,330.67,325.41,342.09,313.12,326.74,297.49,337.37,269.12,275.18,235.42,228.42,215.34,239.95,259.49,251.21,232.84,248.34,204.56,184.28,194.07,190.3,196.03,154.24,174.58,119.51,88.63,104.51,109.18,70.2,52.23,60.22,69.75,53.84,30.02,33.64,39.49,34.51,27.08,24.68,18.22,14.08,11.38,4.32,10.89,6.64,6.39,5.61,6.44,3.8,4.59,5.5,2.33,2.72,3.8,4.04,3.33,2.25,2.81,1.99,2.27,1.86,2.24,2.07,2.04,1.83,1.5,1.6,1.44,1.35,1.56,1.45,1.36,1.47,1.22,1.23,1.41,1.32,1.33,1.36,1.29,1.27,1.22,1.14,1.12,1.14,1.19,1.13,1.12,1.15,1.07,1.15,1.07,1.09
313.71,377.43,304.04,310.66,389.29,389.09,267.4,315.64,320.48,314.6,270.84,250.35,296.54,296.08,283.73,270.7,274.29,223.46,233.02,271.82,242.72,220.36,188.64,240.21,213.63,217.27,193.94,176.2,217.22,209.06,166.56,148.84,97.74,138.64,80.29,94.47,92.27,74.25,63.02,49.2,56.65,45.27,32.67,31.33,19.44,26.43,16.32,15.82,18.03,9.43,11.55,8.81,6.87,6.8,5.39,4.93,4.29,3.62,4.25,2.68,2.7,2.94,3.66,2.17,2.11,2.88,2.46,2.27,2.25,1.88,2.14,1.48,1.87,1.81,1.52,1.7,1.77,1.65,1.48,1.75,1.29,1.51,1.52,1.24,1.23,1.23,1.21,1.33,1.31,1.2,1.13,1.27,1.21,1.07,1.22,1.18,1.22,1.09,1.07,1.11,1.13
248.34,288.85,364.97,346.76,314.53,346.84,338.55,295.71,303.01,299.46,349.37,261.88,290.74,300.46,279.99,303.33,256.73,227.56,195.77,217.83,221.8,171.78,211.43,235.01,203.93,147.87,150.06,176.65,149.45,139.28,128.37,131.62,131.92,107.75,93.36,103.06,66.04,40.01,47.58,62.15,45.66,44.44,23.83,36.52,34.51,30.92,18.66,13.35,16.11,11.38,8.98,9.19,7.45,5.9,5.37,6.11,3.94,4.16,3.47,3.29,4.67,3.16,3.65,3.01,2.19,3.15,2.06,2.34,1.87,1.83,2.01,1.58,1.75,1.77,1.77,1.83,1.5,1.37,1.41,1.6,1.57,1.47,1.27,1.28,1.31,1.34,1.48,1.19,1.29,1.42,1.22,1.21,1.09,1.1,1.16,1.23,1.1,1.13,1.07,1.09,1.09
377.84,340.83,350.46,356.49,316.15,307.73,365.33,312.7,341,305.19,306.34,290.09,234.59,297.37,314.45,271.82,316.17,226.4,244.81,224.94,238.15,212.53,267.1,169.74,182.85,179.98,168.19,143.13,172.65,156.24,135.18,139.39,85.72,105.96,71.75,84.47,86.62,65.17,70.75,65.11,46.59,40.37,41.88,34.79,34.45,18.58,20.07,17.17,10.97,15.51,13.54,10.53,10.19,10.04,9.5,7.31,5.16,4.74,4.5,3.67,3.05,3.94,3.17,3.31,3.63,2.1,2.98,1.69,2.4,2.5,2.29,2.41,2.3,2.02,1.44,1.86,1.9,1.59,1.54,1.25,1.51,1.3,1.42,1.38,1.32,1.42,1.31,1.26,1.43,1.25,1.21,1.24,1.15,1.28,1.16,1.09,1.17,1.12,1.03,1.12,1.12
295.49,322.62,297.71,364.12,345.6,305.64,362.09,317.76,331.02,300.15,221.25,313.09,264.87,285.18,292.42,336.26,257.56,268.37,264.15,219.9,275.57,235.19,189.64,202.75,236,197.31,217.05,148.79,175.54,157.47,104.29,135.44,92.48,115.26,93.59,108.17,70.04,65.9,60.25,64.31,57.64,49.95,28.45,23.77,39.64,22.31,16.84,18.39,12.38,7.44,11.75,7.77,5.34,10.7,5.89,5.19,2.47,5.53,4.32,4.65,4.18,3.11,2.63,2.85,2.54,3.28,2.71,2.29,3.03,2.52,1.99,2.19,1.7,1.82,1.73,1.54,1.84,1.54,1.55,1.43,1.43,1.32,1.43,1.48,1.37,1.3,1.46,1.31,1.29,1.19,1.18,1.2,1.23,1.2,1.21,1.1,1.18,1.13,1.12,1.1,1.1
409.37,342.47,348.7,242.32,336.91,369.59,360.24,297.39,288.02,294.37,249.61,313.69,243.3,269.56,273.93,242.87,277.93,201.66,217.11,236.7,217.93,216.8,178.48,200.35,162.52,144.75,193.83,157.99,168.18,151.72,141.02,125.97,106.7,102.5,84.24,70.25,60.3,66.96,80.7,72.84,41.83,38.88,29.22,30.64,23.24,34.86,20.9,12.15,17.54,9.92,12.46,12.72,8.77,6.13,5.77,7.99,4.41,4.75,5.22,4.14,4.02,3.18,3.35,2.53,2.44,3.61,1.71,2.46,1.62,2.56,1.64,2.19,2.08,1.52,2,1.63,1.67,1.5,1.39,1.45,1.91,1.59,1.71,1.36,1.3,1.25,1.45,1.23,1.34,1.21,1.27,1.16,1.26,1.23,1.11,1.15,1.14,1.16,1.07,1.1,1.13
365.32,317.18,310.86,321.84,306.47,317.09,342.52,225.23,303.67,339.77,273.93,257.41,226.56,275.02,237.52,214.78,212.95,255.39,236.1,278.17,168.08,227.44,211.17,138.68,210.24,182.57,148.59,172.71,148.51,156.4,157.59,146.17,109.56,81.48,97.15,94.38,92.47,55.68,47.62,49.24,45.53,46.58,17.21,32.99,31.53,23.95,23.69,13.48,14.99,10.39,9.86,9.32,6.26,8.97,4.9,7.62,5.05,7.3,4.5,3.66,2.84,2.5,3.26,3.1,2.64,2.52,2.32,2.55,1.71,1.65,1.62,1.79,2.05,1.8,1.74,1.6,1.57,1.7,1.38,1.36,1.27,1.33,1.46,1.52,1.34,1.29,1.35,1.27,1.34,1.32,1.36,1.22,1.16,1.26,1.12,1.16,1.13,1.14,1.11,1.19,1.1
343.48,407.83,314.51,360.97,340.98,252.55,318.16,286.85,290.97,273.26,301.5,272.56,297.56,274.55,265.52,229.74,254.99,255.69,228.94,196.24,184.53,201.88,181.62,130.95,201.58,201.96,184.48,133.69,164.27,118.91,109.92,122.4,93.94,93.14,78.18,69.14,90.75,84.07,69.51,59.45,35.24,42.49,35.24,36.28,27.69,20.61,26.17,15.26,15.89,9.5,6.99,4.86,8.37,7.54,6.54,6.71,3.32,4.94,4.36,2.88,5.54,3.99,3.45,3,2.54,3,2.27,2.04,2.09,1.83,2.28,2.64,2.03,1.67,1.59,1.79,1.38,1.49,1.52,1.53,1.3,1.46,1.5,1.47,1.27,1.38,1.28,1.34,1.33,1.29,1.23,1.31,1.24,1.15,1.27,1.21,1.23,1.17,1.14,1.2,1.14
371.28,339.76,268.2,260.11,294.41,268.5,335.64,255.93,332.26,237.44,324.83,273.46,250.4,275.46,244.81,279.98,272.97,260.27,216.72,226.28,229.87,194.6,167.17,169.36,206.26,165.7,179.1,160.34,155.65,107.68,101.82,104.45,119.63,74.5,102.52,62.68,71.07,45.86,46.61,48.77,45.75,46.05,26.68,19.92,32.99,16.09,19.73,20.47,11.38,12.5,8,8.95,6.21,7.52,6.2,7.73,5.92,4.48,4.34,2.93,3.04,3,3.25,2.81,3.68,2.47,2.66,2.01,1.98,2.21,1.84,1.94,1.74,2.49,1.8,1.83,1.74,1.65,1.49,1.5,1.49,1.45,1.48,1.39,1.58,1.24,1.37,1.29,1.3,1.16,1.17,1.22,1.26,1.25,1.24,1.11,1.14,1.13,1.13,1.16,1.15
333.5,389.2,328.87,399.84,329.07,310.8,330.55,310.19,273.29,286.68,252,307.74,349.7,280.37,245.52,200.21,254.33,219.21,240.71,205.7,192.97,149.43,215.13,182.96,152.34,155.92,159.44,127.55,119.91,174.43,120.95,103.62,107.94,69.53,96.69,62.85,65.64,45.58,61.67,40.12,59.65,49.85,38.67,30.3,23.76,22.49,14.7,15.73,15.85,15.11,10.51,11.66,11.5,8.92,9.81,5.57,3.7,6.65,3.69,3.33,4.46,4.38,3.36,3.4,3.42,2.95,2.66,2.25,2.05,2.44,2.03,2.48,1.94,1.81,2,1.82,1.72,1.73,1.46,1.6,1.38,1.44,1.73,1.37,1.5,1.43,1.34,1.24,1.36,1.29,1.26,1.43,1.26,1.28,1.27,1.27,1.23,1.13,1.13,1.15,1.25
336.22,333.85,315.03,279.19,307.94,261.69,298.12,307.79,287.66,280.75,293.63,277.02,234.79,251.07,273.69,273.2,219.82,242.23,203.12,239.75,189.15,167.76,195.77,159.29,101.04,111.28,153.89,132.9,116.11,133.68,117.27,97.48,117.79,81.24,104.55,91.42,64.05,54.57,43.7,46.91,43.34,49.16,42.09,18.83,18.56,23.49,16.87,14.53,11.68,9.6,8.73,8.36,4.2,9.2,5.09,5.04,3.62,4.31,4.1,3.16,2.64,3.04,4.37,2.92,2.78,2.01,3.42,2.05,2.68,2.04,2,2.01,2.29,1.88,1.91,1.64,1.75,1.67,1.43,1.66,1.43,1.58,1.57,1.43,1.28,1.48,1.44,1.21,1.27,1.24,1.24,1.21,1.21,1.33,1.26,1.15,1.2,1.18,1.14,1.09,1.14
290.11,334.73,328.88,350.33,317.56,312.21,323.71,328.31,266.69,267.57,308.65,201.68,248.18,243.93,235.33,185.61,254.65,171.84,248.3,234.29,188.4,192.74,160.39,153.32,193.7,157.76,225.1,127.62,126.36,155.73,129.75,115.92,81.04,69.38,80,56.91,65.98,62.73,54.4,54.49,46.4,33.43,32.91,36.27,24.52,24.92,15.05,15.66,15.24,11.24,12.17,14.14,7.99,6.04,4.57,4.69,6.4,3.8,3.15,4.11,4.57,3.82,4.32,3.4,3.97,3.24,2.69,3.11,2.28,2.3,1.82,1.82,2.05,1.82,1.57,1.97,1.76,1.68,2.03,1.7,1.44,1.52,1.37,1.47,1.37,1.34,1.39,1.35,1.32,1.22,1.29,1.15,1.19,1.27,1.24,1.21,1.11,1.21,1.21,1.09,1.1
361.06,291.51,359.2,298.25,354.13,272.08,305.6,261.81,225.97,235.02,291.47,267.01,234.9,267.57,302.02,213.61,211.47,219.36,170.5,270.84,164.96,187.71,200.88,167.22,159.22,171.56,199.14,155.92,147.06,118.03,109.82,116.03,92.87,116.15,79.74,64.87,51.92,68.33,65.11,39.65,36.44,46.62,32.58,12.14,25.77,17.08,19.06,14.89,13.61,11.75,8.22,8.7,5.23,6.58,6.67,7.79,6.22,4.88,4.43,3.33,4.28,4.76,3.32,3.18,2.5,2.83,2.41,2.29,3.06,2.31,2.03,2.01,1.73,1.95,2.19,1.47,1.73,1.74,1.69,1.72,1.42,1.4,1.42,1.61,1.4,1.46,1.38,1.3,1.31,1.36,1.25,1.28,1.33,1.44,1.22,1.16,1.2,1.31,1.12,1.23,1.18
274.01,284.62,308.18,285.29,214.61,291.96,241.62,272.29,298.12,292.46,241.56,244.39,260.47,288.82,225.56,239.62,206.43,174.57,225.78,179.48,143.96,191.9,188.78,198.26,176.51,126.67,140.9,110.78,116.42,126.76,93.97,108.61,68.54,97.82,69.07,68.82,72.02,72.82,48.78,45.12,39.44,45.4,31.61,37.61,25.67,18.73,25.26,8.95,14.61,9.93,13.83,8.42,6.75,9.71,5.94,4.1,4.47,4.3,7.45,3.12,4.31,3.56,3.66,4.71,3.32,2.86,2.16,2.12,2.48,2.17,2.19,2.62,1.51,1.5,2.35,1.98,1.68,1.66,1.75,1.4,1.47,1.72,1.59,1.39,1.36,1.52,1.47,1.52,1.41,1.31,1.31,1.23,1.27,1.34,1.3,1.2,1.17,1.14,1.32,1.15,1.18
309.82,326.05,281.96,270.98,246.46,332.44,347.74,262.58,295.11,271.12,278.04,226.06,278.11,228.36,244.62,181.88,184.82,292.71,252.35,214.26,233.67,198.99,143.26,182.93,152.41,124.26,146.77,143.08,114.18,110.27,94.31,78.89,107.23,93.39,87.74,87.19,46.56,43.67,54.12,43.68,50.16,28.59,18.11,26.82,26.83,25.27,26.08,15.94,11.65,11.77,9.88,11.77,6.89,4.94,7.47,5.35,3.35,8.53,4.82,3.8,4.59,3.29,2.92,3.17,3.19,2.52,3.2,2.34,2.01,2.11,2.07,2.42,2.12,1.8,1.92,1.67,1.78,1.66,1.73,1.51,1.68,1.55,1.33,1.47,1.45,1.4,1.44,1.2,1.41,1.37,1.35,1.38,1.19,1.28,1.29,1.18,1.21,1.16,1.16,1.09,1.31
296.77,343.18,354.4,319.64,282.14,297,233.93,313.51,227.98,304.24,249.2,243.42,218.45,171.08,253.56,234.91,187.3,193.25,202.88,162.66,175.52,190.43,242.76,184.15,175.05,166.84,190.41,145.38,137.97,133.71,114.7,113.44,84.18,112.26,60.27,64.8,60.15,50.91,63.22,45.74,32.67,35.59,25.75,32.93,31.95,15.56,15.07,12.78,7.04,17.3,7.26,10.93,9.69,5.1,7.63,5.9,5.46,4.16,3.13,5.11,4.49,2.85,4.41,3.64,3.81,3.44,2.56,2.77,2.27,2.09,2.18,2.12,1.74,2.09,1.77,2.17,1.73,1.79,1.58,1.62,1.64,1.59,1.7,1.4,1.52,1.46,1.44,1.32,1.37,1.2,1.29,1.46,1.26,1.32,1.34,1.26,1.4,1.21,1.26,1.25,1.12
368.71,299.03,254.75,327.45,293.73,263.1,263.43,242.23,293.77,216.88,269.03,301.65,246.85,183.11,231.66,266.44,149.27,271.91,231.91,188.62,189.38,234.62,164.72,193.3,150.35,145.74,171.18,121.07,126.04,155.18,83.28,98.38,106,103.23,68.97,83.68,82.67,52.4,44.41,50.99,36.32,39.66,31.37,18.92,27.63,10.67,18.37,20.35,13.53,12.86,7.6,13.65,6.72,4.99,5.39,7.39,6.98,5.05,4.2,4.02,3.99,4.69,3.03,3.8,2.71,2.29,2.83,2.22,2.71,2.84,2.41,1.76,1.88,2.11,2.79,1.68,1.52,1.83,1.57,1.68,1.69,1.37,1.75,1.47,1.44,1.74,1.39,1.27,1.48,1.37,1.38,1.3,1.33,1.4,1.39,1.24,1.28,1.16,1.27,1.16,1.2
308.46,313.01,296.24,284.04,313.66,296.52,308.58,234.6,286.34,267.78,214.86,266.41,243.43,163.25,225.81,239.5,204.02,185.61,246.56,240.91,196.08,166.55,128.35,180.56,113.93,155.02,138.49,140.76,123.21,114.21,110.59,110.48,87.58,87.4,98.43,60.7,54.48,33.9,47.6,40.77,45.8,21.37,26.64,22.73,20.47,18.95,16.38,24.93,9.19,13.9,9.96,11.65,8.24,8.33,4.66,4.2,5.08,5.52,2.75,5.26,4.35,3.39,3.83,2.26,3.43,3.33,2.33,3.02,2.23,2.19,1.81,2.11,2.2,2.5,1.79,2.11,1.62,1.81,1.73,1.66,1.57,1.77,1.42,1.44,1.49,1.55,1.48,1.45,1.4,1.27,1.24,1.45,1.26,1.25,1.21,1.13,1.34,1.34,1.21,1.16,1.15
296.1,320.93,326.4,278.4,316.78,240.12,271.58,196.91,290.49,254.87,238.85,282.39,257.58,293.64,187.95,230.56,209.59,196.45,204.07,182.36,176.48,200.49,148.19,160.29,136.02,142.02,119.49,128.16,86.94,102.49,124.27,80.43,80.82,50.66,91.27,77.24,57.57,62.44,51.83,48.69,45.44,40.48,24.78,19.77,16.01,17.38,21.13,13.6,10.07,9.5,10.42,9.15,11.62,5.22,4.51,7.06,4.34,6.6,3.54,4.09,3.58,3.39,3.16,2.7,2.68,2.73,2.38,3.42,2.46,2.57,2.22,2.3,2.45,1.87,2.28,2.06,1.87,2.18,1.49,1.61,1.7,1.59,1.65,1.65,1.41,1.46,1.4,1.46,1.43,1.29,1.38,1.34,1.39,1.23,1.33,1.2,1.23,1.2,1.28,1.21,1.2
252.38,292.8,269.24,292.89,288.74,353.91,234.74,255.26,267.25,244.9,248.59,246.28,239.28,233.44,224.61,248.3,226.26,188.78,144.88,156.77,178.88,162.26,166.65,131.96,182.9,108.85,175.15,104.38,128.34,109.38,89.37,80.48,90.3,78.8,90.12,57.23,63.74,48.06,50.73,33.91,41.78,27.23,31.54,21.19,16.39,15.23,15.99,17.52,16.13,16.54,10.14,10.9,7.87,8.51,4.62,7.47,5.96,4.56,4.08,3.68,3.73,5.34,3.33,4.12,3.01,3.38,2.4,2.19,2.16,3.05,1.88,2,1.99,2.97,2.02,1.94,2.31,1.67,1.65,1.75,1.52,1.53,1.87,1.63,1.5,1.57,1.44,1.46,1.37,1.49,1.28,1.28,1.39,1.26,1.38,1.31,1.28,1.19,1.27,1.25,1.2
244.6,272.33,293.64,286.76,286.48,261.8,285.62,281.68,256.13,269.32,270.01,265.07,196.1,249.64,246.54,254.26,207.99,206.2,142.07,234.76,172.6,195.38,191.21,151.24,144.54,133.25,136.06,89.07,118.77,137.09,93.5,61.26,71.85,82.13,41.68,57.45,51.94,38.8,43,54.95,43.76,29.83,31.65,22.6,24.67,12.03,11.29,12.49,17.6,9.02,7.47,7.47,12.32,9.21,9.34,5.35,6.81,4.72,5.09,4.2,5.49,4.02,3.61,3.58,3.65,2.95,2.6,2.53,2.63,2.09,2.58,2.8,1.98,1.93,2.22,2.05,1.75,1.8,1.76,1.85,1.4,1.63,1.68,1.6,1.56,1.43,1.56,1.55,1.37,1.5,1.47,1.33,1.36,1.3,1.26,1.16,1.38,1.25,1.2,1.32,1.21
285.99,261.27,284.32,304.25,281.99,305.12,258.22,298.95,240.99,244.32,232.02,246.7,179.11,258.93,209.87,273.09,258.26,164.64,193.52,197.96,204.48,145.4,164.43,155.14,159.23,130.17,80.96,121.15,124,105.29,87.6,97.04,105.08,103.19,71.28,71.2,65.65,62.75,55.64,52.47,20.31,29.83,28.47,24.76,19.58,11.48,18.27,11.89,7.9,13.07,7.15,10.91,5.51,8.64,6.93,7.23,7.29,3.47,4.96,3.2,4.47,6.87,6.06,2.85,3.16,2.55,2.85,2.71,3.1,2.41,2.68,2.06,2.37,1.87,2.37,2.01,2.01,2.09,1.52,1.83,2,1.79,1.38,1.94,1.75,1.54,1.65,1.49,1.28,1.4,1.54,1.36,1.47,1.23,1.23,1.36,1.32,1.17,1.18,1.14,1.27
308.91,262.85,264.71,269.46,274.71,308.08,261.05,268.19,261.48,263.18,192.9,267.42,192.57,283.52,191.2,214.06,230.75,166.79,124.47,181.69,155.61,182.73,178.8,141.69,157.26,194.84,120.98,132.13,136.03,94.96,113.11,101.42,92.96,89.42,79.67,62.47,46.51,45.63,50.08,26.84,35.2,30.56,24.21,25.29,23.18,16.74,20.9,11.06,12.93,13.65,11.48,10.66,6.06,7.44,6.11,4.3,6.89,6.73,4.12,4.68,3.99,5.15,3.07,2.79,3.56,2.96,2.98,2.35,2.64,3.34,2.13,2.5,2.51,1.76,2.14,2.11,1.75,1.65,1.61,1.77,1.74,1.7,1.82,1.65,1.72,1.75,1.4,1.28,1.48,1.48,1.38,1.49,1.25,1.42,1.26,1.38,1.31,1.3,1.33,1.28,1.27
321.23,321.44,264.19,230.07,319.44,288.54,335.29,278.19,251.43,242.29,254.6,205.77,224.73,193.66,252.58,208.53,198.45,223.7,239.02,181.29,168.24,165.97,158.26,150.38,131.33,164.98,127.85,88.05,103.33,98.33,99.29,88.95,72.69,76.41,61.87,67.87,61.58,45.39,34.75,37.73,27.76,35.28,29.37,24.52,23.65,15.55,11.97,12.35,16.37,11.07,8.26,9.59,5.08,6.46,6.91,6.18,5.11,8.13,6.49,6.73,3.23,3.32,2.99,4.75,2.8,3.31,2.61,2.27,2.13,2.13,2.05,3.18,2.81,2.28,2.78,2.17,1.66,2.11,2.31,1.93,1.85,1.46,1.72,1.51,1.43,1.53,1.62,1.47,1.58,1.31,1.64,1.34,1.51,1.23,1.48,1.31,1.29,1.19,1.28,1.3,1.34
274.39,303.88,307.25,256.95,309.18,267.83,279.04,214.05,278.97,337.96,227.04,240.96,221.2,268.75,220.76,236.45,208.86,226.02,161.45,171.1,162.61,201.93,163.56,178.32,124.9,130.5,134.89,112.6,137.92,75.07,94.43,108.1,96.43,63.93,82.11,69.86,70,49.96,40.35,32.06,40.28,28.46,23.19,21.01,17.57,19.94,17.39,18.28,20.31,10.7,8.73,6.53,10.51,8.44,5.76,5.68,4.67,3.84,5.71,4.5,4.33,3.65,2.76,3.53,2.8,3.82,2.84,2.52,3.6,3.13,2.82,2.51,2.19,1.81,2.38,1.88,2.08,2.18,2.05,1.83,1.76,1.69,1.83,1.54,1.47,1.51,1.46,1.6,1.6,1.51,1.45,1.28,1.56,1.25,1.34,1.26,1.38,1.25,1.34,1.35,1.21
341.36,268.55,240.9,227.9,223.44,240.72,209.08,298.66,211.66,222.94,253.42,236.51,239.5,236.1,230.68,250.63,174.12,166.69,171.28,168.88,190.05,153.3,140.35,145.08,133.64,123.72,106.94,100.81,134.2,93.37,83.8,75.24,68.05,67.14,52.89,39.62,56.78,61.06,30.47,27.35,40.65,26.47,27.74,16.27,27.46,20.84,20.57,13.54,10.52,9.09,11.88,13.03,6.69,6.28,5.5,8.04,3.87,7.18,5.68,3.98,4.21,3.09,4.18,3.63,3.11,3.87,2.42,3.6,2.18,2.15,2.52,2.41,2.39,2.32,2.53,1.62,2.59,1.7,2.05,2.04,2.06,2.04,1.49,1.69,1.61,1.64,1.5,1.46,1.65,1.42,1.39,1.42,1.5,1.3,1.29,1.21,1.4,1.24,1.27,1.25,1.2
268.89,244.78,264.87,256.01,314.98,210.65,243.55,241.37,264.68,212.31,253.78,204.83,239.09,152.52,206.94,184.58,222.36,140.51,163.83,153.02,170.06,146.18,173.57,138.4,142.55,101.41,121.42,124.81,124.35,119.53,103.57,77.12,67.76,72.45,68.42,48.1,55.41,44.18,58.6,32.2,25.49,23.71,29.33,17.14,21.91,22.74,17.21,18.02,17.1,11.86,10.44,10.52,7.3,7.58,4.76,6.21,4.61,5.1,5.07,4.05,5,4.09,4.74,2.84,2.68,4.15,2.91,2.94,2.95,3.37,2.83,2.36,2.38,1.78,1.97,1.94,2.46,1.89,2.51,2.02,1.67,1.69,1.69,1.55,1.81,1.42,1.95,1.49,1.49,1.65,1.28,1.3,1.57,1.32,1.49,1.44,1.3,1.32,1.37,1.14,1.26
272.95,300.6,203.38,274.56,305.69,286.1,295.46,217.4,183.36,223.32,214.48,231.95,180.32,227.09,259.32,158.28,185.5,178.42,142.67,169.67,157.38,144.72,147.71,138.18,140.18,106.07,111.45,106.09,96.19,99.21,78.69,81.52,58.76,67.68,44.54,52.76,54.92,51.3,33.88,32.63,36.93,21.83,27.66,23.85,21.34,24.37,13.38,12.94,14.78,15.26,11.25,6.44,8.22,6.89,7.99,5.2,5.61,4.03,6.49,3.3,3.47,4.04,2.96,2.72,4.22,3.36,3.45,2.55,2.49,3.19,1.86,2.48,2.32,2.16,2.46,1.91,2.1,2.02,2.15,2.44,1.96,1.61,1.89,1.57,1.54,1.69,1.65,1.5,1.51,1.68,1.5,1.52,1.51,1.2,1.37,1.44,1.3,1.39,1.4,1.32,1.24
262.22,261.89,247.95,196.44,225.16,235.51,221.96,238.73,228.76,209.53,206.81,213.38,226.66,175.5,226.14,209.67,194.25,205.81,166.57,150.5,139.12,144.08,126.63,147.44,129.35,119.89,98.62,84.12,80.96,117.82,89.42,87.04,84.25,55.23,47.8,68.63,55.97,49.62,43.75,50.25,31.85,32.45,27.34,24.44,17.71,18.66,11.07,15.64,14.7,7.92,13.66,10.42,12.75,10.27,7.81,7.56,5.11,5.81,5,4.29,3.5,5.19,2.33,3.73,3.82,2.77,3.19,2.36,2.29,2.74,3.21,2.42,2.28,1.73,2.68,2.19,1.9,2.01,2,2.03,1.99,1.77,1.76,1.82,1.72,1.71,1.68,1.66,1.46,1.47,1.68,1.36,1.34,1.56,1.62,1.47,1.41,1.32,1.15,1.29,1.24
311.87,273.66,255.44,271.4,249.9,283.03,220.42,229.31,219.37,246.52,239.47,267.13,224.97,179.63,203.61,212.8,209.11,142.13,200.24,166.17,146.8,134.46,126.26,157.72,121.51,133.34,96.89,97.71,101.95,78.77,59.32,78.62,51.09,74.44,51.04,75.07,56.34,51.14,42.05,19.64,25.45,35.84,22.91,20.25,31.4,23.09,19.69,12.63,12.71,8.99,10.38,7.82,8.46,6.94,6.67,5.24,6.21,7.01,5.11,2.73,4.8,4.2,2.54,3.34,2.4,3.19,2.79,3.2,2.68,1.92,2.32,2.61,2.71,2.1,2.32,1.89,1.99,2.05,2.2,2.06,1.67,1.98,1.64,1.8,1.6,1.69,1.53,1.64,1.57,1.4,1.31,1.44,1.46,1.34,1.33,1.2,1.22,1.38,1.29,1.29,1.23
239.97,282.86,224.88,265.13,262.22,240.83,254.34,215.44,207.7,236.02,234.85,223.99,208.64,180.09,183.43,160.13,198.16,203.26,152.07,157.47,178.32,121.83,148.86,111.88,122.14,139.72,99.46,71.77,88.98,99.56,62.91,98.12,56.39,63.08,72.3,36.4,37.81,52.33,40.75,22.88,40.99,22.24,19.26,25.61,19.96,12.51,16.14,15.77,7.61,9.44,7.49,15.05,4.72,6.32,8.06,6.59,3.94,5.03,5.34,5.46,4.49,5.09,5.06,5.27,3.09,2.72,3.88,2.47,2.78,2,2.16,2.02,2.74,1.86,2.7,1.87,2.43,2.04,2.21,1.76,2.12,1.86,1.57,1.78,1.54,1.86,1.47,1.35,1.64,1.57,1.43,1.53,1.49,1.7,1.43,1.44,1.37,1.54,1.59,1.44,1.44
264.59,304.47,216.44,236.58,275.44,279.46,265.47,258.8,252.45,228.62,195.18,204.36,204.28,204.22,148.28,216.11,131.69,204.6,168.77,141.51,132.74,152.05,156.79,122.56,155.13,111.53,60.58,73.76,109.01,69.99,112.23,91.18,67.08,70.47,60.33,47.65,27.57,48.28,40.57,37.87,32.57,32.9,29.19,13.18,23.1,14.76,21.95,20.37,10.24,12.18,7.67,11.48,9.45,10.65,7.06,8.53,5.58,5.75,4.96,5.15,5.02,3.14,5.03,4.37,5.39,3.42,2.74,2.94,4.24,2.3,2.66,2.62,2.54,3.06,2.09,1.89,1.87,2.4,2.01,1.99,2.02,1.71,1.61,1.71,1.7,1.82,1.69,1.67,1.8,1.5,1.56,1.37,1.63,1.62,1.45,1.44,1.29,1.35,1.34,1.35,1.2
288.35,199.08,208.95,292.55,253.12,213,209.43,242.43,200.72,207.16,257.03,199.56,167.48,193.39,173.84,236.89,157.02,205.21,182.24,162.87,177.73,156.69,119.53,136.64,111.93,123.27,134.21,76.13,84.6,90.63,79.4,77.42,102.44,81.15,68.21,58.23,47.06,41.09,42.06,37.56,40.74,31.19,20.76,19.85,18.79,11.65,10.46,11.22,14.09,14.81,14.86,10.98,7.07,6.47,5.55,10.71,5.51,4.71,5.69,6.54,4.02,5.03,3.29,2.92,3,3.05,4.39,2.46,2.2,2.96,1.99,2.72,2.47,1.82,2.74,2,2.21,2.03,2.19,2.01,1.82,1.89,1.77,2.12,1.56,1.76,1.69,1.48,1.57,1.43,1.6,1.59,1.58,1.39,1.7,1.36,1.44,1.37,1.52,1.38,1.26
242.13,235.03,311.5,311.32,231.65,232.41,217.67,268.18,198.58,208.97,179.18,234.86,245.35,209.06,170.53,194.5,216.35,198.38,115.89,159.4,178.68,104.58,150.24,121.04,116.85,95.56,106.28,97.85,103.59,120.17,87.14,64.89,62.09,68.64,81.12,37.27,47.37,56.38,42.2,38.55,36.13,28.17,31.91,19.32,22.47,16.64,24.93,10.43,13.49,10.2,11.8,8.9,7.33,5.71,8.31,7.57,5.66,4.7,5.66,5.01,3.86,2.97,4.34,3.97,3.27,4.13,2.59,2.62,3.21,2.88,2.76,3.04,2.38,2.33,2.06,2.41,1.66,2.27,2.26,2.08,1.82,1.83,1.73,1.78,1.72,1.85,1.86,1.47,1.34,1.46,1.56,1.48,1.5,1.44,1.46,1.46,1.37,1.42,1.3,1.28,1.33
301.46,230.62,341.56,228.01,198.96,212.09,219.07,268.2,231.61,205.84,215.04,161.53,207.73,202.56,207.47,187.86,174.4,180.1,136.16,135.61,195.3,145.73,148.18,138.89,89.13,91.21,98.23,86.26,61.98,85.76,96.22,75.07,72,60.88,68.42,35.71,51.36,49.24,37.12,36.62,30.77,21.93,23.2,26.39,14.5,13.54,10.03,8.13,8.12,12.53,8.74,5.46,4.52,5.69,8.01,8.29,6.66,6.11,6.35,3.61,4.18,5.41,4.26,4.06,4.65,2.82,3.57,3.53,2.98,3.1,2.84,2.32,3.48,2.5,2.75,1.86,2.55,2.11,1.96,1.96,2.03,1.9,1.88,1.6,1.91,1.78,1.59,1.66,1.7,1.52,1.81,1.52,1.46,1.82,1.39,1.34,1.31,1.33,1.38,1.38,1.4
307.82,226.21,253.74,231.62,211.99,202.46,251.77,259.33,223,192.39,198.08,161.6,179.11,212.84,147.94,197.03,138.63,169.98,126.18,162.37,121.38,158.35,101.48,134.7,115.35,106.12,106.39,126.6,98.49,93.69,84.66,86.45,67.67,51.82,44.08,58.26,51.42,31.59,26.13,38.75,41.1,30.62,17.03,21.84,11.01,17.82,17.92,12.23,16.33,7.74,9.58,12.77,9.29,8.53,6.14,6.78,5.55,4.23,4.84,4.85,6.79,3.83,5.16,4.23,4.07,4.11,3.68,3.17,2.64,3.41,2.34,2.77,2.9,2.21,2.66,2.82,1.8,1.76,2.12,2.35,2.45,2.25,1.84,1.64,1.88,1.87,1.78,1.6,1.56,1.72,1.77,1.42,1.4,1.54,1.42,1.34,1.46,1.38,1.35,1.42,1.3
