811,814,811,814.5,814.5,804,817.5,811.5,799,809,798.5,808,808.5,802.5,804,808,803,780.5,789,780.5,779.5,785.5,785,781.5,765.5,768,776.5,750,750,750,724,730.5,722,704,712,674.5,670.5,653,633.5,617.5,588.5,519.5,520,503,443.5,364,228,187.5,37.5,44.5,46.5,23.5,11.5,12.5,14,10,13,5.5,6.5,5,4,4,3,3,3.5,3,2,2,3,2,2,3,2,2,2,2,2,2,2,1.5,1.5,1,1,1,1,1,1,1,1,1,1,1,1,1,1,1,1,1,1,1,1
809.5,812,800.5,802,814.5,806.5,814,805.5,820,803,803.5,799,804.5,801.5,800,787.5,795,796,798,782.5,788.5,790,784,787.5,761,766.5,766,759.5,742.5,735.5,727.5,740,724.5,720.5,681,680.5,656.5,650.5,635.5,598,538.5,485.5,517.5,506,373.5,347.5,283.5,168,187,17,36,34,10,11,9,6,5,5,6,5,5,4,4.5,4,4,3,2,3,2,2,2,2,2,2,2,2,2,2,2,1.5,2,1.5,1,2,1,1,1,1,1,1,1,1,1,1,1,1,1,1,1,1,1
822,822.5,801.5,810.5,811.5,808,809,806.5,808.5,800,820.5,812,806,804.5,804,807.5,807,794,787.5,781,792,797.5,771.5,788,772.5,770,767.5,759,752.5,750,738,721.5,712,703,703,650.5,649.5,649.5,623.5,601.5,588,543,459,481,399,369.5,334.5,129,49.5,53.5,76.5,23.5,21.5,10,9,8,11,5.5,5.5,5,3,4,4,3,2,3.5,3,2,2,1.5,2,2,2,2,1.5,2,2,1,2,2,1,1,1,1.5,1,1,1,1,1,1,1,1,1,1,1,1,1,1,1,1,1
819.5,812,803.5,815,816,801.5,814.5,804,808.5,793,809.5,811,797.5,809.5,799,791,793,804.5,802,789.5,784,789.5,784,775.5,767.5,776.5,756,760,748.5,749.5,745,733,724.5,714,682.5,678.5,677.5,628,625.5,618,549,552.5,500,443,432.5,362.5,298,182,56,43,14.5,12.5,10,14,12.5,5,8.5,6,4,4,4.5,4,4.5,5,2.5,2,3,2,2,2,2,2,2,2,2,2,2,2,1.5,1.5,2,1.5,1,1,1,1,1,1,1,1,1,1,1,1,1,1,1,1,1,1,1
805,810.5,807.5,809.5,805.5,814,794.5,809,798.5,816.5,795.5,802,796.5,814,796,789.5,812,789,802.5,785.5,786,783,769,778,778,772.5,769.5,757.5,752.5,739,738.5,734,712.5,697.5,685,667,654.5,655,629.5,581,568,508,525.5,475,374,376.5,315,83.5,76.5,32.5,15.5,16,26,14.5,9.5,7,5.5,6,5.5,7,4,3.5,3,3,3,2,3,2,2,2,2,2,2,2,2,2,2,1.5,1,1,1,1,2,1,1,1,1,1,1,1,1,1,1,1,1,1,1,1,1,1,1
808,806,815,813.5,811,795,803,795.5,807,804.5,805.5,804.5,800,803.5,793,790,795.5,800,793,784.5,790,777.5,769.5,783,778,752,766.5,751.5,758.5,730.5,724,740.5,714.5,691.5,681.5,677,656,641,615.5,564,586,538,492,468.5,374.5,265,290.5,117.5,23.5,60.5,14.5,20,16.5,10,8.5,8.5,8,4.5,6,8.5,5,4,3,3,3,2.5,3,2,3,2,2,3,2,2,2,2,1,1,1,1.5,1,1.5,1,1,1,1,1,1,1,1,1,1,1,1,1,1,1,1,1,1,1
803.5,815.5,811,815.5,810,802.5,814.5,820,814,804,803.5,805.5,818.5,804.5,806,802.5,800,794,784,783.5,786,784,767.5,776.5,773,763,773.5,757,751,749.5,730,716.5,702.5,717.5,692,673.5,638.5,614.5,608,576,567.5,552.5,480,469,460,314,77.5,249,144,44,21.5,14,26,16.5,13,6.5,10.5,6,5,5,6,4,3,4.5,3,4,3,3,2.5,2,2.5,2,2,2,2,2,2,2,1,2,2,1,1,1,1,1,1,1,1,1,1,1,1,1,1,1,1,1,1,1,1
820.5,810,816,809,810.5,813.5,816,808,808.5,793,818,808,788.5,788.5,798.5,787.5,797,792.5,791,783,788.5,782.5,782.5,772.5,766.5,770.5,765.5,754,743,728,723,733.5,714.5,695,686.5,699,672.5,626.5,624.5,599.5,567.5,523,452.5,448.5,371,278,255.5,71,75,72.5,33,10,31.5,17,15.5,6.5,6,7,5.5,4.5,3.5,5.5,4,3,4.5,2,3,3,2,2.5,2,2,2,2,2,1,2,1,1.5,2,1,1,1,1,1,1,1,1,1,1,1,1,1,1,1,1,1,1,1,1,1
814,819,815,814.5,805.5,804.5,803.5,811,805,799.5,801.5,814,806.5,801.5,790.5,796,789.5,797.5,802.5,784.5,784,774,778,770,774,752.5,751,756,747,719,731,724.5,731,690.5,673.5,654,654,610,598.5,579,564,541,484,453,448.5,350,254.5,282.5,17.5,56,24,16,12,9,7.5,6.5,6,6,5,6.5,5,3,4,4,3.5,4,2,3,2,2,2,2,2,2,2,2,2,1,1,1,2,2,2,2,1,1,1,1,1,1,1,1,1,1,1,1,1,1,1,1,1
805.5,811.5,807.5,819.5,816,798.5,803.5,809.5,815.5,810,796.5,803,797.5,803.5,807,801,796,802.5,791.5,789.5,781,775,775.5,756,766,757,756.5,740,744.5,737,733.5,719,694,685.5,675,673,640.5,640.5,625.5,594.5,558.5,534,480,388,389,359.5,133,168.5,96,40,33.5,13.5,16,21.5,21,13.5,7,5,7,6.5,4.5,5.5,3,4,4,3,2.5,2,3,2,3,2,2,2,2,2,2,2,2,1.5,2,2,1,1.5,1,1,1,1,1,1,1,1,1,1,1,1,1,1,1,1,1
814,815,804.5,816,818,809.5,809.5,804,813.5,797,811,811,812,797.5,807.5,797.5,788,797,782.5,797.5,774,765,778.5,780,773,769.5,757.5,761.5,758.5,735,724,718.5,713,678,688,662.5,659,645.5,603,597.5,538.5,518,477.5,461,413,286,88.5,203,59,18.5,22.5,29.5,14,15.5,13,8.5,12,7.5,4,6,6,4,4,3.5,3,3,3,3,2.5,2,3,2,2.5,2,2,2,1,2,1,1,2,2,1,1.5,1,1,1,1,1,1,1,1,1,1,1,1,1,1,1,1,1
819.5,807,796.5,808,811,804,804.5,808.5,812,795,796,800,792,794.5,797.5,801,805.5,781,788.5,782,787.5,773.5,775.5,764.5,752,767.5,742.5,752,734,741,722,715,705.5,704.5,688,653.5,643,604,600,581,556.5,518,510,476,365,355,256.5,34.5,156,21,49.5,21.5,27,10,11,10,7.5,5.5,10,7,4.5,3,3.5,3.5,2,3,3,2,2,3,2,2.5,2,2,2,2,2,2,2,1,2,1,1,1,1,1,2,1,1,1,1,1,1,1,1,1,1,1,1,1,1
827,816,802.5,811,809,815.5,804.5,813,794,799.5,795,801,812,799,799,797.5,800.5,791,790,783.5,780,773.5,774.5,773,765.5,751.5,754,751,739,718.5,738,726,705,679.5,667,659,619.5,620,583,587.5,552,503,488.5,416.5,385,199,77,213,35.5,83,20.5,30,10,13.5,10.5,8,9.5,8,5,4.5,4,6,3.5,5,4,3,2,2,3,2,2,2.5,2,2.5,2,2,2,2,2,2,1.5,2,2,1,2,1.5,1,1,1,1,1,1,1,1,1,1,1,1,1,1,1
808.5,813,813,800,806.5,812.5,807,803.5,796.5,798,804.5,789.5,802.5,800.5,801.5,792,788.5,786,787,791,773.5,777.5,773,765,747.5,763.5,761.5,747,733,721.5,706,697,699.5,680,662.5,630,638.5,611,593.5,585,533,499.5,470,354.5,359,260,101.5,186,56.5,50,47,8.5,14,10,6,7,7.5,7,5,5,6,5.5,3,3,3,2.5,3.5,2,2,2,2,2,2,2,2,2,1.5,2,1.5,1,1,2,1.5,1.5,1,1,1,1,1,1,1,1,1,1,1,1,1,1,1,1,1
810,813,799,815.5,801.5,813.5,803.5,804,803,809,807.5,791,815.5,798,795.5,798.5,788,799.5,783,792.5,774,772.5,775,773.5,761,752,750,718.5,730,720.5,727,704,695.5,689,682.5,635.5,638,599.5,571.5,559,535.5,509,447.5,417,411.5,252.5,282.5,116,237.5,31,12,28,14.5,15.5,14.5,8.5,5,4,6.5,3.5,5.5,5,2,4,3,3.5,2,3,3,3,3,2,2,2,2,2,2,2,2,2,2,2,2,1,1.5,1,1,1,1,1,1,1,1,1,1,1,1,1,1,1,1
813.5,806,799.5,809.5,810,798.5,809.5,799,805,800.5,805.5,794.5,808,804.5,798,795.5,794.5,791,788.5,774.5,770,779,774.5,764.5,752.5,748,751,735.5,721,720,713,686.5,678,669.5,667,641.5,618.5,617.5,576.5,561,527,492,444,353,350,265.5,227.5,52.5,82.5,36.5,62.5,22,11,16.5,13,10.5,11,5.5,3,6,5,4,3,4,5,3,3,3,4,2.5,2,3,2.5,2,2,2,2,1.5,1,2,1,2,1.5,1,1,1,1,1,1,1,1,1,1,1,1,1,1,1,1,1,1
804,812.5,806.5,806.5,804.5,799,804,802.5,807.5,790,796,792.5,803.5,799,795,796.5,789,790,786.5,786,773,777,777,756,744.5,739.5,742.5,740,735.5,709.5,704,704.5,694,657,660.5,634,646,591,553.5,543,491.5,508.5,459.5,405,308.5,218,190,31,76.5,50,29.5,13,16.5,17.5,17.5,8.5,5,12,10,5.5,4,6,4,3,3.5,4,3.5,3.5,2,2.5,2.5,2,2,2,2,2,2,2,2,2,1,2,1.5,1.5,1,1,1,1,1,1,1,1,1,1,1,1,1,1,1,1,1
808.5,807,802.5,807,809,803,819,796,804,799.5,791.5,796,792,785.5,790,794,803.5,780.5,786.5,779,780.5,781,758,761,752,748,743,726,726,715.5,700.5,710.5,668.5,656.5,633.5,600.5,614,606.5,564.5,528.5,509,472.5,430.5,381,297.5,206.5,197.5,200,31,57,21.5,24,8.5,25.5,13,7.5,10.5,8,5.5,6.5,4,5,4,4,4,4,3.5,3,2,2.5,3,3,2,3,2.5,2,2,2,1.5,2,2,1,1.5,1,1,1,1,1,1,1,1,1,1,1,1,1,1,1,1,1,1
804,816,814.5,801,807.5,810,803.5,798.5,798,808.5,807.5,793,794.5,798.5,790.5,785,787,779.5,777,775,774,767.5,758.5,758,754.5,742.5,728,744,724,719,699.5,689,680.5,659,637,642.5,625,570,560.5,473,502,479.5,360.5,364.5,319.5,74,144.5,89.5,23.5,31.5,34.5,9.5,12.5,21,11,12,7.5,7.5,6,5,4,6,4,4,3,2.5,3,3,2,2.5,3,2,3,2,2.5,2,2,2,1,2,1,2,1,1,1,1.5,1,1,1,1,1,1,1,1,1,1,1,1,1,1,1
808.5,807,807,809.5,807,808.5,802.5,807,794.5,809.5,797,797,794.5,792,781,792.5,788.5,780.5,791.5,785.5,770.5,770,763,756.5,746.5,743.5,741,727,723.5,714.5,690.5,674.5,663.5,664,647.5,614.5,601,578,556.5,540,493.5,382,480,354,322.5,276,183.5,132.5,77,69,24.5,19,22,11.5,9,13.5,10,6,7.5,5.5,4,5,4,3,3,5,3,4,3,3,2.5,2,2,2,2,2,2,2,2,2,2,2,2,2,1,2,1,1,1,1,1,1,1,1,1,1,1,1,1,1,1
815.5,801.5,807.5,808,813,818,794.5,805,791,805,808.5,798.5,788,797.5,802,777.5,788.5,783.5,783,773,775.5,760.5,758,755,746,743,738,721.5,710,717.5,695.5,681.5,676,656,664,626,552.5,566,552,513,469.5,490,375.5,399.5,213,306,40,97,34,80.5,30,13.5,16,14,14.5,7,16.5,10,10.5,5,4,5.5,4,3.5,3,3,3.5,3.5,2,3.5,3,2,2,2,2,2,2,2,2,2,2,2,1,1,1,1,1,1,1.5,1,1.5,1,1,1,1,1,1,1,1,1,1
815,811.5,796,808.5,798,807.5,800.5,805.5,803,789,805,783,793,781,795,783.5,782.5,777.5,774,785,767,761,757,762.5,740.5,737.5,729,713,713,708,695.5,658,675,656.5,617.5,595.5,578.5,562.5,565,477.5,473.5,450,352,367,320.5,295.5,95,115.5,88.5,31.5,19,41,18.5,14.5,8.5,9.5,10.5,10.5,7,7,6,6,4.5,4,3,3,3,2.5,2.5,3,3.5,2,2.5,2,2,2.5,2,2,2,1,2,2,2,1,1,2,1,2,1,1,1,1,1,1,1,1,1,1,1,1,1
798.5,821,808,808,805,801,789.5,812.5,807.5,805,802.5,786.5,792.5,789.5,788.5,795,786,781,788,757,761,755.5,746,746.5,724,727.5,731.5,722,708,704.5,688.5,673.5,638,641,629.5,610.5,557.5,547,536,470.5,467.5,442.5,418,398,207,91,129.5,80,66.5,54.5,39.5,27,18,14,8,6,11,10,5,6,4,8,4,4,3,3,4,3,3,4,3,3,2,2,2,2,2,2,2,2,1.5,2,2,1,1,1,1,1,1,1,1,1,1,1,1,1,1,1,1,1,1
807.5,805.5,805.5,812,799,803,810.5,793.5,804.5,795.5,787.5,792,786,793.5,793,785,776.5,781,776,778.5,764,767,745.5,758.5,748,727,707.5,715.5,713.5,700,670,655.5,642,636.5,620,591,583.5,552,494,506.5,464,416.5,352.5,348,242.5,113,153.5,52.5,80,39,20.5,25.5,16.5,9.5,11.5,13.5,11.5,8.5,8.5,6,5,3,5,3,3,3,3.5,4,3,3,3,2,3,2,3,2,2,2,2,2,2,1,2,1.5,2,2,2,1.5,1,1,1,1,1,1,1,1,1,1,1,1,1
806,805,812,795.5,801.5,797,805.5,795,806,798,797,789.5,792,788,779,781.5,778.5,772,760,774.5,770.5,751,761,746.5,733.5,731.5,715.5,710,687.5,681.5,676.5,658,653,620,624.5,575,558.5,535.5,504,474.5,469,469,359.5,301,356,251.5,119.5,86,68,33,37,11.5,12.5,12,8.5,8,8.5,13.5,7.5,6.5,5,5.5,6,3,5,4.5,4,3,2.5,2,2.5,3,2.5,2,2,2,3,2,1.5,2,2,2,2,1,1,1,1,1,1,1.5,1,1,1,1,1,1,1,1,1,1,1
801,802.5,818.5,802,808,808.5,807.5,797,792,795,790,804.5,782.5,787,787.5,773.5,775.5,769,763.5,759,770.5,757,739,763,737,719,722.5,704,705,685.5,676.5,659,650,600,588,585.5,572.5,530,534.5,501,411,405,414,374.5,212,104.5,234.5,155,66.5,53.5,30,31,13,11,7.5,11,11,8,5,7.5,4.5,4,5,5.5,3.5,5,3,3,2,3,3,2,2,2,2,2,2,2.5,2,2,2,2,2,1,2,1.5,1.5,1,1,1.5,1,1,1,1,1,1,1,1,1,1,1
811.5,802.5,807,793,799,806,803.5,799,793.5,797.5,783,777,782.5,787,786.5,779.5,778.5,776,769.5,762,762.5,748,741,735,730.5,707.5,717,696,688,670,666,647.5,617,605.5,585,578.5,576.5,517,454,457.5,447,345.5,397.5,294.5,334,259.5,45,61,44.5,59.5,15,21,15.5,16,18,18,6,6.5,6,8,6,5,3,4,5,4,3,3,4,4,3,3,2,2,2,2,2,2,2,1.5,2,1.5,1,2,1.5,1,2,1.5,1.5,1,1,1,1,1,1,1,1,1,1,1,1
812.5,797.5,809.5,807,809.5,811,798.5,804,803,799.5,786.5,776.5,790.5,783,788.5,771.5,764.5,768.5,767.5,763.5,769.5,759,738,723.5,728.5,702.5,701,687.5,681.5,667.5,668.5,653.5,625,612.5,588,579,536.5,489.5,495.5,454.5,447.5,370,366,296,278.5,110.5,151,140.5,55,70,26,39.5,15.5,18,9.5,13.5,8,12.5,4.5,8,6,5.5,5.5,5.5,4,4,3,2.5,3,2,3,3,3,2,2,2,2.5,1.5,2,2,2,2,1.5,1.5,2,2,1,1,1.5,1,1,1,1,1,1,1,1,1,1,1,1
802.5,789,801.5,801,801,803,805.5,794,794.5,782,780,779.5,781,776.5,775,771,762.5,769,756.5,755,754.5,747.5,746.5,734.5,721.5,705.5,701.5,691,677.5,660,650,628,588,593.5,581.5,562.5,581,539.5,500,486.5,475.5,368.5,345.5,306,333.5,237.5,107,97.5,21.5,37,20,14.5,17.5,18,6.5,12,5.5,7,9,4,4,5,4,4,4,4,4,4,4,2,3,3,2,2.5,2,2,2,3,2,2,2,2,2,1,2,1.5,1,1,1.5,1.5,1,1,1,1,1,1,1,1,1,1,1
814,805,796.5,806.5,792,808.5,801,793,786,791,787,776,777,784,781,768,761,769,756.5,759,741,739.5,715,725,704,684,700.5,687.5,641.5,661,663.5,627,616,596,604.5,551.5,552,529.5,444.5,481,413.5,389,354,301,213.5,247.5,120.5,103,18.5,71,35,30.5,21.5,10.5,30,23.5,16.5,5,4,6.5,5.5,3.5,7,5,4,4,3,3,3,3,3,2.5,2,3,2,2,2,2,2,2,2,2,1.5,1.5,2,2,1,2,1.5,1,1,1,1,1.5,1,1,1,1,1,1,1
818.5,807.5,802,804.5,799.5,792,802,793,798.5,780,796,795.5,780.5,790,771.5,763.5,765,755.5,752.5,750,757.5,740,724.5,726.5,703.5,694.5,687.5,688,674.5,655,653,622,604.5,595.5,583,546,497,515.5,467.5,430,454,357.5,324.5,273,231.5,198,84,122.5,37,34.5,19.5,18,14,25,10,10,16,9.5,7,9.5,6.5,4,4.5,5,6,5,4,4,3,3.5,4,3,2,2.5,2.5,2,2,2,2,2,2,2,2,2,2,2,1.5,2,2,1,1,1,1,1,1,1,1,1,1,1,1
797.5,806,802,795,789.5,796,786.5,795,798,780,781,788,780.5,781,774,764,772,742.5,750.5,744,738,743,717.5,711.5,700.5,702,689,670,639.5,669.5,641.5,644,632,570.5,566,551.5,516.5,500,501,462.5,427,401.5,73,296.5,289,213.5,92.5,84.5,66.5,69.5,22.5,35,25.5,10,16,12,9,10.5,11,4,7,5,5,3,5,5,3,4,3.5,5,3,3,3,3,3,2,2,2,3,2,2,2,2,2,2,2,2,1,1,1,1,1,2,2,1,1,1,1,1,1,1
804,805.5,800.5,792.5,789.5,802.5,794.5,787.5,780.5,781,784.5,785,776,771.5,779,756.5,750,758.5,740,743,724.5,732,714,715.5,693.5,680.5,666.5,655.5,650,641.5,622.5,630.5,601,566.5,540.5,536,520.5,506.5,435,447,422,345.5,333.5,356,165.5,137,68.5,35.5,52.5,23.5,26.5,16,19.5,8,16.5,15,11,15.5,8.5,5.5,8,7.5,6.5,7,4,4,5.5,3.5,5,3,3,2,3,2,2,2,2,2,2,2.5,2,2,2,2,2,1,2,1,2,1,1,1,1.5,1,1,1,1,1,1,1,1
799.5,803,810.5,800,795.5,794.5,787.5,782,783.5,784,776,783.5,776,773.5,776,760.5,768.5,742.5,751,725,719,736,706,696.5,686,680.5,662.5,668.5,660,638,588,588.5,597.5,589,530,538,502,482,442,391,420,368.5,301,327.5,49,197.5,70.5,59.5,59.5,72.5,16.5,15,25.5,17.5,17.5,10.5,13,9,10,5.5,7,5,6.5,3,6,4,3,3,4,4.5,3.5,4,2,3,3,2.5,3,2,2,3.5,2,2,2,2,2,2,1.5,2,2,2,1.5,2,1,2,1,1,1,2,1,1,1
798,790.5,807.5,797.5,782.5,785.5,799,784.5,776,775,775,771,769,759,761,745.5,743.5,746,734.5,734,727.5,697.5,690,705.5,693.5,680,683,650.5,640.5,644,611.5,608,595,563,559.5,513.5,463.5,430.5,446,437.5,400.5,364,259,254.5,256,153.5,107.5,30,84,10,15,12,11,19,11,19.5,11,6,8,9,7,11.5,5,6,6,5.5,5,4,4.5,2,3,3,3,3,3,2,2.5,2.5,2,2,2,2,1,2,2,2,2,2,2,2,1,1,1,1,1,1,1,1,1,1,1
783.5,796.5,810.5,788,790.5,785,794,788,773,780,773,774,765,752.5,756,747,754.5,737.5,726,717,722.5,711,714.5,692.5,699,677,690.5,656,614.5,614,607.5,597.5,545.5,559.5,494,526,503.5,476,419.5,397,404,307.5,306,180.5,267.5,119.5,42.5,47,88,57,17,16.5,26,16,9.5,14,18,7.5,6,9,5,5.5,7,5,5,4,4.5,3,4,3,3.5,4,2.5,3,2.5,2,3,3,2,2,2,2,2,2,1.5,2,2,2,2,2,2,1,1,1,1.5,1,1,1,1,1,1
796.5,786.5,797.5,793,787.5,792,800,782.5,787,778.5,775,770.5,758,750,745,752,754,742,738.5,735.5,710,704.5,712,682,680,685,653.5,662.5,642.5,632,606.5,598,583.5,557.5,534,490.5,524,469.5,434,424.5,372,312,274.5,281.5,292.5,98.5,61.5,34.5,61,20,19,22,21.5,10.5,10,17.5,6.5,10,7.5,5.5,8,6,5.5,5,3,4,3,3,4,5.5,3,3,3,2,3,3,2,2,2,2,2,3,2,2,2,2,1,2,2,2,1,1,1,1,1,2,2,1,1,1,1
796.5,800.5,793,788,798,792.5,785,785.5,767.5,783.5,780,778,768,769,767.5,750,749,731.5,723,726.5,716,711,700,674,672.5,657,664,618.5,626,619.5,612,539,548,542,527.5,509.5,476,472,380.5,387,373,367,277.5,133.5,203,67.5,41.5,82,31,13,49,19,23.5,14,11,24.5,10.5,9,9,8,8,5.5,6,6,4,5.5,4,4,3,3,2,3,3,3,3,3,3,3,2,2,2.5,2,2,2,2,2,2,1.5,1.5,2,2,1,2,2,1,1,1.5,1,1,1,1
793.5,791.5,785,791,791,792.5,779.5,780,778.5,777.5,763,761,754,746.5,735.5,745,739.5,730,719.5,731.5,715,695,676,672.5,677.5,651.5,646,648,632.5,604,571.5,578,573,536.5,508.5,511.5,491,384,415,401.5,357,316.5,321,301.5,139,121,146,127,36,36.5,30,34,23,30.5,15.5,11.5,8,9.5,8,5,8.5,5,6,5,5,3,5.5,4.5,4,3,4,2.5,3,3,3,3,2.5,3,2,3,2,2,2,2,2,2,2,1.5,2,1,2,2,1,2,2,1,2,1,1,1,1
791.5,786,781,779,792.5,778.5,780,777,774,785,756,768.5,758,755,745.5,743.5,738,732.5,726,712.5,695,702.5,688,689.5,671.5,654,661,625.5,639,589,573.5,567.5,530,532,488,487.5,469.5,469.5,425.5,378.5,341.5,308.5,265,94,164.5,147,61,74,40,37.5,22,21.5,12,7.5,14.5,12,7,16,12,4.5,7,8,11,6,4,4,5,4.5,4,3,3,3,3,3,2.5,2,2,3,2,2,2.5,2,2,2,2,2,2,1.5,2,2,2,2,1,2,1,1.5,1,1,1,1,1
790,795.5,779.5,789.5,779,776,776.5,776.5,773.5,763.5,750.5,756.5,745.5,751.5,751,744.5,731,727.5,703,709,693.5,688.5,668,679.5,652.5,654,643,639,614,609.5,590.5,574.5,529.5,499.5,508.5,489.5,430.5,428,416,358.5,39,324.5,126,244.5,126,68.5,107,76,43.5,24,28.5,26.5,16.5,12.5,11.5,15.5,9,12,10,9.5,7.5,5,5,3.5,7.5,7,5,3.5,3.5,4,2,3,3,2,2,2,3,3,2,2,2,2,2,2,2,2,2,2,1.5,1,2,2,1,2,1,1.5,1,1,1,1,1
789.5,785,789.5,785.5,765.5,773.5,776,762,763.5,760.5,756,766,749,747.5,735,726,725,718,698.5,707,692,688.5,682,661.5,643.5,640.5,642,619,595,588.5,539.5,573.5,544,550,510.5,486.5,434,399,363.5,424,348.5,334,270.5,210.5,260,139,36,79.5,29,17.5,31.5,14.5,18,17.5,15,12,7.5,8,18,6,10.5,6.5,6.5,6.5,3,5.5,4,4,4.5,4,3.5,4.5,4,2.5,3.5,3,2,3,2,2,2,2,2,2,2,2,2,2,2,2,2,2,1.5,2,1.5,1.5,1.5,1,1,1,1
796,784,785,783.5,781,767,762.5,764,767,765,753,750,757,729,739,735.5,722,703,708,705.5,684,686.5,676,662,647,618.5,616,609.5,597,564.5,578,555,525.5,503.5,498.5,479.5,442.5,430.5,402.5,389,291.5,323.5,323,126.5,142.5,32,126.5,93.5,23,36.5,25.5,22,20,29,12.5,11,8.5,11.5,7,7.5,8.5,6,7,9.5,5,4.5,4,4,4,3,4,3,3,3,2.5,2.5,3,3,2,3,2.5,2,2,2,2,2,2,1.5,2,2,2,2,2,2,1,1,1,1,1,1.5,1
794,788,790.5,780.5,775,782.5,771.5,764.5,763,759.5,751.5,750,748,741.5,724.5,727,722,709,698.5,692,685,666,662.5,667,636.5,645,638.5,608,585,585.5,541.5,558,537,476.5,477.5,441,428,415,373.5,362.5,361.5,330.5,290.5,234.5,63.5,32,132.5,78,53.5,26.5,60,24.5,11.5,8.5,22,12.5,8.5,10,5.5,14,7.5,6.5,6,8,6,6,6,3,4,5,3,4,4,3,4,4,3,2.5,2,2,2,2,2,2.5,2,2,2,2,2,2,2,1.5,2,2,1,1,1,1,2,2,1
789,787.5,772,783,773,763,759.5,770,758.5,754,741.5,748.5,748.5,749.5,718.5,723.5,717,712,712.5,685,683,667.5,651.5,659,636,615,621.5,596.5,573,560,552.5,551.5,521,536.5,504,457.5,427,377.5,392.5,322,357.5,290.5,252.5,106,181.5,101.5,65.5,60.5,28,28.5,47.5,12.5,37,25,9.5,7,12.5,7,7.5,8.5,8,8.5,9.5,8,4,6,5,4,4,6,5,3,3,3,4,3,3.5,2,2,3,3,2,2,2,2,2,2,2,2,2,1,2,1,2,2,2,1,1,2,2,1.5
787.5,779.5,782,767.5,771.5,766,770,766.5,760.5,772,744,735.5,738,724.5,722,714,721.5,710,683.5,684,684.5,672.5,656,652,636,620.5,597,588.5,569.5,561,554.5,554,501.5,507,488.5,442.5,413,424,367,350.5,339.5,313,210,224,199,82.5,23,77.5,60,19.5,61.5,25,27,15,15.5,8,10,13,11.5,15,6.5,6,7,8,9,5,4,4.5,4,5,5,4,3,3,3,3,3,2.5,3,2,3,2,2,2,2,2,2,2,2,2,2,2,2,2,2,1,1.5,1,1,2,1
783.5,781.5,780,782.5,766,755,758,763.5,744.5,747.5,748,718.5,742,718,705.5,717.5,691,701,691,675.5,664.5,676,637.5,656.5,612,605.5,613,594.5,603.5,582.5,569,524,517,487.5,490,452,409.5,445,304.5,334,296,329.5,269.5,171,143,56,137,17,84,37,49.5,18.5,12.5,10.5,14.5,11.5,6,13,7.5,5.5,12,8,7,5,6,7,4.5,4.5,4,3,3,5,3,3,3,4.5,3,2,2,3,3,2,3,2,2,2,2,2,2,2,2,2,1,2,2,2,1,2,2,2,1
789,779.5,774.5,777,764.5,756,758.5,743.5,745.5,750.5,738.5,735.5,724,718,713.5,709,706,702.5,681,678,670,650,629.5,626.5,625,604,596.5,566.5,578.5,555.5,556,545.5,515,480,437.5,445.5,412.5,394,307,361.5,318,119.5,222,83.5,59.5,44.5,29,92,53.5,21,19.5,14.5,8.5,15.5,11,13,9,10.5,5,7,8,7,8.5,5,6,5.5,5,3,4.5,3.5,4,3.5,3.5,5.5,3,3,3,3,3,2,2,3,2,2,3,2,2,2,2,2,2,2,1.5,2,2,2,2,2,2,1,2
785,785.5,767.5,755,766,748,745.5,755,757.5,737.5,739.5,724.5,732,733.5,716,688.5,697.5,686,682,666.5,672.5,656.5,635.5,654,632,608,572,584,559,548,545,506.5,494,465.5,465.5,392,384.5,380.5,372.5,344.5,311.5,276.5,240,149.5,177.5,93,76.5,23.5,86,45,16,31,43,29,20.5,18,11,12,14.5,8.5,9,7,6,6,6.5,5.5,5,4,6,3.5,4,4.5,3.5,3.5,3.5,3,4,3.5,3,3,3,2,2,2.5,2,2,2,2,2,2,2,2,2,1,2,2,1,2,2,1,1
778,783,758,766.5,759.5,756.5,751.5,744.5,738.5,737,733.5,725.5,707.5,721.5,727,692.5,687,693.5,697,657.5,659.5,646.5,645.5,627,611,603,605.5,573.5,560,544.5,552.5,502.5,494,477.5,444.5,371.5,407.5,392.5,349.5,364.5,307,292.5,231.5,130.5,91,95.5,113,54.5,61.5,34,36.5,27.5,28.5,15,15,10.5,7,10,8.5,9,8,7.5,7.5,6,6.5,6,6.5,6,6.5,5,4,3,5,3,3,3.5,4.5,3,4,3,3,2,2,2,2,2,2,2.5,2,2,2,2,2,2,2,1,1,1,2,1,1
774.5,780.5,765,765,753,757,756.5,748,743.5,735,729.5,716.5,733,724,708.5,693,676.5,675,666,653.5,633.5,633,629,645,605.5,584.5,599.5,565,557,535.5,530,514.5,509.5,444.5,451,428.5,382,412,302.5,359.5,352.5,257,193.5,252.5,141.5,96.5,102.5,98,17,65,27.5,28.5,45.5,12,16,13.5,16,12.5,19.5,7.5,7,9,8,4.5,7,5,6.5,5.5,5,5,5,5,4.5,4,3,2,3,3,3,3,2,2,2.5,2,2,2.5,2,1.5,2,2,2,2,2,2,2,2,2,1.5,2,2,2
766.5,773.5,762.5,764,767,749,740.5,758,741,734.5,720.5,709,712,693.5,706.5,716,699,685.5,665,631.5,663.5,637,633.5,614,611,592.5,596,527.5,540,522,488.5,487.5,484.5,464,444.5,394.5,382.5,321,367,274.5,329,268,175,124.5,196.5,24,69,139,44,35.5,23.5,15.5,19,9,17.5,9,9.5,9,11,9.5,10.5,7.5,8,4.5,6,4,6.5,5,6,5.5,5,3,5,4,4,2.5,2.5,4,3,2.5,3,2.5,2,2,2,3,2,2,2,2,2,2,2,2,2,1,2,2,2,1,1
769,775,769,756.5,749,757,744,736,738,726.5,707,705.5,721,697,697.5,680.5,695.5,647,646,665,637.5,626,629.5,606,612.5,579,569.5,550,518.5,542,478,464.5,487.5,476.5,433,409.5,381.5,344.5,310.5,316,155,264,150,242.5,73.5,43,92,26.5,66,21,33,26.5,13,19,16.5,21.5,13.5,12.5,13.5,6.5,6,14.5,4.5,6,8.5,5,5,7,4,4,5,3.5,3.5,3,5,3,3,3.5,3,3,2.5,3,3,2,2,2.5,2,2,2,2,2,1.5,3,2,2,1.5,1,2,1,1,1.5
781.5,750.5,748,756.5,751.5,737.5,744.5,748.5,729.5,726,714,712.5,715.5,719,685,680,698,677.5,653,664.5,642,627,636.5,597.5,606,572.5,576.5,546,530.5,524.5,497.5,465.5,445,469.5,416,420.5,392,297,332,305.5,320,165.5,167,220.5,209.5,111.5,30.5,57.5,40.5,18.5,26,34.5,17,13,21.5,30,17.5,12,8.5,6,10,7.5,8,6.5,6,5,4,4.5,5.5,4,6,4,4,3,3,5,4,3,4,3,3,2,3,2,3,3,2.5,2,2,3,2,2,3,2.5,2,2,2,2,2,2,1
766.5,763,762.5,744,740.5,737,740.5,732.5,730,706.5,722,711.5,691.5,701,699.5,677.5,665.5,664.5,649,642,628.5,614,628.5,578,577.5,575,560,565.5,524.5,493,514,497.5,497,455.5,424.5,375.5,401.5,340,353,226,186.5,179.5,212.5,273,192.5,26.5,64,67,32.5,39.5,13,27.5,27,20,15,11.5,17,8,12.5,11,13.5,11,8,7,7,4,6,5,4,4,6,4,3.5,4,3,3.5,4,3,3,3,3,3.5,3,3,2,2,2,3,2,2,2,2,2,2,2,2,2,2,2,1,1
762,759,737.5,749,742.5,732,732,732,715,711,711.5,699,701.5,675.5,694,659,659,652,651,618,619.5,619,619,573.5,592.5,558,544.5,508,533.5,499,512,506,448.5,443,416,385,291,283,361.5,337.5,261.5,206,46,120,148,53.5,73,39.5,43,43,31.5,16.5,28,14.5,12.5,13.5,22,16,12.5,11,6,6,13,5,9,5,4.5,5,7.5,4,6,4,3,3,3,3,3.5,3,4.5,3,3,3,3,3,3,3,3,2,3,2,2,2,2,2,2,2,2,2,1.5,2,1.5
766,759,755,749,739,740.5,744.5,721,722.5,720,702,706,697.5,689.5,677,673,670.5,635,644.5,633,623.5,610,580,575.5,568.5,561,566,524,519.5,511.5,492.5,468.5,427.5,428,426.5,361.5,379.5,374,320.5,205.5,236.5,196,82,152,108,35,59,40,70.5,25.5,42,15,44.5,13,19,14.5,14.5,6.5,8,9,8,7.5,6.5,7,7.5,7,5,5,5,4.5,3,3.5,4,4,2.5,3,3,4.5,3,3,3.5,3,3,2,2,2,2,2,3,2,2,2,2,2,2,2,2,2,1,2,2
762,751,750.5,733.5,733,733,732,727.5,731.5,720.5,698.5,703,681.5,683.5,683.5,646.5,652.5,649.5,654,619,624,628,589.5,587,587.5,564,554,521.5,521.5,516.5,480,469,442,464,416.5,387.5,370.5,349,312,298.5,247,241.5,142,34.5,19.5,71,88.5,90.5,25.5,18,15,15.5,20.5,14.5,25.5,9,12,34.5,7.5,12,12,7.5,5,6,6,6,6,4.5,6,4.5,3.5,3,4,5,3,3,5,3,3,2,3,3,3,2,2,3,3,2,3,2,3,2,2,1,2.5,2,2,2,1,2,1
753.5,747.5,737.5,736,724,719,731.5,714.5,716,701,699,688,673.5,683,671.5,667,647,648,627,615,617,589.5,588.5,589,590,534,551,518,474,490,487.5,469.5,452,424.5,406.5,321,348,346.5,123,265,263.5,216,203.5,132.5,54,75.5,49,33,47,43,41,31.5,14.5,22,21.5,19,9,11,11.5,8,9.5,7.5,6.5,9,6,4,6.5,5,6,5.5,5,5,4,4,4.5,3,3,4,4,2,3,3,3,3,2.5,2.5,2.5,2,2,3,2,2,2,3,2,2,2,2,2,2,2
748.5,736,736.5,742.5,732.5,705,725,711,706.5,678.5,682.5,681,673,688,671,678.5,652.5,632.5,619,615,598.5,590,607.5,587,562.5,550,548,503,524,485.5,481.5,459,454.5,396,355.5,412,306.5,299,303.5,231.5,266,32,142.5,163.5,114,88,124,48.5,31.5,46,49,23.5,33.5,31.5,11,10.5,11,10,12,8.5,9.5,7,8,7.5,5.5,5.5,5,6.5,5,3.5,5,3,3.5,5,3,3,4,4,3,4,4.5,2,3,2.5,3,2,2,2,3,3,2.5,2,2,2,2,2,2,2,1.5,2,2
748,746,728,745,733.5,735,704.5,724,707.5,693.5,692.5,689,678.5,678,651.5,637,624,657,628.5,613,611,604,586.5,576,549,573,536.5,512.5,495.5,496,448,478.5,402.5,431,391,376.5,354,307,274.5,247,233.5,212,199.5,173,186.5,78.5,106,71.5,22,33,14,14.5,11,16.5,17.5,33,12.5,13,15,9.5,8,7,9.5,11,5.5,5.5,6,5,6,4,4,4,5,3.5,3,5,4,3.5,3,3,2.5,4,2,2.5,2,2.5,3,3,2,2,2,2.5,2,2,2,2,2,2,2,2,2
745.5,737,750,730.5,727,710.5,719,712,695.5,678.5,696.5,686,673.5,668.5,681,663.5,657.5,626.5,617,624.5,593.5,589,569.5,573,552.5,518.5,518.5,523,498.5,483.5,469.5,464.5,439,353,389,351,337.5,316,318,98.5,184.5,213.5,115.5,167,220,37.5,63,92.5,17,64,14.5,47,26.5,19.5,14.5,14.5,16.5,8,13.5,7,8.5,8,8,7,5,7.5,8.5,5,7.5,7,7,5,5.5,4,4,3.5,4,3,4.5,2,3,3,3,2,2,3,3,2,2,2.5,2,2,2,2,2,2.5,2,2,2,2,2
742,723.5,730,728,717.5,719.5,713.5,706.5,704,697.5,693,665,665,657.5,645,632,634,633,613,600,588,566,575.5,558.5,546.5,501.5,545.5,478,512.5,483.5,445,429,443.5,362,383,387.5,334.5,283,297,267.5,178,166,105,79.5,32,45,44,66,27,37.5,14.5,15.5,17.5,23,18,29,17.5,15.5,10,7.5,10.5,9.5,9,7,6,6.5,3,8.5,6,3.5,4,6,5,4,5.5,3.5,4,2.5,4.5,2.5,3,3,2,3,3,2,3,2,2,2,3,2,2,2,2,2,2,1.5,2,2,2
733,725,714.5,713.5,718,707.5,699,693,696,689.5,679,679,655,651,661.5,639.5,622,613,601,578,585.5,581.5,564,565.5,551,528.5,507,510.5,474.5,475.5,454,435.5,425,390.5,387.5,360,311.5,337.5,264.5,257,219,237,129,241.5,202,73,35,32,45.5,35,28,23.5,27,19.5,15,11,9,12.5,6,9.5,10,9,9,11,12,5,6,4.5,6,3,6,4.5,6.5,5.5,3.5,4,3,3,3.5,3.5,3,3,2,3,4,2,2,2,3,2,2,2,2.5,2,2,2,2,2,2,2,2
752.5,738,725.5,725,715,718,701,678.5,699,679.5,678,659,672,648,645,642,633.5,608.5,593,550,591,575,554.5,535,531.5,542,518.5,488.5,466,457.5,439.5,439.5,418,376,384.5,348.5,298.5,289,207.5,218,73,124,146.5,73.5,34.5,147.5,24,51.5,26.5,33,25,13,9.5,11,13.5,15.5,9.5,15,8.5,9,10.5,5,3.5,11.5,6,10,6,7.5,7.5,5,5,5,3,4,4,4,3,3,3,3,4,4,3,4,3,2,2,3,2,3,2.5,2.5,2,2,2.5,2,2,2,2,2,2
728,722.5,717.5,709.5,681.5,708,691,690.5,669.5,689,688,655,645,652,628,644,633,596.5,573,580,593,583,569.5,556,525,526,503.5,500.5,477,433,473.5,429,403,382.5,356.5,344.5,285,300,258,246,141.5,185,145.5,59,112,80,43,40,21.5,21,22.5,18,59.5,20.5,13.5,16,14,11.5,16,11,12,8,10,9,8,11,4,3.5,7.5,4.5,4,5.5,4,3,3.5,5,3,4.5,3.5,3,3,4,4,3,4,2.5,2,3,2,3,2,2,2,2,2,2,2,2,2,2,2
722.5,714,709.5,717.5,682,705,686.5,689,695.5,663.5,664,675.5,663,638.5,641,620.5,624,603,579.5,581,569,577,568,555.5,537,534,504.5,480.5,453.5,461,470.5,401,391,367,384,335,335,258,290,290,278,42,82,81.5,59.5,28,27.5,28.5,15,15,29,16,24.5,18.5,18.5,12,16.5,12,11,10.5,10,10,9.5,9,13.5,4.5,10.5,5,5.5,5.5,3,4,6,4,4,4,3,4,3,4,2,4,4,3.5,3,2.5,2,3,3,2.5,2,2,2,2,2,2,2,2,3,2,2
720,718.5,709.5,720.5,697,705,693.5,694.5,672,673,667.5,651,653,630,639.5,623.5,615.5,597,599,562,555,581.5,541,538,518,487.5,488,453,451,446,441,422.5,382.5,366.5,361,376,324,274.5,285,216.5,215,161.5,112.5,136.5,82.5,33.5,39.5,58.5,40.5,26.5,34,29,32,15,14.5,25.5,27,12.5,12.5,13,9.5,9.5,10,8.5,5,7.5,6.5,6,7,5,6.5,4,4.5,5,5,5,3,3.5,5,3.5,3.5,3,3,3,3.5,2.5,2,2,3,3,2,2,2,2,2,2,2,2,2,2,2
707,723,715,704,690.5,707.5,690,693,673.5,663.5,631.5,669.5,653.5,646.5,632.5,626,596.5,608.5,576,594.5,555.5,555.5,564,513,509,502.5,503.5,489.5,459.5,438.5,440,429,364,347,363,350.5,319,334,271,230,128.5,152.5,239,69.5,142,75.5,61,35.5,52,43.5,30,20,21.5,39.5,21,13.5,12,10,13.5,9,9.5,7,11.5,8,3,7,6,8.5,5,5,6.5,7,4.5,3,3.5,3.5,5,3.5,4,4.5,4.5,3.5,3.5,2,3,2,2,2.5,3,2.5,3,3,3,2,2,2,2,2,2,2,1
721.5,709.5,703,711.5,684,698,687.5,665.5,666.5,661.5,647,640.5,637.5,620,602.5,589.5,602,583.5,592,586,549,552.5,543.5,546.5,513.5,484,495.5,460.5,443.5,430,394.5,403.5,412,340,390.5,338.5,331,306.5,213,248.5,130.5,140,214,157,68,128,93,72,59,28.5,21.5,44,8,30,11.5,26.5,13.5,14.5,11.5,10,9.5,12.5,9,7.5,6.5,4,4.5,10,6.5,7,6,4,4,6,4.5,4,5,3,4,3,4,3,3,2,3,3,3,3,3,2,3,3,3,3,2,3,2,2,2,2,2
702.5,705,702,684,694,690.5,683.5,674,662,655.5,650,652,624.5,639,632.5,608.5,588.5,583.5,569.5,579,537,527,528,506,498,514,486,450.5,276.5,418,420.5,381.5,393.5,303,357.5,315,323.5,281.5,260,245,229.5,201,126.5,86,117,52,109,56.5,18,28,18,47.5,29,31.5,30.5,11,11.5,8,12.5,9,8,9,6.5,6,12,6,10,8,6,5,6,6.5,4.5,4.5,8.5,4,4.5,4,4,2.5,4,3,3.5,5,3,2.5,2.5,4,2,2,3,2,2.5,2,3,2,3,2,2,3,2
711.5,699.5,707.5,681,649,679.5,692,664.5,653.5,660,648.5,639,622.5,618,604,602.5,576.5,581.5,583.5,559,543.5,543.5,528,530.5,499,505,487,466.5,451,436.5,412,391,375.5,364.5,331,257.5,272,326,289,252.5,183,144,232.5,127.5,54,79,25.5,49,41.5,30,15.5,23,9.5,15.5,21,26.5,8,15,15.5,11,11,12,8,9,7,4,7.5,7,5.5,6.5,7,3.5,5,3.5,6.5,4,3,3,3,4.5,5,4,4,3,3,2,3.5,3,3,2.5,2,3,3,2.5,2,2,2.5,2,2,2,2
708.5,696,698,688,691,680.5,660.5,661,672.5,651.5,660,634,616.5,620,599,589,572,564,580.5,571.5,532.5,521,525,507.5,488,496.5,478.5,473.5,419,429.5,406.5,346,415,347.5,331.5,340.5,262,247.5,216.5,215.5,225,204,182,76.5,133,53.5,34.5,43.5,62,15.5,34,18.5,15.5,34,13,15,17.5,9,9,9,6,7.5,10.5,5.5,15,6,4,6,6.5,5,5.5,9,3,5.5,4,4,4.5,4,4,4,2.5,3.5,4,3,3,3,3,3,3,2,3,2,3,2,2,3,2,3,2,2,2
709,688.5,690.5,694,682,675,659,661.5,673,649.5,621,629.5,603,602,598,595.5,603.5,563.5,570.5,534,569,525.5,516,498,492.5,470.5,469,439,446.5,398.5,427,385,382.5,327.5,353,271.5,260.5,230,151.5,171.5,244.5,75.5,167,104,129,36.5,141,37.5,21.5,34,20,12.5,11.5,7,12,20.5,20.5,8,15,7,23.5,12,5,8,10,5,4,6,6,5,5,5.5,4,5,4,3,4.5,3.5,4,5,3.5,2,5,3.5,3,3.5,3,2.5,2,3,2,3,2.5,3,2,3,2,2,3,2,2
698.5,696,677.5,684,677,669,670,645.5,639.5,637,628,635,633,613,612,608,610,576,559.5,566.5,517.5,530,483,494.5,491,483.5,463.5,454,428.5,399,419.5,367,284,348,306.5,314,313.5,301.5,295.5,203,233.5,47,88,58.5,60,66.5,31.5,48.5,25.5,44,15.5,54,8,10.5,15.5,15,16,11,7,8,6,14.5,9,8,9,9,8,7,7.5,5,7.5,5,5.5,5,4.5,4.5,4,4,4,4,4,4,4,3,3,3,3,3,3,3,2,2,2,3,2,3,2,2,2,2,2
706.5,697,685.5,678.5,663,658,657,652.5,636.5,645,628,602.5,609,614,583.5,591,574.5,551,571,527.5,529,512.5,495.5,511,483,479.5,478,444.5,428,373.5,372,369.5,380,346.5,319,234.5,268,245.5,258.5,278,158,146,35.5,158,45,28,25,34,70.5,39.5,24,29.5,16.5,16.5,17,13.5,10.5,9,12,8,13,14,12,8,8,6,4.5,5.5,11,3,7,9,5,5.5,6,4,4,4,6.5,3,4,3,3.5,3,3,3,3,4,2.5,3,3,2,3,3,2,2,2.5,2,2,2,2.5
699.5,698.5,682.5,675,673,663.5,645.5,650,643.5,619,631.5,609,607.5,597,604,581.5,570,579,531.5,535,513,524,532,470.5,481,487.5,442,432.5,387,421,371.5,374.5,371.5,298,349,327,254.5,189,156,201,106,41.5,109.5,60,76,73,59,13.5,41,25.5,16.5,21,14,21,34,15,15,16.5,15.5,6.5,8.5,10,11,9.5,11.5,5.5,7.5,9,5,6,6,6.5,6,7,3,3.5,4,4,4.5,3.5,4,5,2,4.5,2,3.5,2.5,3,3.5,3,3,3,2,2,2,2.5,3,3,2,2,2
687.5,686.5,672,676,665.5,659.5,644,642,636,638.5,621,621.5,599.5,614,578,578,579.5,555,540.5,535,524.5,493.5,488.5,492,467.5,442.5,466.5,410,408,412.5,348.5,366.5,353.5,321,301,316.5,294,300.5,57,192.5,137,161,113,121.5,34.5,57.5,26,22,28.5,22.5,60.5,13.5,21.5,12,11.5,8,16,20.5,10,8,11.5,11,11.5,7,6.5,7.5,8,6,5.5,8,7.5,6,4,6,3.5,4,4.5,4.5,4.5,5,3,3,3,3,3,3,3,3,3.5,2,3,3,3,3,2.5,2,2,2,3,2,2
672.5,682.5,681.5,659.5,672,668,643.5,649,646.5,617,613,603,602.5,596.5,592,594.5,561,530.5,557.5,554,528.5,505,491,485,461.5,455.5,451.5,425,377.5,418,387,362,316.5,322,242.5,342,259.5,80.5,177.5,252,72,53,69.5,19,121,25,46,56,23,19,20,19,15.5,21,21,13,17.5,5.5,10.5,9.5,10,11,9.5,8,8,6.5,9.5,6,4,8.5,5,4.5,6,4,6,5,5,3.5,6.5,5.5,3,4.5,3,4,3,3,2,3,3,2,2.5,3,2,3,3,2,2,2,3,2,2
685.5,673.5,670.5,653.5,649,643.5,619.5,655.5,633,634,611,614.5,611,568,560,563,556.5,550,538.5,509.5,520.5,517.5,476,499.5,465,448.5,425.5,440,388,372,382,290,334.5,344,350.5,251.5,276,274.5,246,220,224.5,70.5,150.5,189,128.5,100,31,45.5,48,24,30.5,32.5,16,23.5,22.5,13.5,17.5,13.5,20.5,11.5,13,8,15,9,15.5,7.5,8,8.5,5,8.5,5,5,6.5,5,7,6.5,5,4.5,4,5,4.5,4,4.5,4.5,3.5,3,4,3.5,2,3,3,2,3,3,3,2.5,2,2,2,2,2
