396.2,405.6,391.6,149.9,317.6,479.9,241.3,394.4,543.2,636.1,383.4,161.5,227.4,387.7,469.3,535.7,304.1,308.3,236.9,231.9,380.2,455.6,537.4,460.9,301.9,379,232.3,217.4,211.3,347,339.1,544.5,129.9,127.3,319.8,129.9,310.9,131.9,312.4,231,151.8,208.2,164.2,186.7,144.8,10.3,58.3,52,59.9,24.9,2.5,4.3,10.6,2.2,1.5,1.8,1.7,1.8,2.6,1.9,2.4,1.7,1.5,2,1.7,1.1,2.1,1.9,1.5,1.4,1.1,1.3,1.4,1.5,2,1.1,1,1.1,1.5,1.1,1.1,1,1,1,1,1.2,1,1,1.1,1.1,1,1.1,1,1,1,1.1,1,1,1,1,1.1
237.9,623.8,157.2,397.3,547.2,317.5,553.4,236.2,307.7,304.1,316.2,526.5,309.3,535.3,443.5,145.1,235.4,316.8,376.1,382.9,307.5,299.9,541.8,308,520.2,376,218,363.9,291.8,367.7,410.4,281.1,329.1,202.3,273.5,66,258,186.1,178.9,117.3,166.5,201.3,162.8,134.8,117.2,102.2,55.8,57.5,27.8,28.8,4.2,5.2,2.2,12,3.9,2.1,2.1,2,1.5,4.7,2.1,1.2,1.3,1.3,1,2.3,2,1.5,1.7,2,1.2,1.5,1,1.2,1.2,1,1,1.2,1.1,1.2,1.1,1.1,1,1.1,1,1.2,1,1,1,1,1,1,1,1,1,1.2,1,1,1,1,1
384.9,479.6,312.3,153.9,457.2,628.1,395.1,545.5,315.8,230.9,467.4,539.1,383.2,464.5,317,390.5,236.3,468.6,459.2,315.7,457.6,455.2,448.6,372.5,150.8,281.8,375.5,500.1,215.7,510.1,445.8,68.7,195.6,199.8,113.5,211,236.8,242.2,297.9,332.7,155.5,160.2,108.3,150.7,167.2,49.8,163,5.5,75.5,4.1,18.5,10.5,4.7,3.8,2.8,2.1,2.3,8.5,5.5,1.9,1.4,2.4,1,1.3,2,1.6,1.5,1.2,1.9,1.1,1,1.1,1.2,1.4,1.2,1.2,1.1,1.2,1,1.2,1,1.1,1,1,1.1,1,1,1.1,1,1,1,1,1,1,1,1,1,1,1,1,1.1
483.5,164.3,81,550.9,397.1,546.5,617.3,325.9,464.6,548.1,457.8,462.5,377.4,384.1,312,306.8,391.9,319,464.4,464.7,311.2,387.2,372.6,457.3,148.2,581.6,222.9,152.4,76,215.1,297,219.5,283.1,204.8,324.8,141.4,243.4,184.8,322,112.9,175.5,267.1,93,209.4,75,109.7,91.4,9,42.6,12.6,24.2,9.2,12.5,13.1,1.9,3.3,2.6,6.5,5.7,2.9,1.8,1.5,1.3,2.1,1,1.1,1.2,1.6,1.4,1.7,1.3,1.1,1.1,1,1.5,1,1.1,1.1,1.1,1.2,1.1,1.2,1.2,1,1,1.1,1,1,1,1,1,1.2,1,1,1,1,1,1,1,1.2,1
386.8,384.1,484.8,237.1,379.9,314.2,160.9,633.5,162.5,543.2,321.9,326.6,462.2,315.4,311.8,624.1,230.5,466.6,387.9,390.5,152.7,446.8,226.2,395.2,153.9,518.7,211.7,288.7,290.5,367.7,286,289.4,346.2,201.5,63.9,132.1,399.8,242,165.7,129,145.5,110.1,273.9,37.8,171.7,3.2,15.9,10.1,37.4,6.2,3.5,17.4,21.4,7.9,2.9,2.6,3.4,4.6,1.7,1.3,1.2,1.6,2.8,2,1,1.4,1.4,1.2,1.1,1.6,1.3,1.2,1.2,1.2,1.2,1.2,1,1.2,1,1.2,1,1.2,1,1,1,1,1.2,1,1,1,1,1,1,1.1,1,1,1,1,1.2,1,1
384.3,239,560.4,391.7,485.8,548.2,545.5,299.7,304.8,1.2,314.1,472.7,380.3,464.4,374.2,473.9,461,230.1,304.4,308.6,387.2,365.1,305.9,385.5,370.7,367.9,461.2,559.2,490.1,284.3,412.1,279.8,143.8,202,267.1,194.5,175.9,123.9,226.1,209.2,107.8,275.8,7.2,60.7,8.7,97.6,59.5,34.8,37.7,1.3,3.3,8.2,2.1,2.2,11.6,1.5,2.5,1.4,3.4,2.3,1.6,3.8,1.6,1.5,1.7,1.8,1.7,1.4,1.3,1.4,1.3,1.5,1.6,1.3,1.3,1.2,1.1,1.1,1.2,1.1,1.2,1,1,1,1.2,1,1.2,1,1,1.2,1,1.2,1,1,1,1,1,1,1,1,1.1
400.2,240,386.8,539.2,471.8,228.3,79.7,375.7,474.8,378.6,461.5,552.4,225.4,530,312,229.5,237.6,305.2,460.5,385.9,146.8,461.6,228.5,379.6,389.6,213.1,437.5,589.9,307.1,363.3,433.5,214.1,289.1,410.5,332.8,298,240.9,372,250.3,216.7,173.4,2.3,99.2,86.6,39.2,78.3,46,3.7,48.9,14.9,1.5,4.7,5.4,2.8,2.9,3.7,2.6,1.4,3.1,2.7,1.6,1.6,1.9,1.4,1.2,1.5,1.5,1,1.1,1.1,1.6,1,1.2,1,1.2,1.2,1,1.1,1.4,1.1,1,1,1.1,1.1,1,1,1,1.1,1.1,1,1,1,1,1,1.1,1,1,1,1,1,1
314.4,239.3,395,468.8,457.5,160.9,319.5,313.3,546.9,535.6,313.7,527.3,465.4,232.6,308.3,452,438.5,302.1,456.8,453.6,371,616.2,160.8,217.3,580.2,432.2,151.1,216.9,281,145.2,290.3,273.5,73.1,207.6,210.3,315.2,244.4,122.7,167.3,178.9,105.9,76.4,217.7,150.8,43.8,106,71.3,44.7,17.6,13.6,7,2.8,23.3,7.6,2.9,2.1,1.9,2.8,2.3,1.1,2.2,3,2.2,1.3,1.6,1.3,2.2,1.1,1.6,1.1,1.9,1.2,1.2,1.3,1,1.3,1,1,1,1.1,1,1.1,1,1.2,1.2,1.1,1.1,1.1,1,1,1,1.1,1,1,1.1,1,1.1,1.2,1,1,1.1
306.8,309.4,314.1,472.2,316.4,538.8,546,555.6,465.1,319.1,235.3,309.1,540.4,319.4,457.4,454.4,541.3,240.5,391.4,153,227.2,303.2,379.2,304.9,287.7,152.5,367.4,591.7,143.6,222.2,358.2,213.4,404.6,195.9,454.1,140,180,165.5,188,226.3,348.6,54.5,137.4,61.1,235.7,29.7,39,67.3,26.2,29.6,2.9,3.6,18,2.8,4.4,1.4,7.1,2.1,2,4.1,1.1,1.8,1.3,1.3,1.3,1.4,1.7,1.9,1.2,1.3,1.5,1.3,1.5,1,1,1.6,1.2,1.1,1.3,1,1.1,1,1,1.2,1,1,1,1.3,1,1,1,1,1,1.1,1,1.1,1,1,1,1,1
634.8,392,403.1,474.8,247.2,227,382.1,238,311.9,312.7,383.5,312.1,382.3,619.1,391.2,316.6,383.5,538.2,548.7,225.9,309.1,376.2,530.3,457.1,302.8,149.4,365.7,300.5,357.1,288.8,215.6,221.9,194.8,279.6,384.6,195,98.2,340.7,126.3,287.5,103.3,189.4,136.4,5.7,36.6,81.4,51.1,69.3,10.7,6.8,6.6,7.2,7.9,13,5.7,2.7,1.6,1.9,1.9,2.1,1.8,2.2,2,1.8,1.1,1.3,2.3,1.2,1.1,2,1.2,1.4,1.9,1.7,1.7,1.7,1.4,1.2,1.1,1,1.4,1.1,1.1,1.2,1,1.1,1,1,1.2,1,1,1,1,1,1.1,1,1,1,1,1,1
405.1,475.7,393.3,535.3,396.1,402.8,321.7,230.4,301.7,536.9,231,311.1,306.3,467.9,453.1,540.3,464.7,230.5,232,447.1,376.6,296.6,435.9,294.6,369.9,517.7,297.6,221.4,359.3,145.6,280.4,353.6,134,319.4,131,130.7,71.8,164.7,187.9,54.4,122.6,112.5,91.3,139.3,47.5,83.3,36.1,45.1,52.8,6.1,2.9,3.5,2.2,2.6,7.7,5,3.4,6.9,1.5,1.9,3.6,2.4,1.5,1.1,1.7,2.2,1.7,1.3,1.6,1,1.2,1,1.1,1.4,1.2,1,1,1.3,1,1.2,1.1,1.2,1.2,1.1,1,1.1,1,1.1,1.1,1.2,1,1,1,1,1,1.1,1,1,1,1.1,1
313.1,399.1,630.8,314.8,165.2,395.6,308.1,475.8,473.4,306,383.6,627.4,610.9,314.2,539.1,323.1,313.4,386.2,381.9,451.5,306.9,368.8,231.7,310.7,292.9,301,292.9,65.8,278.6,409.8,275,271.4,194.9,250.2,138.7,188.9,374.9,189.8,224.3,229,121.4,59.6,143.1,150.5,46.5,93.7,67.7,29.9,81.6,3.1,14,5.2,10.6,8.4,4.2,4.9,2.2,6.6,1.2,1.9,1.2,1.4,2.2,2.1,2,2.4,1.1,1.3,1.2,1.2,1.3,1.4,1.2,1.1,2.7,1.9,1.1,1,1.1,1,1,1,1,1.4,1.4,1,1,1.2,1,1.2,1,1,1,1,1.1,1.1,1,1,1.1,1.1,1
242.2,477.1,621.4,373.3,320.9,474.9,153,393.1,311.6,462,559.8,163.7,380.9,313.3,454.5,478.3,458.6,529.4,368.1,460.5,523.3,445.9,602,222.5,298.1,231.5,581.6,300.3,225.3,355.6,205,331,204.5,135.4,265.9,133.6,289.2,78.4,8.1,275.4,114.2,263.4,94.6,87.3,79.5,97,9.9,57.5,32.4,14.7,25.3,6.1,4.2,1.2,1.7,1.5,1.9,1.9,4.1,2.5,2.5,2.1,1.7,1.5,1.4,1.6,2.2,2.1,1.4,1.6,1.3,1.1,1.3,1.2,1.3,1.7,1.3,1.3,1,1.3,1,1.2,1.2,1.1,1.3,1,1.1,1,1,1,1,1,1,1,1.3,1,1.1,1.1,1,1.2,1
308.7,391.4,390.9,321.4,234.9,400.4,393.6,232.2,312.2,400.4,471.3,235.7,398.2,534.1,471.5,225.5,237.3,461,375.5,458,444.7,461.1,364.4,450.5,592.7,306.3,225.5,286.6,430.1,291.3,135.7,196.7,339.2,341.2,143.9,118,242.8,163.6,269.5,116.5,306,182.7,181.9,76,14.9,44.7,91,33.1,18.9,3.3,23.6,24.1,7.2,4.1,9.2,3.5,1.2,2.6,2.2,2.3,2.8,1.6,3.9,2.6,1.1,1.8,1.7,1.8,1.9,1.1,1,1.7,1.2,1.1,1.2,1.1,1.2,1.5,1.3,1.1,1.4,1,1,1.2,1.1,1.1,1,1.2,1,1.1,1.1,1,1,1,1,1,1.1,1,1,1,1
391.8,390.5,369.3,323.2,231.7,381.3,469.7,392.4,309.5,468,464.3,210.4,163.1,460.1,239.6,299.4,304.1,378.5,228.2,373.2,465,293.8,297.7,444.1,516.5,358.2,372.8,287,426.4,273.2,143.6,207,530.2,350.7,197.1,461.7,223.4,63.7,242.9,169.7,17.9,125.8,27.1,93.5,56.5,56.9,34.5,31.1,88.1,1.6,20.7,17.5,3.8,5.8,3,2.4,13.8,6,2.6,2,1.6,3.5,1.2,2.4,2,2.6,1.6,1.1,1.4,1.5,2.2,1.2,1.1,1.2,1.6,1.5,1.1,1.3,1.1,1,1,1.3,1.6,1,1,1.2,1.2,1.1,1.1,1,1,1,1.1,1,1,1.1,1,1,1,1,1
395.4,243.2,471.6,398.7,470.9,693.2,300,384.2,306.4,394.9,450.1,310.4,385.1,472.5,231.1,303.2,153.4,388.9,365.5,293.6,386.2,290.5,305.8,294,521.6,375.9,287.4,364.2,337.4,361.6,430,338.6,211.4,201.3,397.4,261.3,287.6,288.9,232.4,280.8,114.2,114.5,97.6,73.7,71.8,22.2,1.7,80.7,32.9,2.7,4.7,14.6,7.7,1.7,2.6,4.6,3.2,2.6,3.2,5,2,2.1,2.8,1.4,1.9,1.3,1.4,1.3,1.1,1.9,1.3,1.8,1.7,1.3,1.1,1.2,1.2,1,1.4,1.1,1,1.1,1.1,1,1,1.2,1,1,1,1,1,1,1.1,1.3,1,1.1,1,1,1.1,1,1.3
227.8,313.2,300.5,309.4,158.4,314.2,382.5,225.2,544.3,467.1,320.8,312.7,322.4,478.7,541,396.5,475.5,382,154.4,427.6,149.5,544.2,152.4,433.8,370.3,504,446.3,204.5,327.6,138.8,71.9,326.2,274.5,443.9,389.3,486,383.8,114.5,271,226.7,280.5,151.3,171.5,100.7,142.6,44.6,23.7,13.7,16.2,11.6,3.6,2.3,3.9,2.7,3.5,2.3,7.9,2.4,2.5,2.2,3.4,3.3,2.1,2.2,1.3,1.6,1,1.5,1.6,1.6,1.4,1.1,1.5,1.2,1.2,1.3,1.2,1,1.2,1,1.1,1.2,1,1.1,1,1,1.1,1,1.3,1,1,1.1,1,1,1,1,1,1,1,1,1.1
316.4,308.1,468.5,318.3,396.9,469.1,390,307.4,624,473.2,228,313.7,240.2,462.3,382.7,383.5,393.3,360,233.9,441.7,310.5,448,232.5,378.6,156.8,142.2,361.5,569.1,144.7,139.7,204.9,210.9,129,262.4,190.2,130.7,184.6,181,234.9,226,133.6,152.6,132.1,49.6,104,38.5,120.9,34.4,65.8,6.4,25.8,8.8,14.6,4.8,3.9,2.4,1.4,1.7,1.8,1.6,1.5,1.6,1.2,1.2,1.8,1.2,2.2,2,2,1.2,1.3,1.1,1.1,1,1.1,1.3,1.2,1.2,1,1.3,1.5,1.1,1.1,1.4,1.1,1.2,1.1,1,1.3,1,1.1,1,1,1,1,1,1,1,1,1,1
464.3,377.8,399.5,312.9,467.5,473.2,373.5,309.1,317.6,237.5,235.3,228.9,530.8,372.8,316.1,228.9,466.6,300,461.2,234.3,147.4,292.8,362.3,373.1,304.4,291.3,148.7,289.4,140.4,274.9,339.9,277.9,278,238.6,303.3,202.6,61.6,289.7,221.4,117.7,92.5,48.4,2.6,96.7,76.8,73.6,87.4,89.7,13.1,5.2,19.1,8,11.2,6.6,2.3,3.4,2,1.8,3.4,2.1,3.2,1,3.7,1.6,1.3,1.2,1.5,1.3,1.5,1.2,1.8,1.7,1.3,1.3,1.2,1.4,1.1,1.1,1.1,1.4,1.1,1.1,1.2,1.1,1.1,1.2,1.2,1.1,1.1,1.2,1,1.1,1.2,1,1,1,1,1,1,1,1
390.5,308.3,404,468.2,473.8,391,387.3,469.4,235.3,397.8,320.3,396.5,232.5,232.5,313.6,304.6,296.4,310.1,448.9,227.3,304,369.8,436.3,216.4,225.6,298.5,358.8,425.1,276.6,204.5,333.4,471.4,367,316.1,314.8,251.1,178.4,242.2,272.2,101.4,253,94.1,30,168.9,55.3,36.2,59.5,33.1,5.7,18.8,34.8,3.1,1.9,3.8,2,1.9,1.4,9.7,3.3,3.7,3.7,1.7,1.5,1.8,1.2,2.4,1,2.8,1.5,1.7,1.3,1.1,1.8,1.3,1.5,1.6,1.1,1.1,1.2,1.2,1,1,1.4,1.2,1,1.3,1,1,1.1,1,1.1,1.1,1,1,1.1,1.1,1,1,1.1,1,1
467.5,482.9,389.8,304.6,322.8,463,397.5,157.1,159,392.4,227.6,464.7,309.1,540.9,522.7,521.5,227.2,466.5,446.2,375.7,299.3,289.1,443.1,225.8,289.6,633,283.7,287,335,418.5,397.7,218,121.6,199.4,125.2,189,242,156.3,47.8,190.8,54,193.6,106.3,136.9,27,90.8,5.4,45.7,59.5,4.4,9.1,5.4,14.2,4,6.4,4.4,1.8,2.2,3,3,4.5,1.6,1.2,1.7,3.9,2,1.2,1.6,2.9,1.1,1.1,1.4,1.2,1.2,1.6,1.6,1.4,1.2,1.5,1.1,1.2,1,1,1,1.2,1.4,1,1,1.1,1,1,1,1,1.2,1.1,1.1,1,1,1.1,1,1.2
533.5,312,641.3,322.4,231.9,384.2,315.2,387.8,381.2,391.8,537.1,383.6,315.7,462,450.9,226.7,389.9,456,390.7,376.5,300,378.1,365.1,442.2,513.6,224,360.2,280.1,347.2,418.3,263.2,204.6,328,196.9,253.7,223.8,292,4.3,98.5,112.1,76.7,92.9,99.8,39.9,114.1,145.8,63.5,70.6,22.7,40,6.6,6,9.3,3.2,2.4,3.5,2.6,6.2,1.8,1.6,3.6,2.5,2.1,2.6,2.2,2,1.3,2,1.2,2,1.2,2.4,1.3,1.5,1.2,1.4,1,1.1,1,1.1,1.4,1,1.2,1.1,1,1,1.2,1.2,1,1,1.2,1.1,1,1,1,1,1,1,1,1.2,1
469.7,389.7,470.6,387.9,477.4,471.8,313,375.5,304.2,455.3,452.5,234.2,383,389.6,299.6,159.4,222.1,312.2,462,283.3,510.9,224.2,363.4,373.2,340.7,224.1,138.5,288.2,360.4,263.6,404,315.2,321.2,128.5,250.3,247.2,290.5,315,233.4,52.9,107.7,57,167.1,142.1,70.3,65.1,43.6,5.5,2.2,4.5,8.2,2.6,2.8,5.6,6.9,9.4,4.4,2.5,1.8,4.5,1.4,1.7,3.3,2,2.3,1.3,1.9,2.5,1.1,1.5,1.3,1,1.2,1.2,1.1,1.1,1,1,1.2,1.1,1.2,1,1.3,1.2,1.2,1.4,1.2,1,1,1.3,1.1,1.1,1.2,1.1,1,1,1,1.1,1,1,1.1
316.1,305.7,156.8,383.4,151.7,398.1,384.1,475,151.5,234.4,624.1,313.3,393.7,297.7,467.4,357.8,306.4,233.6,370.3,144.8,451.7,284.3,75.8,439,508,213.6,431.4,276.8,344.5,315.3,124.9,65.2,117.8,192.1,195.8,56.2,115.9,287.4,171.3,272.8,174.1,99.6,3.3,73,92.4,96.3,29.1,5,45.3,36.6,1.5,4.1,6,11.2,1.9,4.4,3,6.2,1.1,2.6,1.4,3.3,2.1,4.8,3.3,2.1,1.8,1.3,1.8,2,1.2,1,1.1,1.2,1.5,1.3,1.2,1,1.2,1.5,1.2,1.2,1.2,1,1.1,1,1.2,1,1.2,1,1.2,1,1,1,1.1,1,1,1,1,1,1
615.3,80.9,389.7,383.9,463.3,546.1,472.1,322,458,402.9,389,392.6,388,385.6,154.6,159.9,152.1,236.4,76.7,516.5,420.1,284.8,298.7,150.3,349.1,287.1,414.6,77,326.4,632,120.2,321.5,263.1,63.4,171.7,209.8,292.3,115.6,161.5,231.1,153,102.7,9.9,92.4,3.8,98.7,29.2,8.3,8.9,4.5,4.3,2,2.7,3.9,15.3,5.8,2.2,1.5,4,1.3,1.3,3.2,2.3,1.9,2.4,1.9,1.8,1.4,1.6,1.3,1,1.4,1.1,1,1.6,1.2,1.7,1,1.3,1.1,1.5,1,1.1,1.2,1.1,1,1.2,1,1,1,1.1,1,1,1,1.3,1,1.2,1,1,1,1
232.2,395.3,396.1,477.2,474.4,222.9,471.4,310,236.8,227.6,80.3,386.7,150.6,296.5,512,383,452.1,302.1,297.3,445.7,299.7,273.3,420.8,217.1,217.3,412.5,204.9,276.1,67.3,465.5,195.6,182,311,427.1,53.7,176.4,274,104.2,99.2,160.7,110.8,81.5,151.1,112,75.8,106.3,20.7,41.9,3.5,3.1,38.2,6.6,9,4,2,1.9,2.3,3.4,5,2.6,1.5,2.6,1.3,1.5,2.3,1.6,2.2,2.3,1,2.3,1.6,1.7,1.3,1.3,2,1,1.2,1.2,1.2,1.1,1.6,1,1.5,1,1.1,1.2,1,1,1,1.1,1,1,1.2,1,1.1,1,1,1,1,1,1
229.5,310.3,390,309.1,397,236.5,533.6,316.3,320.8,391.6,383.9,542.3,530.5,524.3,236.3,532.1,521.9,459.1,580.2,451.7,296.6,432.9,379,377.3,273.2,286,286,203.1,146.3,143,260,178,314.5,248,361.2,288.5,9.9,125.4,107.9,2,103.4,147.3,52.9,69.4,39.8,4.5,33.1,2.3,37.2,2.1,4,2.9,6.2,23.1,7.7,3.3,2,1.8,1.5,1.8,2.1,1.8,4.9,1.7,1.7,2.1,1.4,1.5,1.9,1.4,1.6,2.3,1.5,1,1.6,1.1,1.3,1.2,1.3,1.2,1.3,1.3,1.4,1,1.7,1,1.1,1.1,1.1,1,1.2,1,1.3,1.1,1.1,1.1,1.2,1,1,1,1
398.1,307.8,463.1,534.8,311,318.3,308.1,304.2,389.3,378.6,304.9,377.3,306.9,372.1,156.6,308.6,286.7,455.5,300.3,297.2,417.9,216.9,590.6,373.3,354.4,414.4,259.3,190.4,415.8,172,245.8,71,3.2,306,356.2,182.9,152.1,195.2,160,152.3,148.1,49.7,92.6,26.7,2.8,133.3,39.9,32.6,10.4,6.4,2.4,9.4,11.2,8.3,11.8,4.9,8.4,6,4.1,10.5,5,2.9,1.1,1.6,2,1.2,1.3,1.4,1.5,1.3,1.4,1.5,1,1.3,1.4,2,1.7,1.3,1.1,1.1,1.1,1.5,1.3,1.2,1.1,1.1,1,1.2,1.1,1.4,1,1.2,1.1,1.1,1.1,1.1,1,1,1,1,1.1
560.9,545.4,235.3,311,554,306.1,384.1,156,246.2,292.9,379.1,448.2,301.8,606.7,226.6,295.6,461.1,211.9,368,141.5,78.8,352.9,303.5,407.9,356.7,392.5,132.7,213.4,195.6,294.2,259.7,193.4,176.5,180.9,182.2,233.7,173.6,211.6,139.7,160.6,213.1,133.6,8.9,2.1,72.3,46.9,1.6,42.9,20.7,6.9,20.3,2.6,6.2,5.8,2.6,4.8,1.6,9.4,9,2.9,3.4,1.9,2.1,2.3,1.9,1.1,1.5,1.8,1.4,1.2,1.1,1.7,1.2,2.2,1.4,1.5,1.1,1.5,1.6,1.4,1,1.2,1.5,1,1.2,1.2,1.1,1,1.2,1.1,1.2,1,1.1,1.1,1,1,1,1,1,1.1,1.1
156.5,318.8,389.8,407.2,395.5,543.1,318.4,462.3,393.8,299.4,523.5,380.1,449.3,229.7,383.4,153.7,220.7,378.9,297.4,502.1,512.8,151.2,217.2,360.4,263.7,270,281.1,333.2,424,244.3,261.4,53.3,190.1,125.7,241.2,230.9,252.7,58.1,348.7,150.5,99.4,93.3,51.7,90.4,17.8,44.8,63.5,50.4,6.8,1.6,8.2,8.4,16.4,16.7,7.9,3.2,2.4,1.7,2.8,3,3.8,4.1,1.4,3.2,2.4,2.2,1.3,1.5,1.5,1.3,1.1,1.4,1.3,1.7,1.4,1.1,1.6,1.4,1.5,1.3,1.1,1.4,1,1.1,1.3,1,1.1,1.3,1,1.2,1.2,1,1.1,1.1,1,1,1,1,1,1.1,1
381.8,321.1,309.7,476.2,239.9,387.3,546.9,308.1,309.4,314.4,461.2,454.5,685.4,374.8,227.8,233.8,368,374.1,346,295.1,360.3,221.3,419,203.3,338.4,289.5,342.8,404.4,313.3,139.8,195.7,190.1,191,118.7,352.9,97.4,260.4,238.8,55.7,53.3,90,194.2,26.1,122.5,87.5,26.3,76.9,18.4,100,41.9,2.1,1.2,9.3,18.9,21,4.4,9.9,8.4,3.8,2,4.3,3.1,1.5,3.8,2.2,2.6,1.4,1.6,1.2,1.3,1.9,1.5,1.4,1.1,1.8,1.3,1.3,1.4,1,1.3,1.2,1,1.1,1.2,1,1.3,1,1,1,1.2,1.1,1.2,1.3,1,1,1.4,1.1,1,1.1,1,1
482.9,239.4,398,391.4,79.1,311,392.7,162.9,314.3,452.8,300.2,235.2,377,308.1,222.2,525.1,146.1,516,293.7,363.1,286.6,75.1,356,217.3,363.7,477.4,143.9,202.4,330.8,201,413.6,132.8,298.7,63.5,176.8,227.7,4.1,97,186.8,49.2,94.7,164.9,83.9,2.6,86.9,22.9,60.5,33.7,6.3,7.5,4.3,3.7,8.2,10.6,2.5,4.4,5.9,3.1,1.7,1.4,8,1.8,2,2.6,2,1.9,1.6,1.6,1.1,1.1,1.3,1.8,1.3,1.5,1.7,1.2,1,1.3,1.6,1.1,1.1,1,1,1.1,1.2,1.3,1,1,1.1,1,1,1.1,1,1,1,1.4,1,1,1.1,1,1.1
395,477.1,236.1,238.2,365.2,231.9,534.5,389,396.6,303.3,469,301.9,298.7,69.4,292,228.7,298.6,144.1,588.8,492.9,278.1,211.6,220.3,275.9,146.4,136.1,284.5,272.3,265.8,324.6,181.6,253.2,68.9,179.2,236.4,221,200.5,112.9,194.1,111,88.6,124.6,45,124.4,110.1,21.8,10.2,8.5,57.2,28.1,4.2,8.9,5.3,9.1,3.5,4.8,3.3,2.1,1.9,1.6,2.9,3.6,1.7,3.2,3.3,2.3,1.9,1.1,2,1.6,1.6,1.2,1.5,1.4,1.6,1.3,1.2,1.7,1.6,1.5,1.6,1,1.5,1.2,1.2,1.2,1.3,1.1,1.1,1.1,1.2,1.3,1,1.1,1,1.1,1,1.1,1,1,1.2
384.9,546.2,468,378.6,403.3,462.6,310.8,380.9,396.5,368.5,531.6,221.6,228.9,298.2,591.7,371.9,367.2,370.9,291.2,217.1,207.6,355.2,280.6,214.8,280.9,273.2,193.4,456.1,253,189.9,235.8,420.9,339.8,1.6,192.7,143.1,179.7,1.4,121.3,66.6,44.6,42.4,81.5,66.2,41.8,31.1,36.8,38.7,14.1,30,27.2,22.4,21.2,14.5,6.8,1.9,5.2,1.9,1.2,1.1,1.3,4.5,2.8,4.2,1.8,1.5,1.4,1.3,1.2,2.8,1.2,1.9,1.5,1.5,1.1,1.6,1.1,1.6,1.6,1.3,1.3,1.6,1.5,1.2,1.3,1.1,1.2,1,1,1,1.1,1.2,1.2,1,1.1,1.1,1.1,1,1,1.2,1.2
391,392.4,390,307.2,377.4,155,387.6,375.9,470.9,292.4,530.9,231,369.4,293.6,308.8,427.9,357.9,281.8,141.2,288.7,63.5,218.2,208.3,280.7,408.8,151.3,382.5,194.7,302.1,75.7,70.6,241.1,108.1,168,238.7,233.6,166.2,90.2,95.3,46.3,86.9,74.9,4,9,62.7,13.3,37.8,32.6,1.5,6.9,2.1,4.3,6.9,8.7,7,2.4,7.9,7.1,5.7,3.7,1.8,2.1,4.5,1,1.8,3.6,2.4,3,1.3,1.3,1,1.8,2.3,1.3,1.1,1.2,2.7,1.4,1.6,1.3,1.2,1.3,1.1,1,1,1,1,1.2,1,1.2,1,1.1,1,1,1,1.1,1.1,1,1.1,1.1,1.4
301.1,384.9,545.2,383.8,219.5,449,296.2,314.2,385.7,545.7,369.4,389.1,305.9,225.2,309.5,304.5,148.1,435.6,369.1,211.4,135.5,212.2,145.6,394.9,213.6,270.8,269.8,316.3,439.4,190.8,192,285.7,119.3,125.7,120.6,297.3,222.1,97.4,19.2,34.6,1.7,76,69.5,79.7,37.5,32.8,56.3,1.3,30.5,3.9,32.6,25.1,7,3.6,2.8,12.7,3.7,3.8,3,1.9,3.3,1.7,1.5,1,1.9,1.6,2.3,1.2,1.5,1.2,1.9,1.4,1.5,1.6,1.6,1.4,1.7,2.3,1.6,1.5,1.4,1.8,1.6,1.7,1.3,1.3,1.2,1.2,1,1,1.1,1.1,1.2,1.1,1.3,1,1.1,1.1,1.3,1,1.1
305.3,378.7,388,475.9,524.8,378,311.9,309.1,76.8,298.6,229.3,223.3,446.7,77.5,223.2,290,372.6,270.1,213.4,346.2,269.8,349.8,209.9,489.6,127.3,339.1,132,270.9,256.9,193.5,186.5,115.7,92.8,69.3,198.2,272.5,10.4,145.9,107.6,71.8,162.5,92.6,89.6,38.4,7,102,23.9,51.3,48.5,13,2.2,6.5,3.1,1.9,12.6,4.7,4.7,3.2,1.8,1.6,3.9,2.6,2.5,2.4,2.2,1.2,1.4,1.1,1.9,2.8,1.7,1.4,1,1.8,1.1,1.3,1.5,1.3,1.3,1,1.1,1.2,1.2,1.3,1.1,1.5,1.1,1.1,1.4,1.3,1.5,1.2,1,1.3,1,1.1,1,1,1,1,1.1
365.1,316.9,309.3,372.8,399.3,302.5,443.7,226.4,302.7,230.1,307.8,317.6,301.1,512.6,226.8,365.8,447,516.4,213,291.8,338.4,286.2,63.7,215.2,70.1,74.9,314.9,69.3,193.8,125.9,127.3,136.5,272.7,124.7,173.6,209.3,273.2,110.1,281.9,189.7,82.8,129.4,64.5,75.9,6.1,4.8,38,21.6,85.1,23.7,4.3,2.5,8.6,7.1,9.3,2.5,1.3,1.5,1.4,4,1.5,4.2,1.9,1.8,3.3,1.9,2.1,3.4,1.8,1.5,1.7,2.3,1.6,1.4,1.6,1.2,1.7,1.8,1.3,1.7,1.1,1,1.2,1.1,1,1.1,1.1,1.2,1.1,1,1,1.3,1,1.4,1.1,1,1.1,1,1.3,1.1,1
395.9,396.3,545.3,306,458.5,447.8,311.7,299.3,296.2,305.1,451.3,510.4,365.3,309.9,316.1,155.6,216.1,291,353.1,147,357.9,204.9,281.1,401.4,125.8,209.7,197.2,132,321.5,418.3,310,307,301.9,306.7,209.9,248.7,234.1,35.8,153.4,152,54.3,91.1,110.6,51,3.6,54.1,53.6,27.4,1.8,21.9,9.6,9.3,1.3,4.7,3.5,2.4,4.4,2,7.6,4,2,6.9,1.3,1.4,1.8,3.7,1.6,1.2,1.9,3.5,1.7,2.1,1.3,1,1.1,2,1.5,1.2,1.6,1.5,1.5,1.2,1.2,1.2,1.5,1.3,1.4,1.1,1.4,1.1,1,1,1.1,1.2,1.1,1.1,1.6,1.1,1.1,1.2,1.3
307.1,229.5,384,606.9,454.9,233.6,378.6,381,457.6,376.3,230.4,449.3,529.3,233.6,435.8,302.4,286.2,274.9,441.6,429.5,286.9,603.2,486.9,398.1,342.1,270.6,342.8,265.7,132.9,165.3,114,335,237,126.3,247.7,147.2,200,192.7,159.9,11.5,213.6,49.6,106.5,76.9,17.7,4.5,25.8,92.7,4.7,3.6,22.4,2.4,28.8,2.4,5.3,4.7,4.4,2.2,4.6,1.3,1.9,3.2,1.7,2.8,2.8,3.9,2.7,1.5,4.7,1.3,1.8,1.1,1.1,1.5,1.8,1.9,1.5,2.6,1.3,1.2,1.2,1.2,1.4,1.2,1.1,1.4,1.3,1.5,1.1,1.2,1.2,1.2,1,1,1,1,1.1,1.2,1.3,1,1
305.7,306.7,379.7,233.2,367.8,375.1,301.2,524.9,366.6,229.4,304.4,232.5,504.5,445.9,358.2,288.8,223.4,276.2,220,282.2,142.6,419.1,281.1,337.8,141.4,138.1,256.1,59,119,130.2,191.8,106.2,148.3,214.2,339.7,53.7,146.3,95.5,95.9,130.2,109.9,17.9,50.9,27.6,30.2,36.2,1.7,21.7,18.5,5.6,26,22.8,12.5,7,4.9,2.2,3,1.9,6.1,2.7,4.3,2.5,5.9,2.8,2.6,1.2,1.7,1.4,1.3,2.6,1.1,1.3,1.8,1.5,1.2,1.4,2.1,1.4,1.5,1.1,2,1.2,1.3,1,1,1.1,1.6,1.4,1.1,1,1.5,1.1,1.5,1,1,1.2,1.4,1,1,1.1,1
232.5,308.3,229.9,464.6,236.8,155.3,311.8,434,306.5,377.2,458.8,143,359,364.8,73.7,357,140.8,426.4,290.6,273.7,209.8,274,274.5,313.7,1.9,342.9,197.9,194.5,131.9,418.8,246.6,179.8,183.9,173.5,164.9,98.1,86.6,86.7,117.7,41.3,85.7,2.3,96.7,13.5,91.9,50.8,20.3,25.2,13.6,3.7,5,11.6,5.6,5.4,16.1,2,2.9,6.2,1.9,4.7,1.6,4,1.2,2.3,2.3,1.6,5.8,2.5,2.4,1.9,1.8,1.7,1.4,1.5,1.7,2.3,1.6,1.8,1.7,1.4,1,1.2,1.1,1.3,1.3,1.2,1.4,1.1,1.1,1.1,1.1,1,1.1,1.2,1.1,1,1,1.1,1.1,1,1.2
380.1,305.3,381.3,457,221.7,447.6,310.8,216.8,214.9,383,228,233.4,372.4,514.9,144.4,368.9,214.1,297.8,285.1,209.3,359,194.2,276.3,267.4,135.9,115.3,437.3,374.9,258,246,170.6,113.2,38.7,56.4,156,133.9,102,197.8,70.2,218.3,184.4,42.2,108.7,54.7,74.1,65,50.8,30.4,14.3,51.5,5.1,14.3,6.7,2,1.8,4.2,4.7,7.5,3,2.1,3.7,4.8,2.2,1.4,2.3,1.2,2.6,1.8,3.7,4.5,1.7,1.6,1,1.5,2.4,1.2,1.2,1,1.2,1.7,1,1.5,1,1.1,1.2,1.7,1.1,1.3,1.2,1.1,1.2,1,1.2,1,1.1,1,1.3,1.1,1.2,1,1.2
391.2,305.5,75.8,613.9,228.7,306.2,224.3,305.5,368.9,229.7,303,152.9,302.6,442.6,83.2,207.6,214.2,208.6,147.2,332.6,354.4,528.8,66.6,391.5,200.6,137,132.5,125.6,175,110.3,282.7,169.9,121.4,56.5,223.7,62.2,133.4,150.1,52.8,44.7,51.7,57.5,72.4,30.9,47.7,4.2,24.5,37.1,15.3,4.5,39.8,1.2,6.4,4,23.2,5.5,2,5.8,1.5,5.2,1.8,1.7,3.1,2.3,3.6,1.2,1.4,1.8,1.3,3.8,1.3,1.2,2.1,1.5,2.2,1.4,1.3,1.1,2.1,2.7,1.1,1,1.8,1,1.1,1.6,1.3,1.3,1.3,1.1,1.3,1.2,1,1,1,1,1,1.1,1.2,1.4,1.2
456,308,598.8,534.6,300.5,80.9,231.7,451,223.1,518.2,357.4,364.1,358.4,367.5,232.2,360.5,211,210.3,291,490.8,204,201.6,204.8,403.8,198,282.4,273.8,111.3,170.7,135.9,226.8,242.9,294.6,113.2,190.9,108.5,233.4,50.7,135.2,52.4,61.7,160.4,47.7,2.3,33.3,37.9,21.7,66,32.1,3.2,12,5.7,2,4.3,5.4,2.8,1.2,2.7,2.7,5.8,2.4,3.1,2.8,5.2,3.7,1.6,4,2.3,1.7,1.7,2.8,2.5,3,1.6,1.1,1.7,1.2,1.1,1.5,1.3,1.2,1.4,1,1.6,1.1,1.4,1,1.2,1.2,1.3,1.1,1.6,1.1,1.1,1.2,1.1,1.3,1.1,1,1.1,1.1
232.7,462.1,149.9,454.9,458.1,290.2,304.3,376.9,309.4,356.3,290.8,361.6,289.3,418.5,585.8,296.8,480.6,287.9,340.2,423.1,202.2,141.9,3,123.7,383.9,182.6,118.1,304.1,189.4,237,272,272.4,103.3,188.3,165.2,138.4,113.5,211.2,95.2,90,10.3,80.7,69.4,1.4,98.7,4.1,57.1,34.3,39.6,10,17.2,2,4.7,1.7,1.6,4.2,3.4,8.2,4.2,4.1,1.3,2.5,7.3,3.2,2.5,1.1,1.7,2.4,2.3,1.2,1.6,1.5,2.1,1.4,2.1,1.6,1.1,1.1,1.4,1.2,1.3,1.2,1.3,1.2,1.4,1.2,1,1.6,1,1.3,1.2,1,1.3,1.2,1.2,1.2,1.2,1.2,1.3,1.1,1
449.7,237.4,448.7,153.6,374.6,240.1,294.4,367.1,298.2,303.3,435.3,225.3,220.1,292.8,289.6,339.2,344.5,288.8,351.8,335,497.7,190.4,71.4,258.2,208.2,374.2,261.2,327.7,182.4,366.5,171,181.4,119.1,165.2,209.5,214.6,101.7,188.4,200.1,33.1,44.8,78.3,13.7,37.2,66,15.5,4.1,9,16.7,25.4,3.8,19.3,27.5,2.5,4,4.2,14.6,8.3,9.5,3.3,9.2,5.4,2.4,2.3,1.9,1.6,2.1,1,2.5,1.8,3.1,1.9,1.3,3.1,2,1.5,1.2,2.9,1.3,1,1.4,1.4,1.1,1.1,1.1,1.2,1.2,1.1,1.2,1.6,1.1,1.4,1.2,1.1,1.1,1.1,1,1.1,1.1,1.1,1.3
80.8,377.5,314.2,525.2,455.8,297.3,308.9,310.2,217.5,376.2,438.2,152.5,362.3,506.5,299.1,144.2,359.7,209.1,283.1,139,201,264.4,310.8,192.7,313.5,200.5,180.1,239.8,190.8,237.7,129.1,117.9,109.8,173.8,106.8,232,58.7,95.7,88.7,142.1,113.9,11.6,4.3,56.8,94.1,48.3,4.1,19.2,39.4,41.1,8.9,10.7,32.2,2.1,5.5,2.1,1.8,2.3,3.7,1.8,1.6,2.9,3.6,2.3,2.4,2.8,1.5,1.5,2,2,2.1,1.2,2.3,2,1.2,1.3,1,1,1.5,1.5,1.4,1.2,1.2,1,1.2,1.3,2.3,1.1,1.3,1.2,1.6,1,1,1.2,1.2,1,1.2,1.2,1,1.1,1
375.8,384,604.6,311.9,462.2,448.9,230.8,221,446.3,151.5,298.4,443.5,222.9,258.7,215.4,212.9,414.3,269.4,203.5,205.8,197.2,275.5,385.5,318.7,127.1,311.2,261.4,301.9,6.4,334,307.2,165.7,110.8,99.3,141.8,194.6,111.8,80,95.1,5.6,48.5,2.1,4.5,35.1,20.6,50.5,42,7.4,27.9,18.1,5.6,24.6,13.6,21,2.7,1.4,3.2,3.2,5.9,4.3,1.8,6.5,2.5,4.5,3.3,4,3.1,1.8,1.1,1.3,1.5,2.9,1.6,2.5,1.6,1.3,2.7,2,1.8,1.6,1.7,1.2,1.6,1.3,1.3,1.5,1.1,1.3,1.4,1.2,1.4,1.4,1,1.4,1,1.5,1.3,1.2,1,1.2,1
376.4,378.2,313.1,434.7,300.5,381.3,364.7,519,365.1,291.9,223.2,137.6,280.7,290.8,225.8,136.9,66.3,218.8,278.2,346.6,207.8,339.8,328.3,196.6,258,254,312.4,371.4,157.5,115.9,216.4,340.9,158.7,55.7,118.5,2.8,315.3,69,62.3,179.2,2.1,84.3,1.8,81.8,66.3,62.1,9.9,4,5,1.7,2.9,21,1.5,1.1,1.3,11.9,6.4,2.5,4.7,5.8,2.4,1.6,3.5,1.3,2.1,2.6,2.1,2.5,1.8,1,3.5,1.5,1.3,1.3,2.2,1.4,1.6,1.6,2.1,1.3,1.7,2.1,1.1,1.3,2,1,1.1,1.3,1.8,1.4,1,1.1,1.2,1.1,1.2,1.2,1.2,1,1,1.2,1.2
452.3,388.7,299.4,542.7,205.4,451.9,221.3,586.7,359.6,366.3,368.5,150.8,436.6,141.8,334.8,277.1,217.8,362.2,278.3,405.5,322.1,356.2,200.1,258.6,62.4,195.4,187.2,257.2,121.7,400.6,179.6,60.7,234.6,176.4,209.5,139.5,104.5,97.3,48.6,69.4,37.2,102.2,10,19.7,32.7,75.2,127.5,24.6,24.3,26.9,50.7,2.4,6.1,4.1,2.1,3.6,6.8,4.3,8.6,1.6,2.7,5.8,2.7,3.3,1.6,2.2,1.9,1.5,2.4,1.3,2.2,1.5,2.2,1.1,1.4,1.4,1.8,1,1.6,1.4,1.9,1.1,1.5,1.5,1.1,1.4,1.1,1.1,1.3,1.2,1.3,1.2,1.1,1,1.2,1.2,1,1.1,1.1,1,1.2
376.6,506.2,523.1,586.7,225.6,74.3,77.1,370.1,427.5,288.9,436.2,291.1,273,291.3,330.9,284.7,334.6,209.5,291.2,265.1,300,530.6,186.2,191.8,260.4,209.7,374.2,179.2,310.9,225.6,281.2,128.2,55.1,146.5,78.5,48.4,130.5,2.8,75.8,135.6,7.3,126.1,40.7,46.9,48.1,2.2,6.1,27.6,34.3,1.7,3.2,7.2,5.9,16.4,12.4,2.8,6,2.7,8.4,3.1,2.5,3.4,4.9,1.9,1.7,3.2,2.8,2,1.9,2.3,1.4,2.4,2,1.7,1.4,2.9,1.2,1.6,1.4,1.3,1.1,1.3,1.2,1.7,1.2,1.6,1.2,1.4,1.1,1.4,1.5,1.7,1.1,1.4,1.1,1,1.4,1,1,1.2,1.1
379.2,352.2,306.3,363.6,309.5,306.2,302.3,295.3,360.4,151.7,223.5,205.6,212.5,144.5,355.8,142.6,211.2,270,372.6,261.3,63.6,252.1,271.6,196.3,249.9,233.7,240.8,294.1,126.2,149.8,197.2,39.9,88.3,206.2,122.5,101.2,85.2,145.2,33.7,2.4,48.4,60.3,147,54.5,57.1,43.6,37.1,1.6,14.5,29.7,6.4,3.4,3.5,9.6,3.8,9.4,11.2,12.9,3.9,2.9,2.1,2.9,6.3,1.9,1.7,2,3,1.8,3.1,1.5,2.7,1.5,1.4,2.3,1.8,1.4,2.2,1.9,2.4,1.7,1.6,1.8,1,1.3,1.1,1.1,1.6,1.1,1.4,1.3,1.3,2,1,1.5,1.3,1.8,1.1,1.1,1.3,1,1.1
453.1,437.8,359.4,454,221.9,292.9,216.4,148.4,272.2,213.1,443.8,275.5,368.3,290.7,273.3,222.9,357.7,265.8,337.1,371.6,198.3,125.5,255.6,113.8,242,68.2,115.6,234.8,296.4,290.3,174,273.6,143.6,116.4,164.4,58.6,98.1,70.2,62.6,130.6,134.3,7.4,31.8,59.2,59.4,19.5,6.7,2,18.7,2.8,36.6,10.3,2.3,2.9,2.3,2.7,8.5,5.8,2.8,2.6,1.8,7,1.1,1.4,1.3,2,3.6,1.5,1,1.1,1.2,1.3,1.6,1.1,1.3,1.4,1.4,1,1.2,1.4,1.3,1.4,1.5,1.1,1.2,1,1.4,1.7,1,1.2,1.3,1,1.8,1.2,1.2,1.1,1,1.1,1.6,1.2,1
226.5,229.4,371.8,451.9,297.4,372.4,221.1,296.9,287.3,76.9,423.7,351.3,219.4,282.9,127.3,342.3,281.5,271.5,133.2,189.9,129.6,64.5,247.9,187.4,222.9,125.4,230.7,276.7,179.7,224.5,228.4,105.2,167.4,220.6,155.2,202.2,44.7,50.7,55.8,60.9,48.3,100,1.7,85.9,30.6,58.1,4.1,84.3,22.3,5.1,4,16.2,1.3,7.9,1.5,1.4,2.8,2.9,1.8,4.3,2.3,2.8,4.5,5.3,2.1,2.3,2,1.4,1.8,2.9,1.5,1.5,2.4,1.6,1.9,1.2,1.2,1.2,2.2,1.3,1.3,1.4,1.3,1.3,1.3,2,1.3,1.6,1.7,1.1,1,1.5,1.6,1.4,1.4,1.2,1.1,1.1,1,1.2,1.1
308.3,295.7,149.4,365.7,369.2,369.5,144.8,293.6,214.2,273.3,220.3,358.8,214.3,353.2,213.5,411.4,416,122.6,273,262,325.7,260,245.8,229.4,177.5,198.4,124.3,275.2,325.7,113.6,281.4,220.3,91.7,144.9,236.7,89.3,71.9,124,86.3,62.6,87.6,54.8,7.8,48.4,30.6,38.7,2.2,34.2,4,30.4,5.6,15.4,4.6,2.4,11.4,3.9,4.9,23.8,3.1,2.7,1.9,3.5,4.6,2.4,2.9,1.6,4,2.8,2.7,2,2.7,2.3,2.1,1.9,2.2,1.5,1.8,2.1,2.5,1.3,2.8,1.6,1.8,1.5,1.4,1.1,1.1,1.3,1.3,1.4,1.1,1.1,1.1,1.2,1.4,1.2,1.3,1.3,1,1,1.1
597.6,296.3,292.6,443.5,152.2,285.2,360,294.6,419.8,296.7,214.2,350.7,210.5,4.2,425.1,263.7,409.4,133.5,200,143.5,253.6,256.7,313.7,66.9,182.8,295.4,188,174.8,224.4,61.3,110.4,111.2,56.9,197,322.8,98.9,198,53.8,141,53.5,108.5,42.5,16.6,19.4,66.9,53.2,9.7,1.4,18.5,12.2,10.8,11.5,10.6,15.2,4,2.2,19.5,6.3,3.6,3.9,1.7,5.7,2.7,1.4,2.9,2.1,1.4,1.5,2.9,1.6,3.1,1.2,3.4,5.7,3.3,2.7,2.1,2.9,3.2,2,1.1,1.4,2.4,1.5,1.1,1.3,1.3,1.1,2,1.4,1.1,1,1,1.5,1.2,1.3,1.3,1.2,1,1.1,1.1
220.6,303.3,292.5,357.9,368.2,438.8,228.5,520.3,357.7,418.5,147.6,291,201.5,140.8,211.8,271.5,200,70.4,128.8,400.5,257.3,255.7,198,58,167.6,299.5,5.9,189.3,107.4,154.7,204.7,48.9,124.6,121.7,144.9,47,124.8,84.8,130.1,86.9,2.1,2.7,122.4,50,63,41.3,4.2,2.3,3,6.6,2.8,10.9,4.4,24.9,2.3,5.9,6.9,12.2,12,3,2.5,1.9,6.6,2.5,3,1.5,1.8,1.7,2.8,1.6,2.5,3.1,3.4,1.2,2.2,1.6,1.8,1.8,1.2,1.5,1.3,1,1.3,1.2,1.2,1.1,1.4,1.8,1.4,1,1.2,1.4,1.8,1.2,1,1.4,1.3,1.2,1,1.2,1
306.7,438.3,289.6,223.3,367.1,209.7,434.5,216.7,360.6,270.7,215.4,287.1,366.4,211.8,256.5,282,335.4,266.1,383.8,247.8,180.1,132,234.1,1.7,87.5,174.1,347.3,119.5,119.6,154,288.4,155.3,175.8,207.8,145.1,133.5,149.6,98.6,45.8,2.9,70.6,103.7,160.9,47,6,39.5,4.4,18.8,6.3,9.2,8.1,13.4,3.3,26.8,22.7,3.3,1.3,2.8,2,1.4,2.1,4.2,3.3,3.6,6.9,1.8,1.5,2,3.1,2.5,2.2,1.8,2.3,2,2.7,4.3,1.3,1.5,1.5,2.6,1.8,1.3,1.7,1.2,1.6,1.2,1.6,1.3,1,1.5,1.2,1.2,1.2,1.4,1.1,1.2,1.3,1.4,1.1,1.1,1.5
445.4,356.8,382.4,573.8,281.4,295.4,289.4,342.9,211.5,362.8,297.2,417.5,269.3,292.2,199.8,282,206.8,138.2,190.5,336.7,325.4,128.7,122.3,122.4,66.4,230.8,180.7,340.8,187.7,208.3,198.5,300.5,205.8,187.7,100.2,82.4,39.7,146.6,1.6,92.9,41,85.1,42.9,23.5,34.4,33.5,10.6,23.3,19.6,7,1.4,1.8,8.8,15.5,8.7,2.4,19.5,5.4,1.5,3.2,1.7,2,3.1,4.2,1.3,3.4,3.5,2,2.6,3.2,1.8,1.5,2.3,1.5,2.2,1.9,2.6,1.3,1.3,1.5,1.2,2.1,1.7,1.3,1.5,1.2,1.3,1.2,1.1,1,2.4,1.1,1.6,1.1,1.2,1.1,1.3,1.3,1.3,1.3,1
300.8,292,222.1,298.8,228.3,357.4,714.5,152.1,360.9,434.4,142.5,352,206.5,197.6,290.9,141.7,269.6,391.5,61,185,317.1,190.3,294.8,180.5,175.2,310.2,237.7,104.6,169.5,57.6,300.7,212.7,209.3,84.8,178.3,71,40.1,125.8,133.4,49.8,44.8,127.4,53.7,12.7,50.1,60.7,13.6,53.5,17.7,14,5.5,8.3,17.9,9,7.1,3.7,3.3,8,3,1.5,3.7,2.5,3.3,1.7,3.8,2.6,4.1,2.1,4,3.4,2.1,1.8,5.6,1.2,1.3,1.4,2.5,1,1.8,2.3,2,1.2,1.8,2.6,1.4,1.4,1.6,1,1.3,2.2,1.4,1.5,1.8,1.2,1.4,1.7,1.2,1.2,1.3,1.1,1.3
641.3,293.7,438.1,515.5,429.2,501.7,354,231.4,139.3,218.6,213.8,421,134.3,147.3,138.3,269.7,416.3,145.4,326.6,131.3,253.8,197.7,127.7,187.2,179.4,119.7,187.4,329.8,228.1,137.5,49.9,102.5,1.6,149.3,128.1,61.8,107.4,140.6,22.8,56.8,112,4.3,76.7,29.1,29.5,34.5,3.5,5.9,12.7,5.3,3.3,2.4,9.5,12.6,3.6,3.8,4.8,2.9,3.8,2.3,2.6,8.4,2.2,6.7,2.1,3.2,2.5,2.6,1.6,2.2,1.4,2.8,1.4,1.7,1.1,1.6,2.4,1.2,3.1,1.1,1.3,1.7,1.7,1.8,1.1,1.3,1.1,1.1,1.9,1.3,1.3,1.3,1.2,1.3,1.1,1.2,1.1,1,1,1.1,1.1
215.4,293.3,440.4,425,220.8,579.5,230.5,276.9,291.8,364.5,65.9,337.2,147.5,262.1,276.3,272.8,204.4,267.3,380.2,121.2,185,180.1,358.5,177.5,56.2,229.2,111.6,416.1,162.2,2.6,121.9,246.4,83.1,47.5,138.9,94.4,100,113.4,138.9,40.3,64,52.5,44,2.2,4.4,4.6,3.7,14.7,27.8,16.6,1.7,10.7,2.1,3,6.2,4.6,8.2,15.8,2.4,6.8,1.2,2.3,6.2,2.9,3.3,2.4,1.8,1.3,4.2,1.9,2.9,2.5,1.7,1.3,2.9,1.1,1.1,1.3,2.6,1.2,1.3,2,2,1.5,1.4,1.2,1.3,1.9,1.4,1.4,1.1,1.1,1.3,1,2.2,1.5,1.2,1.4,1.4,1.2,1.2
288,158.4,429.1,416.8,374,294.1,271.4,210.7,224.9,128.8,482.2,200.5,283.9,126.6,327.6,302.7,327.5,342.3,133.7,177.5,439.5,173.6,310.9,185.7,115.8,242.7,179.4,255,269.6,41.4,182,204.5,83.4,74.3,9.3,119.2,82.7,6.3,83.7,70.1,41,21.5,44.8,87.2,5.6,4.9,32.7,3,2.8,1.5,9.7,12.5,6.1,4.6,6,3.7,17.6,4.8,2.5,6.1,1.2,2.8,1.3,2.4,2.8,1.6,3.7,2.7,7.3,1.3,1.9,2.5,1.2,1.7,2.5,2.1,1.5,1.4,1.1,2.4,2.2,1.9,2.3,1.2,1.4,1.4,1.3,1.6,1.5,1.4,1.2,1.3,1.5,1.3,1.2,1.2,1.2,1.1,1,1.4,1.1
362.6,287.1,355,299.5,432.1,487.4,271.2,476.7,290.3,412.7,416.9,260.8,412.7,352.6,170.5,262.8,74.3,195.5,128.1,60.2,68.5,298.5,181.3,214.1,341.8,237.8,93.2,95,156,276.2,105.2,189.4,54.7,2.1,125.2,15.8,48,30.9,114.2,3.8,86.9,44.7,82,28.9,26.3,12.2,50,10.5,17.3,31.6,5.6,35.8,2,26.6,8.2,4.5,6.1,6.1,1.5,1.5,2.8,2.3,2.1,2.5,2,3.4,2.2,6.1,3.2,2.5,2.1,1.2,1.3,1.4,3.1,2.5,1.2,1.9,1.6,1.8,2,1.2,1.2,1.6,1.2,1.3,1.1,1.1,1.8,1.3,1.2,1.2,1.1,1.8,1.4,1.3,1,1.2,1.1,1.2,1.3
371.8,521.3,292,373.6,277.8,272,210.7,132.5,397.6,77.2,280.8,558.9,213.9,282.6,486.4,390,270.3,260.3,2,231.3,315,2.8,303.3,250.3,473.5,118.3,181.7,55.4,50,80.3,160.3,189.7,110,64.8,162.2,127,82.6,2.2,81.8,67.7,48.7,45.7,73.1,34.6,4.8,54.3,29.7,6.7,3.4,24.8,18.4,6.9,7.6,7,11.3,3.6,4.9,3.5,2.7,2.6,11.9,4,1.5,4.4,3,2.3,2.5,1.3,1.8,2.7,2.5,1.5,1.7,4.9,2.5,1.7,1.4,2.2,1.6,1.4,1.6,1.4,1.6,1.4,1.3,1.4,1.1,1.1,1.5,1.3,1.4,1.4,1.5,1.6,1,1.9,1.1,1,1.4,1.2,1.4
213.5,451.3,436.3,356.8,147.4,150.6,280.6,284.8,344.4,418.7,346.4,137.8,207.1,284,275.4,143.2,204.5,274,136.1,124.9,192.2,119.7,115.9,66.9,181.2,230.8,111.6,217.8,312.8,197.2,63.3,166.4,85,86.3,168,94.8,64.4,1.7,104.7,9.6,60.6,76.4,39.3,69.1,36.1,30.5,13.5,9.6,15.1,24.7,2.5,4,1.9,2,13.1,4,1.8,3.8,2.1,3.1,7.2,4.2,2.1,4.2,6.4,2.9,3.4,2,5.1,2.8,2,3.1,2.5,3.2,1.7,2.1,2.4,1.2,2.1,1.8,1.7,2.3,1.3,2.4,1.1,1,1.8,1.7,1.5,1.6,1.3,1.5,1.6,1.8,1.2,1.5,1.1,1.8,1.1,1.1,1
451.6,509.5,364.5,425.7,214.7,69.9,215.1,429.3,202.9,482.4,274.6,431.1,128.8,321.8,405.1,140.3,266.2,247,261,251.9,112.6,246.3,347.4,118.1,229.7,47.7,268,106.5,99.6,201.8,202,3,200.3,232,268.2,3.5,129.7,4.6,38.1,36,54.1,62,15.4,40.4,4.6,20.7,44.7,33.3,2,6.7,21.7,14,3.8,14.4,7.2,1.3,2.4,12.1,1.4,9.2,3.7,3.7,4.8,2.8,1.8,5.3,1.5,1.8,5.5,2.6,1.4,1,2.6,2.2,2.4,1.3,1.3,1.3,1.9,1.5,2,1.2,1.1,1.2,1.9,1.9,1.4,1.5,1.2,1.2,1,1.1,1,1,1.2,1.1,1.4,1.1,1.6,1.4,1.3
215.7,586.5,435.1,358.4,150.2,606.5,409.4,350.4,292.6,286.5,347.6,401.6,130.5,392.4,123.7,315.4,328.1,323,130,374.6,222.2,187.9,258.8,238.9,237.3,175.4,114.5,187.4,211.9,103.1,147.1,294.5,73.1,131.3,83.4,192.7,83.9,4.2,51.6,84.2,79.2,134.9,68.1,8.1,32.2,9.5,4.6,66,2.5,49.8,39.3,2.1,8.1,7.1,23.5,2.7,19.2,5,1.5,2.1,1.2,2,6.4,2.9,3.1,2.8,2.3,3.3,8,4.1,2.3,1.4,1.1,1.8,2,2.3,1.9,1.7,1.3,2.1,1.7,1,1.4,1.2,1.1,1.6,1.5,1.2,2.4,1.4,1.2,1.1,1.4,1.7,1.3,1,1.1,1,1.6,1.4,1.3
146.1,357.7,359.9,359.6,136.3,211.7,412.3,205.1,211.9,207.1,202.5,212.5,200.9,122.2,330.6,461.4,336.5,181.2,201.1,386.4,301.2,183,302.2,213.9,213.3,275.2,113.7,113,226.9,234.3,171.6,271.6,52.4,251.1,56.5,79.8,84.7,99.6,73.8,43.1,89,12.3,70.7,56.1,71,26.9,35.1,12.9,22.7,4.2,45.8,3.2,2.3,11.1,1.5,6.6,3.4,7.7,6.4,4.4,3,1.4,2.2,2.8,1.1,6.5,1.9,2.9,2.1,1.5,1.3,1.6,3.7,2.4,1.4,1.2,1.8,2.4,5,1.2,1.5,2.6,1.5,2.3,1.7,1.6,1.6,1.3,1.4,1.7,1.4,1,1.6,1.1,1.2,1.8,1.2,1.3,1.4,1,1.3
301.2,144.3,419.9,288,295,489.4,212.3,474.5,278.1,397.8,263.6,136.7,139.6,188.5,384.6,255.1,195.2,188.5,314.1,220.8,164,192.9,122,163.8,171.9,199.5,50.5,113.5,164.8,116,83.8,170.2,65.3,77.1,134.1,117.3,36.3,83.5,89.8,1.8,59.9,33.3,119.7,27.4,54.5,99.1,8.5,3.1,4.8,26.5,4.1,20.8,5.2,3.9,17.6,3.3,9.2,3.6,2.4,4.5,4.1,4.6,3.2,1.5,3.4,1.5,1.6,2.4,3.3,2.3,3.4,2.8,1.5,1.7,1.1,2.1,1.4,1.8,1.9,1.6,1.7,1.2,1.7,1.9,1.6,1.2,1.2,1.6,1.1,1.7,2,1.1,1.5,2.1,1.3,1.3,1.1,1.2,1.8,1.3,1
297,410.6,362.2,302.9,210.7,351,404.4,470.3,280.4,144.6,344.6,279.2,327.2,208.8,200.8,254.3,323,246,126.3,189.2,180.4,234.8,60.1,238.3,57.9,58.1,121.4,166,286.3,160.6,109.8,46.1,76.4,93.9,177.8,58,74.6,16.8,61.6,14.4,44.3,64,95.2,7.9,1.4,11.6,29.3,2.9,4.6,6.2,3.7,38,5.9,3,2.8,5.4,6.2,2.3,1.7,4.6,4.4,1.3,7.4,2,2,3.4,2.9,2.3,6.4,4.6,1.3,2.2,1.3,1.4,3.5,1.9,1.3,1.4,2.3,1.8,1.4,2.5,2,2,1.9,2,1.3,2.4,1.1,1.5,1.2,1.3,1.3,1.5,1.5,1.2,1.1,1.7,1.3,1,1.4
371.3,443.2,223,365.2,336.9,280.2,215,149.7,142.1,70.6,338.8,417.2,268,340.5,341.1,194.2,330.5,257.4,239.4,189.2,154.8,214,223,32.1,110.9,283.5,152.1,339.6,163.9,58.6,307.1,50.1,190.7,52.6,183.6,120.3,95.7,86.5,87.1,49.4,70.4,83,39.4,39,40,62.8,23,11.4,39.6,13.6,39,9.7,5.1,9.3,12.5,2.7,1.1,4.4,8,1.8,6.7,1.4,3.1,2.8,3.7,5.8,1.9,3.2,4.7,3.7,2.1,1.1,2.9,1.9,3,1.7,1.5,1.1,3.3,1.2,1.9,1.3,1.6,1.8,1.9,1.4,1.1,1.2,1.2,1.5,1.1,2,1.1,1.2,1.2,1.4,1.3,1,1.2,1.4,1.5
217.1,434.8,293.2,343.2,345.5,551.6,207.3,417.1,268.6,355.4,310.9,200.2,397.1,211.8,330.6,249.3,129.2,126.1,199.3,189.9,165.9,350.8,320.5,224.8,70.8,248.6,178.7,59.1,146.9,84.6,178.7,171.3,102.2,48,86.9,67.6,41.6,32.3,55.8,103.4,58.9,55,68.7,4.3,49.4,36.3,25.6,37.9,33.7,8.5,12.8,59.3,2.2,2.6,6.6,13.5,3.2,11.5,8.7,5,4.2,9.7,1.4,2.9,3.8,8.2,4.4,3.6,3.6,1.9,4.1,1.2,2.1,1.4,2.1,2,2.2,1.5,1,1.1,1.4,2.4,2.4,1.3,2.2,1,1.2,1,1,1.2,1.2,1.3,1.6,1.5,1,1.7,2,1,1.4,1.2,1.1
283.9,152.2,277.4,294.8,281.9,213.1,356.9,420.1,472.8,68.1,211.6,126.2,257.5,66.7,397.7,363.6,321.4,208.3,250.9,60.6,246.6,282.2,162.5,238.4,207.2,216.1,105.8,144.3,147.2,23.3,115.7,85.2,51,40.1,110.4,223.1,82.8,38.4,107.7,12.2,94.7,62.9,49.3,32.8,49.8,12.6,85.2,8.6,33.1,16.8,33.6,12.9,10.3,11.2,22.3,2.3,3,7.5,1.8,1.5,12.1,7.1,1.9,1.6,6,1.9,6.3,1.8,3.3,1.9,1.6,1.5,1.2,4,2.8,1.7,1.8,1.2,1.7,2.2,1.7,2.9,1.3,2.1,1.5,1.4,1.5,2,1.4,2,1.2,1.2,1.5,1.6,1.6,1.3,1.3,1.3,1,1.2,1.4
344.7,135.7,141,293.8,204.2,321.8,199.7,74.8,323.4,406.2,131.9,261.6,316.2,118.4,255.2,295.2,117.7,253.3,243.8,62.5,179.1,282.1,172.7,286.2,143.1,334.7,141.1,156.4,63.3,199.2,112.3,51.5,85.2,141.2,24.6,113.4,2.8,139.4,67.8,45.2,27.9,50.9,111.8,76.5,6.2,26.3,44.7,21.5,43.8,5.6,18.3,9.1,3.5,8.2,13.6,3.1,8.7,8.5,3.9,10.7,4.7,3.8,3.3,1.2,2.9,4.2,1.5,2.6,2.4,1.3,2.5,1.6,2.1,1.4,2.1,1.7,4.4,4.6,2.7,1.4,1.5,1.5,1.1,1.2,1.4,1.8,1.3,1.1,1.4,1.3,2.7,1.3,1.3,1.4,1.3,1.1,2.4,1,1.2,1.6,1.4
360.1,489.3,212.2,338.7,290.9,346.2,143.2,346.7,402.1,197.9,257.6,266.7,323.5,239.7,193.4,255.6,120.7,383.8,370.4,310.4,167.2,156.4,171.3,205.4,295,53.8,105.9,61,150.3,8,162.2,146.5,149.2,5.9,86.6,57.8,52.3,44.5,120.1,26.5,173.6,27.6,5.3,36.3,7.3,21.1,9.5,10.8,18.2,20.4,11.7,7.1,13.5,6.1,5.3,6.2,3.4,2.6,3.7,6.6,12.6,2.8,1.8,1.8,5.8,3.9,3.1,2.1,3.2,3.8,2.1,3.8,1.4,1.7,1.5,1.9,1.6,3.6,3.1,1.8,2.1,1.8,1.6,1.4,2.8,2,1.9,1.7,1.4,1.3,1.4,1,1.4,1.1,1.7,1.1,1.2,1.2,1.4,1.7,1.5
286.4,352.5,206.5,282.7,343.8,409.1,260.4,399.7,259.7,315.2,311.6,51.3,461,381.1,309.4,193.2,239,128.3,80.8,295.2,180,106.1,230.2,216.2,113.1,138.4,121.4,206.7,86.4,159.3,186.2,122.2,2.8,43.2,97.4,37.4,66.8,127.1,28.6,58.1,81.1,28.1,13.5,17.4,45.4,13,25.3,6.9,3.1,38,19.3,5.8,3.2,13.7,3,5,4.4,3.3,3.5,2.5,1.4,8.6,4,2.9,2.5,2.5,2.2,1.2,1.4,1.9,5.8,2.1,3.6,1.3,1.4,1.4,1.5,2.1,2.4,1.3,3,2.8,1.9,3.2,2,1.3,1,1.3,2.1,1.5,2.3,1.7,1.4,1.5,1.4,1.4,1.1,1.8,1.2,1.3,1.2
352.2,140.1,334.9,284.1,338.7,281,262.5,196.9,266.6,278.6,196.9,397.8,321.8,324,118.6,260.7,171.2,178.3,236,177.6,109.9,161,149.9,223.6,66,226.9,125.8,125.6,187.4,41.8,192.1,93.5,121.2,168.4,136.2,65.5,68.6,123,40.5,31.4,95.8,6.4,38.5,23.7,38.6,30,13.9,13.8,14.9,22.2,45.9,23.3,4.4,10.4,25.8,2.7,7.8,9.5,3.1,3.7,5.2,1.3,5.4,9,1.2,1.9,2.3,7.8,5.6,3,1.5,8.2,1.8,2.5,1.9,4.6,2.6,1.9,2.4,1.7,3,1.5,2,1.2,1.7,3.2,1.8,2.5,2,2.2,1.4,1.3,1.3,1.4,2,1,1.2,1.4,1.5,1.3,1.2
349.5,352,137.3,421.2,361.7,497.8,412.3,317.8,195.2,323.2,329,364.9,201,131.5,246.6,313.5,199.4,301.7,62.6,124.2,343.5,177,203.6,107.1,165.8,266.3,111.9,207.3,164.3,53.6,92,58.6,140.8,26,203.6,68.3,75.1,34.9,134.1,68.7,67.4,19.5,48.4,1.2,9.8,25.2,5.1,51,6.5,38.6,48.5,4.5,2.9,3.6,3.2,1.4,5.2,13.7,3.6,3.6,1,10.1,1,4.7,1.9,1.6,5,1.8,3.2,4.5,2,2.2,1.9,1.2,1.5,1.5,3,2.3,1.1,1.9,1.2,1.3,2.2,3,1.5,1.7,3.2,1.7,1.7,1.8,1.5,1.4,1.2,1.8,1.2,1.4,1.2,1.1,1.5,1.4,1.3
