808,804,805,794.75,794,799,789,798,787.5,797,790,787,769,780.75,779.5,760,768,763,745.25,751.75,743,757,726.5,721.25,714,696.5,700.25,683.25,679.5,665,642,625.5,614.75,605.25,579,557.5,540.25,512.5,486,453,427,391.25,376.75,327.5,278.5,177,170.75,142,137.25,117.5,51,62.5,59,35,45.5,21.25,19.5,23.25,23,16,24.5,19,12.75,19,NaN,NaN,NaN,NaN,NaN,NaN,NaN,NaN,NaN,NaN,NaN,NaN,NaN,NaN,NaN,NaN,NaN,NaN,NaN,NaN,NaN,NaN,NaN,NaN,NaN,NaN,NaN,NaN,NaN,NaN,NaN,NaN,NaN,NaN,NaN,NaN,NaN
793.25,783.25,800,794.5,792,803.25,796.75,793.25,790.75,786.5,792.25,784.5,787,773.75,775.25,771.5,770,759,760,757.75,747,745,734.25,728,700.25,708,702,681.5,678.75,660.25,643,630.75,614,589,569,555.25,539,521.25,490.5,458,433.75,410,365.5,322,268.75,238,231,219.75,165.5,89,43.75,44.5,41.5,47,28.5,33,25.5,21,20,18,17,12,NaN,11,NaN,NaN,NaN,NaN,NaN,NaN,NaN,NaN,NaN,NaN,NaN,NaN,NaN,NaN,NaN,NaN,NaN,NaN,NaN,NaN,NaN,NaN,NaN,NaN,NaN,NaN,NaN,NaN,NaN,NaN,NaN,NaN,NaN,NaN,NaN,NaN,NaN
795,789,806,791,798,800.5,787.5,796,791,787,780.5,788.5,768.5,772,774,779,768,763.25,761,747.25,758.5,755.25,725,721,714,703.5,704.5,691,679,660,630.5,637,628.5,591.25,560,553,537,504.25,476.5,453,415,403,381,322,303.25,259,219.5,177,117,86,95.5,74.5,41,30.25,17.5,33.75,27.75,18.75,14,16.25,21,19,12.25,16,NaN,NaN,NaN,NaN,NaN,NaN,NaN,NaN,NaN,NaN,NaN,NaN,NaN,NaN,NaN,NaN,NaN,NaN,NaN,NaN,NaN,NaN,NaN,NaN,NaN,NaN,NaN,NaN,NaN,NaN,NaN,NaN,NaN,NaN,NaN,NaN,NaN
800.5,799.25,801.75,802,800,793.25,789.25,787.5,798,787,790,784,784.5,773,764,760.75,776.75,762,761,751,751,735.25,742.75,717,714,693.75,700,695.25,678,655,654,624,609,603,572,558,536.5,509,496.5,457.5,416,367,365.5,335,275.5,231,256,166,89.5,130.75,60.25,54.5,35,33.5,35.5,38.5,24.5,23.5,14,14,16,NaN,10,14.75,10,NaN,12,NaN,NaN,NaN,NaN,NaN,NaN,NaN,NaN,NaN,NaN,NaN,NaN,NaN,NaN,NaN,NaN,NaN,NaN,NaN,NaN,NaN,NaN,NaN,NaN,NaN,NaN,NaN,NaN,NaN,NaN,NaN,NaN,NaN,NaN
792.25,805,804.25,797.75,795,790,790.5,783,797.25,786.75,791,786,783,777.5,774,768,763,762.25,758.75,746,739,742.75,724,719,720,703,684,691,673,651,652.25,619,622,592,589.25,559,533.5,507,464,450,410,411.75,360,324,291,224,186.75,88,129,46,83.5,44,39.25,33,28.5,32.25,37.75,23.25,10.25,14,38,11,NaN,14,NaN,NaN,NaN,11,NaN,NaN,11,14,NaN,NaN,NaN,NaN,NaN,NaN,NaN,NaN,NaN,NaN,NaN,NaN,NaN,NaN,NaN,NaN,NaN,NaN,NaN,NaN,NaN,NaN,NaN,NaN,NaN,NaN,NaN,NaN,NaN
803.25,804,797.5,799,790,791,798.5,793.5,784,792,784.25,790.5,790,773.5,770,773.5,762,765.5,759.5,750,748.25,739.5,728.25,714.75,704,705,688.5,671.5,666.5,650,661,617.75,607,595.5,575.5,543.5,534,500.25,486.25,451,424,393.5,364,327,240.5,271,142,168,119.25,38,115,33,33.75,26,45,19,24,16,29.5,29,12,12,16,13,10,15,11,NaN,NaN,NaN,NaN,NaN,NaN,NaN,NaN,NaN,NaN,NaN,NaN,NaN,NaN,NaN,NaN,NaN,NaN,NaN,NaN,NaN,NaN,NaN,NaN,NaN,NaN,NaN,NaN,NaN,NaN,NaN,NaN,NaN,NaN
805,796,800.5,799.5,795,792.25,792.5,790,789.5,790,780,786,785,785.5,765.5,768.5,761,757.75,756.5,752.5,749,732,732.25,720.5,716,713,686.25,682,673.5,653.5,638,631.5,595.5,601.5,562.25,561,526,494,474.25,459,421.75,401,369.5,353.5,296,150,216.5,143.75,186.75,68.75,42.5,32.25,29,34.5,38,31,16.25,15,17.5,15.75,17,16,16,NaN,NaN,NaN,15,14,NaN,10,NaN,NaN,NaN,NaN,NaN,NaN,NaN,NaN,NaN,NaN,NaN,NaN,NaN,NaN,NaN,NaN,NaN,NaN,NaN,NaN,NaN,NaN,NaN,NaN,NaN,NaN,NaN,NaN,NaN,NaN,NaN
802,793,787.75,801,797,795,795.5,789,775,785.75,781,780,787,782.5,769.25,769,765,758.5,761,745,735,743.75,729.5,715.75,709.5,713,696.5,680,667.5,643,639,626.5,607.5,590,572,547,526.5,487,495.75,450,408,406.5,363,352.25,262.75,246.75,200.25,156.75,150,117,66.75,90,98,24.5,42,47,17,25,24,28.5,25,10,12,14,17,NaN,NaN,10,10,NaN,NaN,NaN,NaN,NaN,NaN,NaN,NaN,NaN,NaN,NaN,NaN,NaN,NaN,NaN,NaN,NaN,NaN,NaN,NaN,NaN,NaN,NaN,NaN,NaN,NaN,NaN,NaN,NaN,NaN,NaN,NaN
804.75,800.5,795.25,800.75,795,780,795.5,796,776.25,787,780.25,780,773,770,769,774.25,768,758,750.5,740,746.5,726.25,722,717.75,714.5,701.5,689,678,668.5,651.5,634,614.5,604.75,569,562,556,510.25,478,471,451.75,406.5,389,349.5,302,228,230.5,181.25,158,113,57,55,73,56.5,49,33.5,24,21,27,24,21,19.25,18,NaN,NaN,NaN,11,NaN,NaN,NaN,14,NaN,NaN,NaN,NaN,NaN,NaN,NaN,NaN,NaN,NaN,NaN,NaN,NaN,NaN,NaN,NaN,NaN,NaN,NaN,NaN,NaN,NaN,NaN,NaN,NaN,NaN,NaN,NaN,NaN,NaN,NaN
796,803.5,793,794,794,786,793,789,789.25,786,784.5,786.25,760.5,785.5,776.5,767,765.5,739.5,746,744.5,738,736.5,726,706.75,705,697,688.25,679.25,655,644,639.5,623,592.5,587.25,549.5,541.25,501,494,465,426,416.25,387.5,362,339,241.25,236.5,219.75,199,129.5,93,109,61,42,16,26.5,25.5,17,18.5,18.5,20.5,19.25,12,12,22.75,NaN,NaN,NaN,NaN,NaN,NaN,NaN,NaN,NaN,NaN,NaN,NaN,NaN,NaN,NaN,NaN,NaN,NaN,NaN,NaN,NaN,NaN,NaN,NaN,NaN,NaN,NaN,NaN,NaN,NaN,NaN,NaN,NaN,NaN,NaN,NaN,NaN
801,796.5,795,796.25,792.5,799.5,782.25,794,780.25,785,773.75,778.75,768.75,788,768.25,758.75,764.5,759.75,762.75,741.5,735.75,731,711,715.75,698,704.25,686.25,674.25,663.25,651.25,639.25,612,591.25,579.75,576.75,546,513.5,504,465.75,434,418.25,352.5,349.75,308.25,298,213,141.25,129.5,103.5,114,68,86.5,54,51,36.5,28,33.25,32.75,21,24.75,16.25,15.75,10,11,17,NaN,NaN,NaN,NaN,NaN,NaN,NaN,NaN,NaN,NaN,NaN,NaN,NaN,NaN,NaN,NaN,NaN,NaN,NaN,NaN,NaN,NaN,NaN,NaN,NaN,NaN,NaN,NaN,NaN,NaN,NaN,NaN,NaN,NaN,NaN,NaN
801,790.75,793,794.5,786.5,791.5,789,793.25,785,788,780,780.5,780,777,764.25,769.5,750,765,747.5,751,743,733,724,714,696,693,681,660.5,644.5,639.75,630,620.75,588,576,567,529.75,522.5,502,468.5,421.5,393,371.25,359.25,320,276.5,235,227.5,158.75,77,92,73,40,67,43.75,33.75,44.5,20.5,30.5,17.75,15,17.5,20,12,14.5,NaN,NaN,NaN,10,NaN,NaN,NaN,NaN,NaN,NaN,NaN,NaN,NaN,NaN,NaN,NaN,NaN,NaN,NaN,NaN,NaN,NaN,NaN,NaN,NaN,NaN,NaN,NaN,NaN,NaN,NaN,NaN,NaN,NaN,NaN,NaN,NaN
800.5,804,790,793.5,797,792,795,786,788,774,776.25,781.5,775.75,764,756.5,755,753.5,756,743,738.25,737.5,736.75,714.5,709.5,698,698,681.25,668.5,653,650,631.5,605.5,594.75,568,547,530.5,517,474.5,460,432.75,397,381.75,332,296.25,263,250,156.25,121,86,96.75,105.5,53,38.75,52.75,43.75,27.5,27.25,22,17,24,12,19,14.5,12,16,NaN,10,NaN,NaN,10,NaN,NaN,NaN,NaN,NaN,NaN,NaN,NaN,NaN,NaN,NaN,NaN,NaN,NaN,NaN,NaN,NaN,NaN,NaN,NaN,NaN,NaN,NaN,NaN,NaN,NaN,NaN,NaN,NaN,NaN,NaN
801.5,789.5,795.5,799,785.5,794,782,793,780.75,784.5,777.25,781,775,767,762.5,774,748,741.5,747,739.5,738.5,728,718.25,711.25,703,678,663,665.5,646,628,621.5,606.25,605,570,547.25,506,504,469,452.75,456.75,398.5,381,320.5,288,265,257,204,149,156,100,152,48,54,24.5,43.5,37,27,31,17.5,21.5,41.5,15,15,10,15,10,NaN,NaN,NaN,NaN,NaN,NaN,10,NaN,NaN,NaN,NaN,NaN,NaN,NaN,NaN,NaN,NaN,NaN,NaN,NaN,NaN,NaN,NaN,NaN,NaN,NaN,NaN,NaN,NaN,NaN,NaN,NaN,NaN,NaN,NaN
799,800,802,797,788,790.75,783.25,791,777.5,788,780.75,776,774,769,757,760.75,767,756.75,737,750,740.75,726.75,710,703,705,685,678.75,659.25,653.5,637.5,611.75,603,585,571.5,556,524.25,503,476.5,454,422,375.5,367.25,349,312,270,209,204,135,176.25,103.75,80.75,77,65.5,33,20.5,30.5,23,22.5,23.5,16.5,19.25,11,20,12,11,12,10,NaN,10,NaN,14,NaN,NaN,NaN,NaN,NaN,NaN,NaN,NaN,NaN,NaN,NaN,NaN,NaN,NaN,NaN,NaN,NaN,NaN,NaN,NaN,NaN,NaN,NaN,NaN,NaN,NaN,NaN,NaN,NaN,NaN
804,796.5,792.5,805.75,796,790,782,791.5,789,777,782,770,773,765,763,759.75,757.5,741.75,745.5,745,729,722,705,703.5,687,680.5,680,653.25,656,652,620,598.5,594.5,555,525,513,505,480.5,439,407,389.75,352.5,315,268.25,260,164.25,193.5,84.75,38,92.5,82.5,42,61,33.5,23.5,38,26.5,14.5,30.25,14.25,26,15,29,16.25,NaN,15,12,NaN,NaN,NaN,NaN,NaN,NaN,NaN,NaN,NaN,NaN,NaN,NaN,NaN,NaN,NaN,NaN,NaN,NaN,NaN,NaN,NaN,NaN,NaN,NaN,NaN,NaN,NaN,NaN,NaN,NaN,NaN,NaN,NaN,NaN
803.75,797,806,795.25,799.5,786.75,791.25,791.25,784.75,777.5,776,771.75,770.25,770,766,750,751,746,740,739,727.5,713,714,709,684.25,669.5,668,647,648.75,628.5,616.75,589.5,579.5,556.5,536,527.25,483,463.25,459,423,378,355.75,313,318.75,250.5,183,127.75,85,162,137.25,107,44,40,43.75,29,44,35,15.75,22.5,25,18.25,18.5,15,22,12.5,NaN,NaN,NaN,NaN,NaN,NaN,NaN,NaN,NaN,NaN,NaN,NaN,NaN,NaN,NaN,NaN,NaN,NaN,NaN,NaN,NaN,NaN,NaN,NaN,NaN,NaN,NaN,NaN,NaN,NaN,NaN,NaN,NaN,NaN,NaN,NaN
793.5,796.5,794,798.25,796.5,784,790.75,782,777.25,773,774.25,770,777,765.5,761.5,761,747.25,742,739,729,716,713.5,705,698.5,688,677.5,669.25,653.5,637.75,621.5,609,578,574.75,549,540,508.75,493,465.5,444,396.75,387,334.75,289.25,284.5,230,188.25,170.25,182.5,157,100,101,102.75,58.75,32,51,33.75,33,31,25.25,26.5,29.75,43,19.75,16.5,NaN,NaN,15,NaN,11,NaN,NaN,NaN,12,NaN,NaN,NaN,NaN,NaN,NaN,NaN,NaN,NaN,NaN,NaN,NaN,NaN,NaN,NaN,NaN,NaN,NaN,NaN,NaN,NaN,NaN,NaN,NaN,NaN,NaN,NaN,NaN
794.25,789,785,794.5,796,779.5,786,791,777.25,774.5,768.25,770,774,757.75,756.5,756.75,747,738.25,742,723,729.5,717,719.25,702,686.5,665.75,672.5,643.5,642.5,606.25,599.25,588,561,545.75,544.75,504.5,480,464.75,445,398.25,390.5,364.5,347.25,331.75,232.25,251.5,184,131,116,75,92,73,42.75,44.5,33.5,26.5,21.5,22.5,35,20.25,13.5,23.25,18.5,12,12,NaN,NaN,NaN,17,NaN,NaN,NaN,NaN,NaN,NaN,NaN,NaN,NaN,NaN,NaN,NaN,NaN,NaN,NaN,NaN,NaN,NaN,NaN,NaN,NaN,NaN,NaN,NaN,NaN,NaN,NaN,NaN,NaN,NaN,NaN,NaN
798,799.75,795,794,789,788.25,783.75,775.75,776.5,780.25,772.75,778.5,765.5,761,737,747,735,733.5,730,722.5,703,713,701,685,675.5,664,652.5,639,624,609.5,592,584,567.75,533,525.5,503,473,443.5,424,409.25,387.25,342.5,334.75,261.5,249.5,210,186.25,151.5,121,79.25,71.5,70.5,55,16,29.5,27.25,20.5,25,24.5,16,16.25,20,27.5,17,NaN,14,NaN,11,NaN,NaN,NaN,NaN,NaN,NaN,NaN,NaN,NaN,NaN,NaN,NaN,NaN,NaN,NaN,NaN,NaN,NaN,NaN,NaN,NaN,NaN,NaN,NaN,NaN,NaN,NaN,NaN,NaN,NaN,NaN,NaN,NaN
797.5,796,788,783,792.5,780.5,788.75,780.5,783.75,777.5,770,763,770.25,763.5,754,748,746,744,731.5,721,713.5,716.25,700,688.5,678.5,675,640,633,623.75,615.75,590.5,582,553,544.75,516,483,480.5,437,408.5,413.25,374.5,328.75,322.5,291,257,216.5,204.5,165,82,97,79,37,46,30,46.75,29,45.5,20.25,21,13,18.75,19.25,15,11,10,16,15,NaN,10,NaN,NaN,NaN,NaN,NaN,NaN,NaN,NaN,NaN,NaN,NaN,NaN,NaN,NaN,NaN,NaN,NaN,NaN,NaN,NaN,NaN,NaN,NaN,NaN,NaN,NaN,NaN,NaN,NaN,NaN,NaN,NaN
789,792,793,786,785,780,778.25,788.5,786,773,766,758,769,764,763,758,741.25,730,739,711.25,715,703.5,695.25,669.25,680,672.25,656.25,629.5,628.5,608.25,587,566.5,550.5,526.25,514.5,502,469.5,461,437,379,388,348.5,297,291.5,259,179.5,119,170.25,93.75,125.25,71,47.75,61.5,52.75,19,47.75,40,50,30.25,20,16,16.75,13,11,16,20,12,NaN,NaN,NaN,12,NaN,NaN,NaN,NaN,NaN,NaN,NaN,NaN,NaN,NaN,NaN,NaN,NaN,NaN,NaN,NaN,NaN,NaN,NaN,NaN,NaN,NaN,NaN,NaN,NaN,NaN,NaN,NaN,NaN,NaN
791.75,799,778.5,791,776,791,775.25,779.25,779,774,765.25,770,769,758.25,747,749,741.5,730,732.25,707.25,704,699.5,692,682,665,656,638.5,628.5,618.25,598.5,592,550,543,537,491,490,504,449.5,415.25,398.75,357,351.5,288.75,252.5,258.75,207,163.5,134.5,87,58,69.5,58.75,29.5,29.75,25,30.5,24.75,34.25,20.5,16.5,13,16.75,22.5,34,12,10,16.5,12.75,NaN,10,NaN,NaN,NaN,NaN,NaN,NaN,NaN,NaN,NaN,NaN,NaN,NaN,NaN,NaN,NaN,NaN,NaN,NaN,NaN,NaN,NaN,NaN,NaN,NaN,NaN,NaN,NaN,NaN,NaN,NaN,NaN
795.75,788,800,790,780,778.75,765.5,775.5,778,776,759.75,765,767,737.5,750.75,742,729.5,717,712,715,695.5,697.25,678.5,678.5,661,654,641,607.5,604.25,597,566,566.5,539,531,501,457.5,470,438.25,412,385,359,325,315.5,288,247,207,161,141,59,69.5,91,53,38,36,36.5,34,33,19.25,21.75,16,15.75,31,12.75,12,14,16,15.5,NaN,10,NaN,NaN,NaN,NaN,NaN,14,NaN,NaN,NaN,NaN,NaN,NaN,NaN,NaN,NaN,NaN,NaN,NaN,NaN,NaN,NaN,NaN,NaN,NaN,NaN,NaN,NaN,NaN,NaN,NaN,NaN,NaN
790,793,796,786,788.25,795,773,776,770,769.5,761.25,760,759,752,741,742,727.75,719,714.5,714.25,702.25,681.5,683.5,654.25,657,646.25,638.75,622.25,610.75,588.5,573,556.75,542,519,515.75,484,445,441,402.5,388.25,337,346,310.5,265.75,165.5,161,209,95,77.5,96.25,67,41.25,83.5,46,15,36.5,23.5,32,16,25.5,19,26,16,27,11,11.75,NaN,12,NaN,10,NaN,10,NaN,NaN,NaN,NaN,NaN,NaN,NaN,NaN,NaN,NaN,NaN,NaN,NaN,NaN,NaN,NaN,NaN,NaN,NaN,NaN,NaN,NaN,NaN,NaN,NaN,NaN,NaN,NaN,NaN
786.5,792.25,775.25,784.5,779,780,775.75,769,777,759.5,748,753,759.75,753.5,732.5,735.75,729,713.75,705,700.25,697.5,685,664.75,675.25,658.75,657,632,626.5,606.75,578.5,563.5,547,541.5,521.5,493,478.5,453.5,439.5,424.25,356.75,334.5,316.5,261,270,171.25,129,92,187.25,145.5,106,73.5,50,36.5,53.75,40.75,33.25,18,28.5,20,35,12.5,14.5,19,13,14,14,16.5,11,NaN,15,NaN,NaN,NaN,NaN,NaN,NaN,NaN,NaN,NaN,NaN,NaN,NaN,NaN,NaN,NaN,NaN,NaN,NaN,NaN,NaN,NaN,NaN,NaN,NaN,NaN,NaN,NaN,NaN,NaN,NaN,NaN
783.75,789,787.5,775.5,765.75,777,783,771.5,772.75,776,767.75,754,757.75,744.5,726.25,734.25,715.25,710,724.5,704.5,692.5,687,677,663,644.5,639,621,618.5,611,581,569,538,528,522.25,491,485,454,416,417,359.5,369,329.75,306.5,265.25,212,211,174.25,174.5,86.5,108,37,64.75,24.5,31.5,19.25,55,20.75,20,21,19.5,20,14.5,12,27,11,10,19,14,15,NaN,NaN,NaN,NaN,NaN,NaN,NaN,11,NaN,NaN,NaN,NaN,NaN,NaN,NaN,NaN,NaN,NaN,NaN,NaN,NaN,NaN,NaN,NaN,NaN,NaN,NaN,NaN,NaN,NaN,NaN,NaN
791,777.5,788,781,780.5,772,773.5,772.25,763.5,758.25,756,747.75,754.75,731.75,736,731.5,719.5,720.5,705.25,691.25,688,673.75,668.25,655,639,628.75,620,595.75,588,581.25,558.5,539.25,528,510,477.5,462.5,452,425.5,395,342.75,350,313,273,261,222.25,182.5,191,128.5,111.5,89.25,66.5,65,34.5,33.25,31,32,24,35,20.25,26.5,14.75,18,15,19,12.75,29,12,NaN,NaN,11,NaN,11,11,NaN,NaN,NaN,NaN,NaN,NaN,NaN,NaN,NaN,NaN,NaN,NaN,NaN,NaN,NaN,NaN,NaN,NaN,NaN,NaN,NaN,NaN,NaN,NaN,NaN,NaN,NaN,NaN
792.25,787.5,788.75,779,772.25,761,762,763.25,757.25,755.75,760,750,744.25,735.75,728,722,724.5,714,707,701,693.75,673,675.5,648.25,648.25,644,622.25,596,587.5,572,567,535,524,490,482.5,470,443,405,408.25,368.75,334.5,331.5,275.25,233.25,214.25,181.25,182.5,142,148,54,61.5,52,54,39.25,42,19.25,38,27.25,20,16,23.25,19,17,12,16.75,12.5,18,16,18,12,NaN,NaN,13,NaN,NaN,NaN,NaN,NaN,NaN,NaN,NaN,NaN,NaN,NaN,NaN,NaN,NaN,NaN,NaN,NaN,NaN,NaN,NaN,NaN,NaN,NaN,NaN,NaN,NaN,NaN,NaN
787,778,787,777,780.5,781,767,768,754.75,761.5,764,741,737.5,737,738,721,714,702,705.5,698,681,660,656,654,648,653,602.5,597.5,583.5,570.25,536.25,524.5,518,487.5,470.75,423.75,430,400.5,399,362,304.75,301.5,212.5,232,231,187,155.5,136.5,136,65,45.25,65,32,39.5,67,24,34.25,22,24.5,23.75,16.75,20,17.75,17.75,10,11,14,10,11,NaN,12,NaN,NaN,NaN,NaN,NaN,NaN,NaN,NaN,NaN,NaN,NaN,NaN,NaN,NaN,NaN,NaN,NaN,NaN,NaN,NaN,NaN,NaN,NaN,NaN,NaN,NaN,NaN,NaN,NaN,NaN
780,772.5,783,780,776.75,776,765.25,754,764.5,760,747,738.75,739.75,729.5,726,715.5,712,704.25,689.5,692,683,664.5,649.75,642.75,621,616,609,589.5,586,568,552.5,521.75,504,473.5,468.5,434.75,439.75,404.25,383.5,325,273.5,292,272,255,214,209.5,139,114.5,88,99.75,51,53.75,49,41.5,39,43.75,19,17.5,38,38,27.75,19,18,25,21,14.25,15,16,NaN,NaN,NaN,NaN,NaN,NaN,NaN,NaN,NaN,NaN,NaN,NaN,NaN,NaN,NaN,NaN,NaN,NaN,NaN,NaN,NaN,NaN,NaN,NaN,NaN,NaN,NaN,NaN,NaN,NaN,NaN,NaN,NaN
796,783.5,781.5,771,772,774,769,757.5,756,756.75,742.25,742.5,730,733,730,706.5,711.5,689.75,679.25,690,665,662.25,646.5,641,610.25,601.5,594,573.5,561,562,542.75,517,488,474.25,454,442,416.5,392,366,353,295,294.5,266.5,237,221,170.5,173,133,123,58,49,59,85,54.25,35.5,48.75,45.5,30,19.5,24,20.5,19.5,15,12,16,11,NaN,11,12,NaN,NaN,NaN,NaN,NaN,NaN,NaN,NaN,NaN,NaN,NaN,NaN,NaN,NaN,NaN,NaN,NaN,NaN,NaN,NaN,NaN,NaN,NaN,NaN,NaN,NaN,NaN,NaN,NaN,NaN,NaN,NaN
782.75,780,781,773,778,758,766,761,758,746,745,736.5,741,722,723,716,705.75,690.5,686,668.75,671,671,648.5,626.75,609,614,589.5,585,572.25,541,540.75,497,492.75,468.25,449,452,426,383.5,360.5,335,313,304.25,267.5,229,229,156,121,176,131,88,67.25,37,43.5,27,16,29,37,36,23,31.75,12.25,19,16,22,18,10,15,15,10,NaN,10,NaN,NaN,NaN,NaN,NaN,NaN,NaN,NaN,NaN,NaN,NaN,NaN,NaN,NaN,NaN,NaN,NaN,NaN,NaN,NaN,NaN,NaN,NaN,NaN,NaN,NaN,NaN,NaN,NaN,NaN
777.5,780.75,775,761.75,773,773,760,765,750.75,754,740,738,725.25,712.25,713,703,696.5,697,690,662.75,662.75,659.5,644,623.75,627.25,608,586.75,577.5,552,541,507.75,509,500.5,473.25,449,443,422,363.75,357.75,325.5,338.75,295,193,180,147.25,125.25,156.25,96,120.25,85,69.5,30.5,38,73.25,57.75,42,34,26,19,27,20.25,22.5,16.5,15.75,29.5,14,13,13.75,11,15.5,NaN,18,11,NaN,NaN,NaN,12,NaN,NaN,NaN,NaN,NaN,NaN,NaN,NaN,NaN,NaN,NaN,NaN,NaN,NaN,NaN,NaN,NaN,NaN,NaN,NaN,NaN,NaN,NaN,NaN
776.5,790,776.5,771.25,760,765,762,760.25,752.75,740,740.5,736.5,727,713.5,709,696,701,678,684.5,675.5,661,653,629,617.25,610.5,605,588.25,565,538,547.75,525,502,489,481,432,420.5,402,374,338,336.75,314.25,290.5,286.75,249,168.25,93.5,121.5,102,82,93,72,100.5,47.5,45.25,41.25,63.75,28.25,17.75,16.5,31.25,33,17.5,16,20,15,12,10,12.75,11,14,NaN,NaN,NaN,NaN,NaN,NaN,NaN,NaN,NaN,NaN,NaN,NaN,NaN,NaN,NaN,NaN,10,NaN,NaN,NaN,NaN,NaN,NaN,NaN,NaN,NaN,NaN,NaN,NaN,NaN,NaN
781.25,772.25,767,767,762.5,758,740.5,742,755.5,740.75,732,729.25,718,708.5,696,704,693,685.5,662.5,668,640,643,630,612,609.5,592,585,581,548.25,528,505,513.5,468,465,459.5,448,413.5,402,352.25,315.5,296,308.25,209,174.75,182.5,206,120.25,120.75,85.25,73,58,49,32,33,40.5,31,22,23,24,16,16,35,16,29,14,12,NaN,15.5,21.5,NaN,NaN,13,NaN,NaN,NaN,NaN,NaN,NaN,NaN,11,NaN,NaN,NaN,NaN,NaN,NaN,NaN,NaN,NaN,NaN,NaN,NaN,NaN,NaN,NaN,NaN,NaN,NaN,NaN,NaN,NaN
774,784,766.25,760.5,760.5,758,744,754,752.5,745.75,733,712.5,710,717.75,694.5,686,682.5,672.5,670.25,674.5,659,636,619,615,603.5,586.75,561,560.5,541,522.5,530.5,489.25,477,465.75,447.75,403.5,402.5,366.25,368.5,346.75,326,310,255.5,194.75,191,174.5,61,82,130.75,140,38.5,87.25,47.75,54,32.75,21.5,27.5,24,24.5,28.5,29,31.5,22,16,20,13,19,NaN,16,NaN,NaN,12,NaN,NaN,NaN,NaN,NaN,NaN,NaN,NaN,NaN,NaN,NaN,NaN,NaN,NaN,NaN,NaN,NaN,NaN,NaN,NaN,NaN,NaN,NaN,NaN,NaN,NaN,NaN,NaN,NaN
771.25,762,762,760,757,752,747.5,730.75,743.25,742.75,725,723.5,708,701,700,683,674.5,666,667,663.25,648,630.25,613.75,617,601.5,581,568.75,555,536,527.75,505,499,446.75,445.25,439.75,409.75,377.25,351,335,340.5,276,252,242.75,157.5,161.5,154.25,122,80.25,55,82.75,42,29.75,57,29,31,27,46.5,33,29,26.5,24,22,17,12,17,14.75,14,15,14,13,11,10,11,NaN,NaN,10,NaN,NaN,NaN,NaN,NaN,NaN,NaN,NaN,NaN,NaN,NaN,NaN,NaN,NaN,NaN,NaN,NaN,NaN,NaN,NaN,NaN,NaN,NaN,NaN,NaN
772.5,760.5,760.25,763,752,750,751,746,734.5,727,728.5,710,711,698.5,690,679.5,682,668,664,659.75,626,638.5,623.75,582,598,566.75,573.25,560,540.5,511,507,494.5,471.5,439.5,427,395.5,385,346.25,333.5,324,279.5,289,265.75,209,149.5,76,147.5,45,91.75,93,69,94,28,32,41,27,25,30,19.5,18,18,13,15,13.5,30,16,24,17,12,14,14,18.5,20,NaN,12,NaN,11,NaN,NaN,NaN,11,NaN,NaN,NaN,NaN,NaN,NaN,NaN,NaN,NaN,NaN,NaN,NaN,NaN,NaN,NaN,NaN,NaN,NaN,NaN,NaN
763.75,762.75,760,746,745,748,745.5,745.25,729.75,722,721.5,709,699,694.5,694,684,674.5,660.5,649,631,630,625.25,613.5,604.25,595.75,574,554.5,554.25,522.5,505.75,516.5,499,466,440,436.5,411.5,390,358.75,323.5,329,301,283.25,215,223,234,152.5,106,114.5,134,66.5,69.5,52.5,62,34,34,46,19.25,21.5,22,29.25,21,22.5,15.5,15.75,16.25,18,14.5,14,32,14,10,NaN,12,NaN,11,NaN,NaN,NaN,13,NaN,NaN,NaN,NaN,NaN,NaN,NaN,NaN,NaN,NaN,NaN,NaN,NaN,NaN,NaN,NaN,NaN,NaN,NaN,NaN,NaN,NaN
769,754,760,752,755,739.75,744.25,738,723,730.25,723,712,707,699.5,702,680.5,670,657.5,659.75,642,643,629,605,604,584,573.25,553,556,528,505.75,483.75,468,428.5,438,408,399.5,358.5,346,341,282,322.75,294,256.5,196.75,211,144.75,128.25,72.5,75.75,76,32,46.5,65,56.5,33,25.5,40.5,27,35.25,43,22,20.75,17.25,15,17.25,35,NaN,15.5,14,15,13.5,16,10,13,NaN,NaN,NaN,NaN,NaN,NaN,NaN,NaN,NaN,NaN,NaN,NaN,NaN,NaN,NaN,NaN,NaN,NaN,NaN,NaN,NaN,NaN,NaN,NaN,NaN,NaN,NaN
765,753,750,754.5,758.5,753.75,742,733,729.25,715.75,706.75,702.5,686.5,696,683.25,668.5,665.25,648.25,645,633.5,622,610,612,584,577.5,569.75,559.25,526.25,507,521.25,483.5,453.5,420,423,416,388,345.75,338.75,331.25,303,293.5,281,225.5,211.25,204.75,156,155.5,175,125,102.75,52.75,92,54.5,37,33.5,24.5,22,28.5,34.5,27,23,30,14,19,24,20.25,13,21,24,NaN,15,10,15,11,NaN,10,NaN,NaN,NaN,NaN,NaN,NaN,NaN,NaN,NaN,NaN,NaN,NaN,NaN,NaN,NaN,NaN,NaN,NaN,NaN,NaN,NaN,NaN,NaN,NaN,NaN
755.75,766,743,741.5,738,735.5,741,732,710.25,711.25,714.5,696.5,699,691,679.75,668.5,663.75,659,640,622.25,625,619,601,583.5,570,566.5,546.5,516.75,532.75,503.5,486,454.25,462,412.25,425,407.5,364,336,345.5,315,283,282,249.5,179.25,226,151.75,113.25,122,85,53,88.5,65.5,36.5,36.5,33,26,45,39,26.5,44,24.5,18.5,23,10,19.5,22,21.5,12,10,NaN,15,NaN,14,27,NaN,12,NaN,16,NaN,10,NaN,NaN,NaN,NaN,NaN,NaN,NaN,NaN,NaN,NaN,NaN,NaN,NaN,NaN,NaN,NaN,NaN,NaN,NaN,NaN,NaN
750.25,755,752,752,740,733,734.5,728.5,717.25,710,707,701.25,692,676,679,670,653,640.75,644,625.75,617,599.5,582.5,586,566,559,543.5,508.5,506.25,493.5,487,467,458,444.5,424,391,351.25,338,320,298.5,304.5,246,205,209.25,188.75,193,202,155,106.5,48,58.5,34,38,30.25,51,27.25,54.25,43,28.5,35.5,16,22.5,23.25,18.5,16,11,18.5,12,14.5,NaN,15,10,10,14,10,10,NaN,11,NaN,NaN,NaN,NaN,NaN,NaN,NaN,NaN,NaN,NaN,NaN,NaN,NaN,NaN,NaN,NaN,NaN,NaN,NaN,NaN,NaN,NaN,NaN
759,743.25,745.5,741,735,730,734,725,717,715,699,700.5,686.25,678.75,672.25,651,644,647,635.5,620.25,604,592.25,582,572,554,547,542,522.5,497,483.5,467.75,469.25,431,428.5,405,397.75,359,328.5,316.75,329.75,266.5,257,227,212,205.75,157.5,115.5,155,115.25,73.5,64.25,61.25,19,33,59,50.25,40.25,40.25,20,25,21.5,26,17,13.75,39,16.25,12.75,33,10,15,16,14,11,17,NaN,13,NaN,NaN,NaN,NaN,NaN,NaN,NaN,NaN,NaN,NaN,NaN,NaN,NaN,NaN,NaN,NaN,NaN,NaN,NaN,NaN,NaN,NaN,NaN,NaN,NaN
755,750,747.5,737,726.5,729.5,723,709,703.5,707,693,693.75,690,679.25,673.5,668.75,645,640.5,620,595.5,604,613,601,572,551.25,553.25,520,533.75,505.5,491,462,460.5,427.25,415,408.25,388.25,372.5,335,337.5,300,256,233.75,203.75,241,182,101.25,122.75,140.25,70,79.75,77,55.25,63,37.5,50,27,37,27,18.5,25.5,25,19.75,18.25,24.75,18,14,13,19,17.75,17.75,NaN,11,NaN,10,NaN,10,12,NaN,NaN,10,NaN,NaN,NaN,NaN,NaN,NaN,NaN,NaN,NaN,NaN,NaN,NaN,NaN,NaN,NaN,NaN,NaN,NaN,NaN,NaN,NaN
743,759,735.75,747,736,723.75,719.25,709,701,695,702,684,677.5,678.5,665.75,658,643,649.75,629,605.25,608.5,575.25,572,567.5,556,522,527,519,475,486,458.75,453.5,427.75,416,387,398,353,357,306,279,286.75,254,162.25,240,206.5,163.5,149.5,174.25,82,110,82.75,80.5,60,49,31,24.5,37.5,34.5,37,42,23.25,18,19,23.5,18,18.25,15.75,13,14,13,14,12,13,NaN,12,NaN,NaN,NaN,NaN,NaN,NaN,NaN,NaN,NaN,NaN,NaN,NaN,NaN,NaN,NaN,NaN,NaN,NaN,NaN,NaN,NaN,NaN,NaN,NaN,NaN,NaN
739.75,736.5,733,740,717.75,717,712.75,711.25,711,690,705.25,677.75,667.25,666,669,654,642.25,623,608,606,604,581,579.75,555.25,559,538.75,528,512.5,482.5,483,456,443,422.5,398.25,394.5,396,370.5,321.75,293,297.5,264,285.25,231.5,169,195.75,129,141,139,73,97,64,37.75,63,37.5,39.5,31.5,36,35.75,28.25,20.5,25.5,36,32.25,12.75,26.75,19.75,15.75,18,35,16.5,NaN,23.75,13,NaN,NaN,11,NaN,NaN,NaN,NaN,NaN,13,NaN,NaN,NaN,NaN,NaN,NaN,NaN,NaN,NaN,NaN,NaN,NaN,NaN,NaN,NaN,NaN,NaN,NaN,NaN
739.5,735.5,730.5,725,727.5,726.25,708,704,696.75,693.75,684,677.25,673,661.25,658.5,645.5,633.25,619,606.5,602,582.5,563,561.5,548.5,531,531.5,504,501.5,491.5,461.5,456,433.75,422,404.5,404,355,324,307,277,294,248.5,259.5,222,199,177,136.75,165.25,145.5,124,78.5,65,41.25,33,65.5,44.75,47,27.5,22,32,24.5,18,19.75,19,24,33.75,15.5,13.5,14,12,13,16,15.5,11,20,12,16,NaN,NaN,NaN,NaN,NaN,NaN,NaN,NaN,NaN,NaN,NaN,NaN,NaN,NaN,NaN,NaN,NaN,NaN,NaN,NaN,NaN,NaN,NaN,NaN,NaN
745,741,742,708.25,731,719.5,709,700,703,689,682.25,676.75,660,662.25,655,651.25,632,633,623.25,595.75,585.75,567.75,569,540.75,536,500.25,504,503,482,464,461.5,452.5,410,399,392,345.5,349,309.75,303.5,257,274,271.25,211,202.25,150.25,166,165.5,142.5,30.5,100,81.5,46.5,81.75,45,54.75,41,36.5,35,23.25,17,19,13,21,47,14,22,34.25,19.5,13,15.5,17,10,19,NaN,NaN,NaN,12,NaN,27,NaN,NaN,NaN,NaN,NaN,NaN,13,11,NaN,NaN,NaN,NaN,NaN,NaN,NaN,NaN,NaN,NaN,NaN,NaN,NaN,NaN
743.5,728,734.75,720,705.75,706,702.5,694.75,694,684.25,672,664,654,639,637,636.5,619,612,593.25,590.5,585,560.75,553.75,545,526,517,507,506,465,458,435,431.25,422,385,375.5,373.75,344,312.5,302.75,285.75,267,253.5,177,208,120.25,143,64.25,93.75,86.5,45,56,59.5,121.75,44,61.5,49.25,27.5,22,22.5,30.5,24,16,19,16,21,14,23.5,24.5,17,16,14,35,13.5,NaN,16,14,17.25,11,NaN,NaN,12,NaN,NaN,NaN,NaN,NaN,NaN,NaN,NaN,NaN,10,NaN,NaN,NaN,NaN,NaN,NaN,NaN,NaN,NaN,NaN
728,736,731,712,711.75,712.5,696,691.5,697.5,687,665,669,665,649,621,630,626,601,604,592.25,578.5,552,566,520,543.75,507.5,478,488.25,466.5,463.75,436.75,438.5,402,360.5,364,363.5,356.5,293,309.75,292,181,242,199,230,58,163,134,117.5,78.5,93.5,46,47,62,70.25,33.5,31,24.75,23.75,42,22.5,13,26,29.5,27,21.5,21.25,14.5,20,19.5,13.25,17,NaN,13,NaN,11,15,15,NaN,NaN,NaN,16,10,NaN,NaN,NaN,10,NaN,NaN,NaN,NaN,NaN,NaN,NaN,NaN,NaN,NaN,NaN,NaN,NaN,NaN,NaN
736.25,729,726.5,716,717,709.75,701.5,688,690.25,670.25,666.5,661,654,627.5,634.25,628.5,626.25,607.5,585,586,563.5,552.25,549.75,545,530.5,512,500,473,469,460,446.75,418.75,426,367,359.5,343,339,330,298.5,266,243.5,254,208.25,202.75,190,127,123,130.5,106.25,150.25,98,87.5,44.5,29,49.5,29.5,49,32.25,21.75,27,26,28.5,28,24,18,33,32,17.5,22,13.5,17,12,11,14,NaN,NaN,12,NaN,10,NaN,NaN,NaN,NaN,10,NaN,NaN,NaN,NaN,NaN,NaN,NaN,NaN,NaN,NaN,NaN,NaN,NaN,NaN,NaN,NaN,NaN
728.5,727,729,710.5,702,691,688,684.75,684.5,679.75,679,651,655,641.75,622,632,616,597.75,603.5,565,557,555.25,540.75,543,523.5,498,490.5,477.25,457.5,450.75,455,431.5,398.75,401,360,338,330,290.25,277,298.5,195,252,240,191.5,218.75,148,150.75,115,93,68.5,79,66.5,67,46.5,39,39,27.5,18,44.25,41,31,23.75,32,25.5,21,16,30.5,28,15,15.75,28.5,14,13,NaN,16,10,12,13,NaN,NaN,14,NaN,11,10,10,NaN,NaN,NaN,NaN,NaN,NaN,NaN,NaN,NaN,NaN,NaN,NaN,NaN,NaN,NaN,NaN
718.5,719.5,710.5,715.5,694,698,691,696,676.25,665,671,649,654,629.5,636.25,617.25,611,592.5,585.5,581.75,566,552.5,541.25,516,516,515.25,493.25,478,457,442.5,423.75,404.5,396,380,349.5,374.5,344,262.75,327,263.25,260,228.25,221,199,141,85.75,134,82,121.25,106,65,61.75,27.75,35,45,41,17,27,40.75,33,22,24.5,34,15,16,18.25,12.25,19.5,23,17.25,12.75,13,15,NaN,NaN,10,NaN,12,11,NaN,10,NaN,NaN,12,NaN,NaN,NaN,NaN,NaN,NaN,NaN,NaN,NaN,NaN,NaN,NaN,NaN,NaN,NaN,NaN,NaN
724,708.25,706,695.5,694.75,698,696,678,671,668,656,637,634.5,637,619,620.25,609.5,592.5,579.5,569,540,557.25,547.5,527.5,510,487,476.5,454.5,455.5,439,428,400,380,354.25,359,345,316.75,264,305,256,252.75,188,158.5,185.5,168.5,56,146,164,45,87.5,79,53,28,66,46.25,42.25,43.75,35.75,32.5,59,37.5,23.5,51,21,28,27.5,13.5,13.5,NaN,22,10,14,14,NaN,11,NaN,12.5,10,11,18,13,NaN,NaN,NaN,10,NaN,NaN,NaN,NaN,NaN,NaN,NaN,NaN,NaN,NaN,NaN,NaN,NaN,NaN,NaN,NaN
727,708,708.5,697,688.5,693,686,677.75,660.75,657.5,662,634.5,619.5,621,611,623,591.5,589.75,573.5,578,550,538.5,542.25,515,511.25,478.5,459,461.75,427.5,441,414,422,396.25,388.5,352.25,354.25,314.75,309,254,247.25,186,255,190,207.5,75.5,139,124.25,138,100.5,100.5,25.25,105.5,71,53,43.5,37,53.25,56.25,32.75,28.5,18.25,30.75,22.5,27,15,17.25,16,18,19,14,10,17.25,10,17,NaN,NaN,15,18,NaN,10,NaN,11,10,NaN,NaN,NaN,NaN,NaN,NaN,NaN,11,NaN,NaN,NaN,NaN,NaN,NaN,NaN,NaN,NaN,NaN
711,706,700,698.75,687.5,686,674,665,661.5,654.5,653.5,649,635.75,617.25,609,605,597.25,581,576,571,543.5,534.5,520,508,509.5,500.5,479.5,467,453.5,416.5,420.25,387.5,400.5,354,360,284,339,304.5,303,268,152,251,173,175,141,159.25,112.5,80.5,116.5,76,106,41.75,53,40.5,59,33.75,39.5,37.75,25,19,36.75,33.5,14,32,27.25,21.75,21,36,16,23,12.5,17,16,16,20.5,11,18,NaN,11,18,12,NaN,NaN,NaN,NaN,NaN,NaN,NaN,NaN,NaN,NaN,NaN,NaN,NaN,NaN,NaN,NaN,NaN,NaN,NaN,NaN
719,700,702,686,680,688,677.5,676.5,653.75,646.25,649.75,639.75,623,618,619.5,600.75,587,586,570.5,554.75,557.75,540,523,511.75,495.5,475,447,453,447.25,427,422,407,335,373,369,337,317.25,283,285,270,181.75,195.5,210.5,128,132.75,142.75,112.25,127.5,109,74,69.5,32.5,51.25,49.25,73,31.25,25,31,27,17.25,16,21.25,25.75,23,22.25,28,22,13.75,26.75,16.5,16.5,12.75,27.75,13,13,10,NaN,NaN,NaN,NaN,NaN,NaN,NaN,NaN,NaN,NaN,NaN,NaN,NaN,NaN,NaN,NaN,NaN,NaN,NaN,NaN,NaN,NaN,NaN,NaN,NaN
715.75,713,701,686,678.5,680.75,672,655,653.75,646.75,637.75,633,626,621,613.5,597.5,581.25,599,577.5,562.5,548.5,534.25,513.75,500,475.25,485.5,471.5,464.5,434,420.5,415,389,363.25,336,339,352.5,317.5,315,296.5,230.75,239.25,206,152.5,209.5,214.5,127.75,74,116.5,108.25,116,86.25,55.5,49,69,68.75,39.5,62,32,51.75,28.75,21.25,32.5,23.5,26,23.5,35.5,16,20,14,13.25,10,16,23,12.5,NaN,13,15,NaN,12,11,NaN,NaN,10,NaN,NaN,NaN,NaN,NaN,NaN,NaN,NaN,NaN,NaN,NaN,NaN,NaN,NaN,NaN,NaN,NaN,NaN
694.75,696,688,692,683.5,675,654,649,649.25,647,633.5,637,616,614.5,604,596,578.25,577.75,566,554,540.25,547.75,524.5,490.5,495,484.25,446,451.5,452.25,421.25,382,420,373,339,361,344.25,301.5,285,240,248.5,238,221.25,157,159.5,170.5,54,121.5,144,61.5,65,67.5,58.25,40,45,49.5,38,32,40,32,36.25,65,27,30,21,32,31.25,22,16.25,11.5,20.5,15,14.5,12.75,15,16,12,21,NaN,12,12,NaN,NaN,NaN,NaN,NaN,NaN,NaN,11,NaN,NaN,NaN,NaN,NaN,NaN,NaN,NaN,NaN,NaN,NaN,NaN,NaN
699.25,697.5,693.75,687,688,669,660.25,658.25,652.75,637,631,624.25,612.75,618,587,594,587.5,568.5,561,551,535,525.5,506,511,485,470,461.5,461.25,433,414,396,392,391.25,359,343.5,338,328,303.5,241.75,276.5,235,204.5,214,155.75,155.5,118.75,127.5,75,70,47.5,112,109.75,60.75,70,48,23.75,33,20,39,29,30,32,31,23.75,26,21,20.25,25.5,14,26,11,NaN,14,12,NaN,11,NaN,NaN,NaN,17,10,NaN,NaN,NaN,NaN,NaN,NaN,NaN,11,13,NaN,NaN,NaN,NaN,NaN,NaN,NaN,NaN,NaN,NaN,NaN
694.75,700,688.5,682.25,672,665,663,662.5,650,628,621.75,613,600.75,604,585,582,568.75,554.5,558.5,526,507,521,517,509.5,487,453.75,448.5,432.75,441.25,404,400,406,351,335.25,350,314.5,301.25,250.5,274.5,211,202.75,212.5,169,151,75,120,126,96.5,113.25,44,68.75,41,48.75,50.75,48.5,25.25,52,30.5,28,19,18,19,30,18.5,31,19.25,24,NaN,14,11.5,15,14.75,11,12.5,10,19,13,NaN,21,19,17,NaN,NaN,NaN,10,NaN,NaN,NaN,NaN,NaN,NaN,NaN,NaN,NaN,NaN,NaN,NaN,NaN,NaN,NaN,NaN
697,699.25,684.5,681.75,685.5,650.5,649,647,643,621,624.5,621,612.5,586,580.25,576.25,560,556,545,534,520.5,525,491,491,473,448,460,434.5,418,409.5,385,372.25,357.5,343.5,321.25,287,305,288.5,245,229.25,155.5,231,217.5,208,162.5,110.5,143.5,119.75,75,86.5,47.5,32.75,35.25,38.25,54.5,29,46.75,28,20.5,18.75,22.25,29.75,23,24,18.5,19.75,31.5,13,29,25,34,19.5,26,15,16.5,12,12,11,14.25,NaN,14,12,NaN,NaN,NaN,NaN,10,NaN,NaN,NaN,NaN,NaN,NaN,NaN,NaN,NaN,NaN,NaN,NaN,NaN,NaN
686,688.25,676.5,666,667.25,653,653.75,647,642,625.5,626,622,599,590,589,594,557,556.75,554,535,521.25,512.5,512.75,479.5,482,459.75,440.5,437.75,410.25,409.25,393,375,373,363,327.25,298.25,313,299,227,236.5,251,127,175.5,157.75,172.5,74.5,133.5,107,116.75,79.5,87.5,31.5,54.5,46.75,25,34,36,44.25,44,37.75,32.25,41,26.5,28.25,30,24.5,25,16,30,40.75,11,18.75,13.75,15,10,NaN,13,NaN,NaN,NaN,NaN,14,NaN,13,NaN,NaN,NaN,10,NaN,NaN,NaN,NaN,12,NaN,NaN,NaN,NaN,NaN,NaN,NaN,NaN
694.75,682.25,684,674.5,666.5,662.5,654,641,629.5,621,608,618,595.75,581.5,581.75,572.75,546.5,529.5,541,541,527,507.5,489,495,494.5,451,462,410.25,428.5,409.5,415.75,382,354.75,343.5,298.5,307,299,246,273,206.5,231,175.25,120.75,197,173,55,148.5,117.25,79,38,50,68,41,102,32.75,34.75,29,36.75,28,29.25,27,21.5,35.5,26.5,29.75,20,16.25,17,11,12.25,18,14,18,24,10,18.5,NaN,14,13,16,11,NaN,NaN,NaN,NaN,NaN,NaN,25,NaN,NaN,NaN,NaN,NaN,NaN,NaN,NaN,NaN,NaN,NaN,NaN,NaN
691,672,676.5,668,653,655,629.5,639.75,637.75,614,600.25,596.25,592.25,580,581,554.5,562,538.25,546.5,535.5,503,509.5,487.5,463.5,461.5,437.75,435.75,428,409,409,375.5,366.75,364,342,327,301.25,302,263.25,247.5,245.5,261.25,161.5,132,185.25,151,124,114.75,70.5,86,55,62,49,49,75.5,57,45,40,40.5,38,21,21,32.75,30,19.5,25,31,15.5,24,14,18,13,14,11.75,13,13,19,NaN,10,18.75,NaN,NaN,NaN,11,13,10,NaN,NaN,NaN,NaN,NaN,NaN,NaN,NaN,NaN,NaN,NaN,NaN,NaN,NaN,NaN,NaN
684,669,672.25,665,672.5,648.25,641,633,619.5,626,613,595.25,596,588.5,571,565,538.75,547,527.5,521.5,514,496.25,471,456,493,445,434,428.5,410,416.5,368,349.75,354,356.75,311,302,288.5,278.5,276,257,191.75,196.25,186,192.5,100,129,76,88,155.5,69.5,53.25,58.75,54,65,17.25,82.75,49,48.5,23.75,24,23,36,32.5,26,18,27.5,26,18,19.25,12.25,19,13,20,17,13.5,37,12,NaN,15,12,NaN,11,18,NaN,NaN,NaN,NaN,NaN,NaN,NaN,NaN,NaN,NaN,NaN,NaN,NaN,NaN,NaN,NaN,NaN,NaN
683.5,664,663.5,666.5,652.75,642.5,633,635.5,619.25,611.25,593,580.5,597.5,578,557.25,565.25,554,541.5,532,514,492,493.5,485,474.25,463.5,455.5,428.25,425.5,414,399,371.5,352.75,304,342,322,282,266,276,251,247.5,190.25,208,172.5,123.5,158,144.5,172,60.75,84,68,109,50.5,40,40.25,57,42,50.25,35,31,25,21,37.25,19,18.25,21,39.5,22.5,13.5,12,24,17.25,24.5,21,NaN,24,NaN,11.5,NaN,10,14,15,11,15,NaN,NaN,NaN,NaN,10,NaN,NaN,NaN,14,NaN,NaN,NaN,NaN,NaN,NaN,NaN,NaN,NaN
673,661.75,656.5,656,631,643,638,633,605.75,601.5,589.5,583,580,572,573,545,550.5,541,516,509.75,496.75,492,485,470,452.5,435.5,423.5,419,401,392,372.5,361,348,344,304.5,310,255,213,123.25,178.5,225,170,114.25,170.25,94.5,89,141.75,155.75,44.5,41.5,115,48.5,42.25,35.5,40,57.5,29,28,37.5,25.75,31,15,18.25,25,28,23,13,14.75,18.5,15.5,23.75,18.25,21.25,17.5,13,17,10,25,NaN,13,13,NaN,NaN,NaN,11,NaN,NaN,13,NaN,NaN,10,NaN,NaN,NaN,NaN,NaN,NaN,NaN,NaN,NaN,NaN
679,657.75,667.5,644,653,643.5,635,625.5,611.25,597,583,583.25,592.5,565.5,561,541.5,531.75,538.25,519.25,519.5,500,487,471.25,466.5,450,409.5,418,416.25,398,386.5,365.5,360.5,339,348.25,315,303,289,275.5,245,256.25,246,203,202,135,160.75,164,138,68.25,93.5,57.5,100,69.5,105,37,61.5,53.5,43,16.5,25,37,35.25,41,16,25,18.5,22.5,16,10,15,17,20.5,29.75,20,16,14,20.25,15,12,10,10,17,NaN,NaN,NaN,NaN,11,NaN,NaN,11,NaN,NaN,NaN,NaN,NaN,11,NaN,NaN,NaN,NaN,NaN,NaN
662,660,663.25,642,626.5,632,627,611.75,616.5,604,596.5,583,568,574,569,542.25,533,517,524.25,510,499,475,459.5,455,455,426,424,400,383,402,384.25,345.25,341.75,316,306,321.5,248.75,254,191.5,244,194,203,62.5,179.5,150.75,100.5,151,109.5,138,87.25,40.5,45,35,31,27,92,37,38.5,35,42.75,22.5,26,20.5,26.25,27,21,34,24,22,20.25,19.25,13,15,18,16.5,12,12,12.5,NaN,13,NaN,18,13,NaN,NaN,NaN,10,11,12,NaN,NaN,NaN,NaN,NaN,NaN,NaN,NaN,NaN,NaN,NaN,NaN
652.5,651.5,639.5,629,631.5,626.25,619,607.75,590,597.5,593.25,582.5,575.5,563.75,546.5,549.5,530.75,505.25,520,512.75,482.25,458,479,451,445,424.25,418.5,382,392.25,378.5,370,371,326,324,301,293,276.5,275.5,248.5,203.75,234.5,195.5,152,203,106.75,119,135.75,47,93.5,111,42.75,65,30.5,35,94,28.75,23.5,44.75,47.5,29.5,23,26,22,38,22,26,26.25,25,13.5,26,31.5,19,13.5,10,20,17,12,11,12,20,11,13,NaN,12,NaN,NaN,NaN,15,10,15,NaN,NaN,NaN,NaN,NaN,NaN,NaN,NaN,NaN,NaN,NaN
669,654.5,639.75,634.75,618.5,620.5,632,615,602,583,594,579,571,560.5,552,557,525.25,515.75,505.5,519,501.5,479,453.5,452,428.25,439.5,439.75,406.5,373.5,379.25,364,339,328,297,283,268.5,286,246.25,247,203.5,151,185,174,169,162.25,87,95,161.75,49,101,39.5,91,69,35.25,56.5,36,52,34.5,27,22,37.75,29,23.5,19.5,18.5,23,23,18,28,20,19,17.25,22,12,10,NaN,16.25,11.5,NaN,NaN,10,11.5,16,NaN,13,11,NaN,10,12,15,11.75,NaN,NaN,NaN,NaN,NaN,NaN,NaN,NaN,NaN,NaN
651,647.5,637,631,624.5,628.75,607.5,603,591,604.75,589.25,574.25,544.75,554,540.5,534,514,508,508,477,471,474.75,455.5,470,424.25,415.5,372.75,399,366,339.5,320.5,357.75,328,339.5,287,301,288,238.25,234.25,196.5,194,156.75,142,110,176,109,136.5,75.25,74.5,83.5,78.5,76.75,59,64,61.5,45.5,38.25,31.5,37.25,55,25,34.5,32.5,45,24.5,20.5,15,17.75,22,30.5,13.75,13,11,20.75,37,15.25,19,18,19,NaN,10,13,NaN,10,11.5,NaN,NaN,NaN,NaN,NaN,NaN,NaN,NaN,NaN,NaN,NaN,NaN,NaN,11,NaN,NaN
653.25,650.75,646.75,640.75,638,600,605.5,602,592.75,583.5,578,574,554,561,538.25,540.5,532.25,503,503,490.5,471.5,461,453,451,438,413.75,400.75,391.25,387,354,359.25,353,327,311,261,282,269.75,264,262,97,222.5,178.5,136,127.5,128,125.5,129,140.75,66,104,55.5,43,86.25,86.75,57,68,59.5,51.75,30,27,25,23,20,36,20.5,26,33,28,13.75,17.25,15,19.5,28,20.75,18.5,13,11,20.75,14,15,11,12,12,10,16,NaN,NaN,NaN,10,NaN,11,NaN,NaN,NaN,14,NaN,NaN,NaN,NaN,NaN,NaN
653.5,630.75,650,632,632.75,606,612,599,592,572.75,583,578.25,577.5,540.5,552.5,528,523.75,520.75,488,476,471.75,459.75,446.5,437.75,431,435.5,415,382.5,368.5,361.25,343,301,350,295,288,254.75,285,253.25,224.75,255,218.5,151.5,183.75,204.5,119.5,98.5,92,84.25,50,94.5,43.75,72.5,70.5,56.75,24,45.25,37,41.75,22,20,24,22,36,21,20.5,17,23.5,17,22,12,15,21.25,20.5,12,12,20,11,16,24,NaN,19,14,16,NaN,11,10,14,20,15.75,NaN,12,NaN,NaN,NaN,15,NaN,NaN,11,NaN,10,NaN
659.25,656,647.25,624.5,629,611,604.5,594,579.75,577.75,571,559.25,549,541.75,534,512,504.25,515,468.5,492,478.25,454.5,466,431.25,444,412,418,386.25,381.75,358,353.5,336,306,267.25,297.25,239.75,215.5,177,235,180.75,217.75,188.75,213.5,127,214,123,118,95,69,34,80,43,66.5,60.75,69.25,46.75,41.5,42.75,30.5,39.75,23,32.5,59.5,33,19,38.75,21,29.25,16,26,31.25,26.75,16.75,19.5,13,13.25,10,11,16.5,13,13.5,12,11,20,NaN,12,12,NaN,NaN,13,NaN,NaN,NaN,NaN,NaN,NaN,NaN,NaN,NaN,NaN,NaN
650.5,632.75,635,624.75,613.25,592,598,601,574,590,570.25,562,533.75,537,529.25,517,497,496.75,509.75,471,471,487,443,438.5,440,412,396.5,375,375.5,341.25,371,333,327.5,286,301,274,261.5,258,255.5,215,215.5,183.25,145,106.25,163.25,168.5,88,51.5,82,117.25,52,64.5,55,34.5,64,52.25,34.25,29,44.5,22.25,52.75,51.5,18.5,20,14,32.5,48,17.25,18.75,42,20,26.75,13.75,13.5,21,21.5,15.75,28,19,15.25,21,18,NaN,17,18,NaN,12,NaN,NaN,NaN,NaN,NaN,10,11,NaN,NaN,NaN,NaN,NaN,NaN,NaN
641,629,633,611,613.75,606,592,590.75,587.25,590.75,552.25,555.75,531.5,525,524,512,509.25,495,486.25,484.5,470.5,446,448.5,444.5,431,423,408,390,369.5,343.25,348,334,344.5,289,291,317,262.5,249.75,262,219,205.75,173.5,163.75,113.75,140,96.5,161.5,148.25,69,26.5,52,52.5,55,67.5,51.5,67,32.5,38.75,24,39,26,32.5,30,37.25,25,26.75,17,23,27.25,32,15.5,19,19,11.5,23.5,24.5,NaN,14.5,17,14,19,11.75,11,15,NaN,NaN,NaN,11,NaN,NaN,NaN,NaN,NaN,16,NaN,NaN,NaN,NaN,11,NaN,NaN
