442.46,364.61,378.13,408.11,377.55,322.64,347.15,383.97,440.48,403.55,390.24,382.98,407.54,371.55,400.6,386.4,343.43,275.43,436.65,362.65,328.31,271.31,355.01,264.77,316.2,307.43,319.72,378.3,333.6,366.12,293.17,250.83,317.75,270.7,308.61,243.4,209.81,236.84,158.26,170.18,156.95,169.44,119.97,138.08,92.08,68.59,40.67,33.63,27.01,23.84,8.97,9.24,8.49,4.31,3.96,4.28,2.61,2.65,3.01,2.49,2.31,2.12,1.86,1.81,1.96,1.43,1.56,1.66,1.36,1.22,1.27,1.26,1.24,1.32,1.16,1.14,1.16,1.14,1.1,1.08,1.07,1.13,1.15,1.07,1.05,1.02,1.05,1.06,1.04,1.03,1.04,1.02,1.03,1.01,1.03,1.02,1.03,1,1.03,1,1
395.86,474.41,375.69,390.03,391.2,406.31,384.87,314.79,395.02,379.44,353.2,274.14,333.25,461.82,349.27,358.98,418.09,385.97,388.9,430.15,406.69,336.9,315.07,378.06,416.87,386.14,376.57,351.24,323.4,324.34,355.08,317.17,238.01,267.83,228.83,298.4,247.51,242.73,255.84,212.92,157.5,173.18,134.41,106.2,73.16,59.43,61.15,21.19,8.75,22.96,15.87,13.3,2.68,6.6,3.82,3.96,3.49,4.32,3.1,2.12,2.35,1.9,1.91,1.7,1.53,1.35,1.5,1.48,1.45,1.47,1.4,1.24,1.22,1.19,1.17,1.2,1.1,1.15,1.09,1.11,1.13,1.1,1.11,1.06,1.13,1.04,1.11,1.05,1.08,1,1.03,1.06,1.04,1.04,1.01,1,1.03,1.03,1,1.02,1.01
345.68,377.32,401.79,392.96,394.39,360.1,304.02,368.15,364.19,475.13,304.46,335.01,314.2,333.1,369.03,341.63,334.97,384.88,322.86,344.63,334.79,358.49,333.05,374.26,364.53,360.6,371.56,361.45,263.04,376.71,335.7,271.54,257.18,266.73,287.98,261.05,241.65,218.24,206.58,219.05,150.9,158.62,160.41,104.72,106.49,66.44,54.32,35.05,27.97,19.25,8,11.1,8.73,8.54,4.59,3.44,3.23,2.98,2.52,2.04,2.02,2.19,1.73,1.53,1.78,1.62,1.47,1.43,1.51,1.44,1.37,1.29,1.2,1.31,1.19,1.18,1.13,1.22,1.22,1.22,1.18,1.07,1.11,1.13,1.1,1.04,1.06,1.09,1.05,1.02,1.03,1.02,1.03,1.02,1.01,1.05,1.01,1.03,1.02,1.04,1.02
388.62,447.44,350.05,425.28,380.89,421.14,307.15,372.95,446.53,411.41,324.7,360.04,373.12,403.61,353.38,341.85,414.72,315.41,382.81,374.11,396.58,379.61,451.28,352.5,349.85,409.13,365.9,360.82,367.54,265.56,303.02,311.16,320.36,305.7,291.82,236.99,231.8,232.97,232.16,198.5,132.89,130.79,96.24,139.04,99.16,79.69,45.38,37.92,42.03,22.04,15.01,12.33,8,4.62,6.87,3.56,3.32,2.75,2.93,2.29,2,1.72,1.78,2.02,1.45,1.66,1.38,1.57,1.33,1.33,1.39,1.32,1.25,1.15,1.27,1.17,1.15,1.18,1.13,1.13,1.07,1.07,1.06,1.1,1.08,1.06,1.09,1.09,1.06,1.04,1.04,1.03,1.06,1.01,1.02,1.04,1,1,1.03,1,1
383.74,405.2,417.15,393.39,409.75,340.06,384.96,443.61,410.4,437.93,413.06,375.5,375.91,355.1,373.48,375.6,330.14,370.3,328.69,300.69,372.86,366.69,400.02,360.06,321.86,303.27,275.25,330.23,319.37,296.32,307.29,224.82,277.55,251.37,298.78,239.47,297.53,167.32,223.99,208.89,104.55,122.23,110.14,88.11,64.27,67.44,43.04,44.34,17.82,15.37,19.38,8.65,6.84,6.41,3.8,3.27,2.55,2.59,2.69,2.1,1.74,1.94,2.2,1.55,1.5,1.65,1.46,1.48,1.68,1.35,1.2,1.29,1.21,1.34,1.18,1.18,1.16,1.09,1.12,1.24,1.09,1.14,1.12,1.07,1.08,1.1,1.09,1.03,1.06,1.01,1.04,1.04,1.04,1.04,1.04,1.02,1.03,1.01,1.01,1.01,1.02
368.09,450.64,369.03,337.95,428.19,411.14,365.88,407.48,368.59,361.43,399.1,311.92,358.65,396.75,327.96,334.46,337.29,313.77,346.61,343.62,479.33,318.7,324.51,413.33,388.71,318.06,313.27,308.98,316.3,335.49,297.78,323.82,282.78,307.69,264.22,265.55,253.72,212.16,244.58,133.8,195.62,164.06,85.93,107.56,122.79,76.26,36.13,42.18,17.26,17.07,17.04,12.89,11.04,8.09,4.03,3.6,3.48,2.71,2.56,2.29,2.24,2.29,1.66,2.03,1.49,1.5,1.68,1.51,1.48,1.24,1.36,1.31,1.18,1.19,1.14,1.25,1.23,1.06,1.11,1.09,1.05,1.13,1.14,1.09,1.06,1.09,1.05,1.06,1.06,1.05,1.01,1.06,1.02,1.01,1.02,1.02,1.02,1.02,1,1,1.01
376.65,372.23,301,335.64,430.53,466.66,324.29,453.52,409.01,392.74,381.23,367.91,396.22,378.62,372.37,326.19,409.84,332.04,388.67,357.98,328.02,337.1,441.65,353.78,293.88,275.23,279.27,311.02,311.78,287.78,316.45,283.5,277.17,236.58,203.27,291.74,241.67,194.45,268.01,150.46,143.36,117.41,135.03,100.18,75.73,59.02,39.25,37.7,20.33,12.56,25.41,5.86,5.53,5.07,5.74,5.42,3.29,2.23,2.69,2.07,1.8,2.14,1.78,1.79,1.75,1.55,1.5,1.36,1.32,1.37,1.35,1.41,1.21,1.19,1.18,1.2,1.15,1.17,1.21,1.17,1.05,1.12,1.05,1.07,1.06,1.08,1.05,1.06,1.04,1.07,1.04,1.02,1.05,1.03,1.03,1.01,1.04,1.02,1.01,1,1.03
361.96,378.32,471.33,380.95,331.73,362.82,431.38,308.01,393.4,383.88,468,397.45,429.28,389.39,337,334.55,378.09,385.55,343.55,367.01,386.46,333.25,369.89,354.37,281.36,364.78,296.69,388.49,276.51,336.34,259.17,258.89,281.34,235.91,202.03,245.65,248.98,190.04,173.55,211.11,196.29,149.67,100.95,97.21,73.29,54.45,41.32,31.82,25,20.16,18.89,12.74,5.41,4.49,6.37,3.42,3.45,2.42,2.42,2.4,2.34,2.28,1.58,1.82,1.56,1.65,1.41,1.52,1.47,1.32,1.24,1.51,1.17,1.22,1.28,1.23,1.1,1.12,1.15,1.14,1.11,1.11,1.07,1.09,1.12,1.08,1.11,1.04,1.04,1.01,1.02,1.01,1.02,1.05,1.03,1.05,1.01,1.01,1.01,1,1.01
401.59,448.15,421.42,340.23,343.61,351.92,396.09,370.4,366.06,403.9,360.72,417.2,418.05,349.23,417.5,290.21,351.23,372.37,324.22,418.31,354.91,384.76,309.87,364.59,350.65,409.31,304.25,360.78,306.07,279.39,275.68,255.3,259.33,240.2,257.04,237.99,238.16,163.65,197.06,172.6,197.36,156.5,107.98,127.95,69.4,44.76,26.33,36.55,24.12,11.2,14.11,6.2,7.58,5.02,5.4,4.73,3.65,2.69,2.84,2.58,2.36,2.48,2.02,2.01,1.66,1.59,1.45,1.37,1.42,1.45,1.26,1.16,1.18,1.19,1.17,1.13,1.15,1.14,1.16,1.11,1.15,1.06,1.1,1.05,1.05,1.08,1.08,1.06,1.06,1.02,1.02,1.02,1.03,1,1.04,1.05,1.01,1.01,1.03,1.04,1.01
440,410.8,402.23,345.7,357.94,478.15,347.71,402.49,364.91,357.01,390.35,381.9,387.52,357.87,401.24,341.53,318.15,315.2,349.65,344.71,391.86,345.79,397.62,396.38,392.74,264.63,350.35,315.61,307.02,360.88,261.96,207.9,296.46,243.29,179.24,250.13,169.64,260.81,188.55,160,115.6,87.71,126.71,96.39,88.01,42.35,51.45,37.36,22.19,12.23,7.05,13,5.85,3.28,6.16,4.69,3.37,2.63,2.47,2.1,2.03,2,1.66,1.75,1.61,1.64,1.64,1.46,1.49,1.38,1.25,1.38,1.2,1.12,1.08,1.21,1.25,1.12,1.18,1.17,1.06,1.07,1.05,1.07,1.11,1.04,1.08,1.06,1.05,1.02,1.04,1.02,1.04,1.01,1.02,1.02,1.03,1.05,1.03,1.02,1.02
348.65,401.29,394.53,373.67,352.18,401.78,326.83,352.81,398.05,365.26,336.33,366.06,333.39,411.6,309.46,388.39,395.43,362.78,440.88,399.21,327.04,365.06,316.68,338.19,268.19,297.39,322.15,352.67,280.8,270.77,249.81,280.1,317.73,268.11,273.61,249.71,213.29,226.15,160.63,220.58,182.19,111.25,123.24,91,77.06,53.76,37.89,29.25,24.36,15.36,11.56,9.82,6.38,3.21,6.82,4.52,3.08,3.21,3.24,2.06,2.08,2.24,1.78,1.64,1.8,1.61,1.76,1.57,1.53,1.34,1.29,1.41,1.37,1.42,1.25,1.18,1.15,1.15,1.11,1.19,1.11,1.2,1.1,1.15,1.05,1.08,1.12,1.07,1,1.04,1.04,1.03,1.01,1.07,1.03,1.01,1.01,1.02,1.06,1.03,1.01
341.15,386.97,487.75,430.76,455.27,353.74,359.38,332.71,420.19,430.1,363.68,342.33,377.83,364.14,354.7,386.64,387.21,389.91,335.87,367.57,320.18,345.29,400.15,359.96,369.21,289.7,315.76,389.47,280.65,294.44,328.63,230.71,233.25,312.38,228.11,233.6,205.69,157.3,237.61,153.51,132.25,131.56,109.09,85.63,53.46,77.87,47.9,27.16,32.53,19.42,13.21,10.58,9.61,6.59,4.04,4.85,3.89,3.79,3.67,3.21,2.21,1.94,1.88,1.52,1.99,1.58,1.46,1.4,1.4,1.41,1.38,1.28,1.25,1.1,1.18,1.24,1.19,1.07,1.15,1.12,1.05,1.12,1.08,1.09,1.07,1.03,1.07,1.09,1.09,1.01,1.02,1.03,1.02,1.06,1.04,1.02,1.01,1,1.01,1.01,1
378.57,432.55,386.59,431.07,399.07,337.16,322.16,410.5,367.47,376.72,419.58,372.35,393.91,351.24,375.89,383.87,336.47,344.48,367.48,353.86,289.95,384.45,320.28,335.32,386.28,293.1,311.62,359.07,271.49,241.7,226.11,315.58,273.72,219.59,256.38,258.24,240.44,203.64,196.97,156.83,122.26,134.75,101.69,102.71,75.52,58.2,50.14,15.48,24.34,15.03,17.29,9.11,6.95,6.31,3.89,3.47,3.14,3.1,2.23,2.45,1.73,1.61,1.72,1.89,1.73,1.67,1.39,1.5,1.43,1.43,1.48,1.19,1.29,1.44,1.25,1.27,1.14,1.26,1.12,1.1,1.14,1.09,1.1,1.14,1.13,1.05,1.1,1.06,1.04,1.06,1.08,1.07,1.06,1.05,1.01,1,1.05,1,1.03,1.01,1.01
399.02,374.79,394.35,350.22,313.3,376.4,343.38,421.62,401.37,337.76,382.53,356.46,444.85,355.56,364.8,316.78,354.02,349.04,389.32,326.23,381.86,340.66,344.18,355.91,356.07,339.81,404.42,297.32,338.12,299.84,255.93,348.77,258.27,288.63,222.61,238.28,224.05,227.52,204.93,168.34,155.98,102.09,90.31,98.85,57.11,65.83,39.08,40.05,21.53,21.66,10.14,3.79,6.38,5.8,3.01,5.44,3.96,2.74,2.12,2.38,2.52,2.24,1.51,2.25,2.07,1.75,1.64,1.67,1.38,1.45,1.25,1.29,1.34,1.19,1.32,1.25,1.16,1.11,1.12,1.16,1.16,1.13,1.11,1.03,1.1,1.15,1.08,1.08,1.02,1.06,1.05,1.1,1.03,1.04,1,1.03,1.08,1,1.03,1.03,1.03
383.23,472.89,342.78,390.73,357.91,333.85,468.09,400.8,352.18,369.68,357.46,320.07,308.98,424.73,293.97,398.69,390.93,384.16,373.74,326.46,311.92,321.68,289.32,308.63,341.2,389.69,310.91,316.06,330.31,295.93,290.1,263.56,277.83,279.17,225.77,159.26,200.98,224.59,216.23,118.42,130.44,129.15,96.57,91.11,63.15,57.68,42.02,47.09,20.63,13.97,11.32,9.6,4.08,5.22,4.46,4.27,2.75,2.69,2.95,2.39,2.25,2.63,1.86,1.71,1.8,2.29,1.41,1.5,1.56,1.49,1.37,1.45,1.43,1.26,1.18,1.26,1.22,1.23,1.16,1.12,1.09,1.14,1.11,1.14,1.11,1.17,1.07,1.02,1.06,1.01,1.02,1.05,1.05,1.02,1.03,1.01,1.01,1.03,1,1,1.01
378.28,394.27,470.76,417.73,418.33,344.25,404.71,418.91,347.18,364.47,327.2,415.73,383.65,341.47,377.68,355.59,399,339.99,317.71,314.38,355.77,337.16,298.46,345.41,364.31,327.72,318.09,294.65,330.98,239.98,281.57,260.14,311.32,181.9,193.86,223.97,206.68,207.25,121.58,119.19,163.7,127.56,140.25,79.58,46.99,44.33,32.89,29.11,8.72,21.2,10.32,10.77,10.25,5.93,7.12,4.62,2.68,4.65,3.5,2.05,1.84,2.15,2.17,1.54,1.67,1.63,1.58,1.29,1.58,1.44,1.42,1.24,1.28,1.17,1.27,1.27,1.31,1.28,1.24,1.09,1.08,1.05,1.1,1.17,1.16,1.1,1.03,1.07,1.03,1.05,1.04,1.03,1.05,1.03,1.01,1.01,1,1.02,1.03,1.04,1.01
395.84,343.07,369.14,361.71,357.92,422.83,418.6,374.55,304.67,411.09,459.02,405.42,354.42,355.08,415.04,328.65,359.32,345.16,406.4,326.84,336.61,304.94,363.79,329.98,331.58,357.37,336.45,287.75,273.01,239.78,347.22,258.68,273.41,223.19,239.32,197.16,239.59,219.2,153.14,157.61,139.07,104.56,90.03,74.26,68.58,62.8,25.81,26.65,14.45,10.22,13.46,11.53,10.48,4.16,3.62,4.72,4.04,3.12,3.15,2.55,2.28,2.48,2.42,1.87,1.81,1.54,1.85,1.47,1.78,1.59,1.24,1.3,1.23,1.12,1.27,1.18,1.14,1.2,1.27,1.23,1.16,1.14,1.12,1.08,1.09,1.05,1.09,1.07,1.04,1.08,1.04,1.05,1.02,1.03,1.04,1,1.03,1.01,1.02,1.01,1.02
365.04,402.12,372.51,367.65,444.76,380.56,397.27,426.35,383.66,370.93,392.7,329.38,412.29,300.13,299.29,394.5,411.16,393.39,370.77,370.22,388.38,365.19,314.19,316.58,290.81,335.28,289.72,289.83,311.3,328.12,262.6,259.23,239.3,234.72,164.26,218.36,174.27,214.99,165.23,106.68,161.18,118.28,120.93,96.63,59.87,34.45,31.2,30.37,21.03,27.48,8.77,9.85,9.98,4.95,6.65,3.59,4.66,2.83,1.96,2.44,2.34,2.35,1.9,1.7,1.59,1.71,1.83,1.48,1.41,1.62,1.25,1.29,1.55,1.32,1.36,1.16,1.27,1.32,1.16,1.17,1.04,1.15,1.1,1.06,1.11,1.13,1.05,1.06,1.07,1.03,1.03,1.1,1,1.03,1.12,1,1.03,1.04,1.02,1.01,1.02
349.54,385.13,414.5,376.59,326.35,437.06,334.95,340.04,429.31,347.79,365.93,341.55,336.23,389.93,420.1,352.58,350.85,341.19,333.87,289.22,366.54,311.31,332.5,301.29,256.71,331.2,324.09,324.82,347.3,246.68,335.28,270.48,308.61,232.04,175.26,238.01,187.97,191.32,143.23,192.01,105.41,93.71,83.54,97.51,35.57,61.44,37.26,29.68,29.51,14.45,14.76,12,8.51,6.52,5.01,3.83,3.36,3.85,1.84,3.02,2.19,2.85,2.59,2.1,1.85,1.9,1.56,1.83,1.46,1.37,1.29,1.39,1.25,1.25,1.32,1.21,1.12,1.22,1.17,1.08,1.11,1.19,1.05,1.07,1.07,1.09,1.03,1.08,1.07,1.09,1.06,1.03,1.01,1.03,1.07,1.01,1.01,1,1.02,1.01,1.03
421.19,313.15,338.77,375.34,304.58,365.92,382.98,357.41,396.64,378.9,392.48,294.44,409.54,415.84,420.98,389.14,349.72,320.9,289.72,385.4,328.29,366.08,370.13,344.74,321.78,308.87,277.54,315.23,296.78,298.96,269.33,253.49,257.46,296.02,255.91,175.26,190.37,200.77,185.54,135.26,149.65,128.81,95.88,75.6,46.73,44.54,37.21,35.58,29.77,21.81,7.02,11.75,5.89,4.18,6.56,7.63,3.3,3.82,2.97,3.95,2.22,2.43,1.63,2.06,1.82,2.01,1.62,1.64,1.42,1.56,1.56,1.35,1.18,1.29,1.32,1.15,1.28,1.23,1.21,1.11,1.15,1.17,1.15,1.13,1.19,1.09,1.15,1.08,1.12,1.12,1.07,1.03,1.05,1.08,1.03,1.02,1.06,1.02,1.01,1.03,1.01
406.47,414.56,356.44,383.41,382.83,345.27,436.53,349.35,289.26,357.22,370.58,413.56,379.61,423.3,330.2,301.06,366.06,389.32,300.51,279.68,268.16,311.37,380.63,343.68,309.19,385.58,301.12,233.1,248.43,223.86,280.77,240.06,261.19,230.22,204.12,174.64,221.27,169.88,173.67,139.7,117.51,119.22,96.97,60.63,32.8,53.99,31.82,25.94,21.53,16.28,13.7,7.11,7.67,4.91,4.9,4.2,4.2,4.29,2.83,3.1,2.73,1.86,2.66,2.08,1.85,2.09,2.12,1.65,1.67,1.59,1.54,1.33,1.29,1.39,1.27,1.24,1.18,1.17,1.24,1.14,1.17,1.1,1.08,1.09,1.15,1.11,1.05,1.09,1.03,1.13,1.07,1.03,1.07,1.06,1.04,1.01,1.03,1.03,1.04,1.04,1.03
396.43,407.88,299.14,374.28,396.82,287.68,397.31,343.69,372.66,326.51,405.75,402.15,348.99,332.83,353.89,314.08,339.19,364.44,315.95,348.11,339.76,346.93,422.95,299.71,337.45,303.17,321.51,308.51,306.56,303.24,254.86,205.67,234.32,216.63,185.91,186.7,167.24,173.95,140.28,143.98,138.15,101.11,79.25,66.98,47.09,45.39,38.64,35.34,13.05,21.4,14.91,13.97,6.52,9.4,4.59,2.58,3.36,3.9,3.38,3.01,2.27,2.18,1.9,1.84,2.27,1.68,1.93,1.59,1.46,1.39,1.59,1.43,1.4,1.36,1.27,1.35,1.28,1.42,1.2,1.18,1.11,1.22,1.08,1.09,1.14,1.05,1.12,1.11,1.06,1.08,1.07,1.09,1.06,1.04,1.05,1.04,1.02,1.03,1,1.03,1.02
376.91,350.98,306.89,387.76,373.39,343.41,345.08,381.04,433.05,358.09,406.63,350.93,329.07,351.16,329.22,406.82,329.03,273.49,323.9,319.62,294.12,300.52,296.77,258.92,293.02,317.96,272.5,330.5,310.6,298.55,244.07,256.65,233.41,256.43,185.29,225.97,179.55,186.29,156.01,119.23,116.13,65.56,69.1,49.8,82.26,40.72,37.01,32.66,23.73,17.52,11.84,14.41,9.56,7.57,7.19,4.28,3.5,3.73,2.16,2.71,2.9,3.13,2.21,1.92,1.92,1.97,1.5,1.64,1.59,1.55,1.49,1.4,1.36,1.41,1.4,1.19,1.36,1.19,1.32,1.19,1.16,1.22,1.12,1.1,1.11,1.11,1.05,1.05,1.05,1.08,1.03,1.06,1.07,1.06,1.03,1.03,1.03,1.04,1.02,1.04,1.03
361.17,381.65,388.58,324.63,358.76,485.25,371.61,350.87,449.19,381.01,359.87,324.44,320.4,375.22,404.18,336.91,300.38,393.4,277.24,332.61,330.6,295.65,353.01,358.29,307.57,287.36,344.11,323.79,271.9,227.94,241.32,234.4,200.34,219.84,195.42,230.03,192.51,157.19,168.62,144.58,131.25,80.92,102.17,58.85,44.1,29.22,29.19,18.93,21.43,12.05,17.99,10.79,14.36,5.07,4.1,4.41,3.6,3.42,3.58,2.55,3.08,2.29,2.36,2.67,2.19,1.5,1.98,1.67,1.61,1.71,1.78,1.5,1.49,1.44,1.36,1.26,1.26,1.31,1.24,1.17,1.14,1.18,1.11,1.1,1.17,1.15,1.08,1.09,1.09,1.09,1.09,1.11,1.07,1.04,1.08,1.04,1.04,1.02,1.07,1.02,1.01
360.83,344.05,341.55,344.23,320.87,319.05,364.32,409.79,337.46,415.76,347.96,371.05,350.44,381.29,321.48,377.05,325.59,358.77,323.62,292.21,272.16,317.28,323.07,346.01,297.4,295.1,195.85,325.9,263.78,266.74,224.31,255.05,263.29,234.45,194.89,188.52,138.23,175.08,145.45,101.42,98.61,119.61,86.71,82.43,45.88,53.19,31.14,26.6,20.86,22.88,9.74,14.48,5.69,3.57,5.15,4.84,4.26,3.78,3.06,2.81,3.02,2.37,2.32,2.54,1.99,1.87,1.78,1.51,1.71,1.62,1.66,1.42,1.48,1.4,1.27,1.19,1.12,1.22,1.23,1.19,1.17,1.22,1.16,1.13,1.13,1.12,1.05,1.16,1.09,1.02,1.05,1.05,1.07,1.12,1.06,1.09,1.04,1.03,1.06,1.06,1.03
390.05,385.32,329.68,366.78,325.07,414.15,404.77,380.41,404.46,313.45,459.02,412.89,424.59,283.07,365.3,328.59,341.34,324.75,303.06,338.12,364.91,419.08,423.58,312.37,394.39,292.33,362.4,269.7,281.27,271.05,197.95,232.95,192.77,193.22,139.89,157.26,211.69,156.15,140.34,118.24,124.11,78.7,102.65,67.85,56.38,44.1,30.3,23.92,13.45,26.49,15.94,7.85,4.83,5.94,4.23,5.52,3.96,5.94,3.97,2.75,3.28,2.33,2.62,2.29,1.91,1.62,1.61,1.5,1.69,1.69,1.5,1.43,1.48,1.35,1.3,1.29,1.43,1.26,1.3,1.27,1.18,1.14,1.2,1.16,1.07,1.08,1.09,1.11,1.09,1.1,1.09,1.09,1.08,1.04,1.03,1.05,1.07,1.05,1.05,1.03,1.04
344,419.68,376.95,359.18,401.7,381.35,294.19,416.03,436.27,354.04,376.74,325.3,374.77,326.59,338.85,352.32,297.25,341.81,356.47,339.6,312.1,351.56,271.6,289.81,334.05,293.18,262.78,256.81,278.39,206.56,261.95,237.22,190.24,189.47,122.87,149.23,160.22,145.02,129.79,105.2,90.29,55.63,58.74,76.53,42.26,56.31,35.59,31.52,25.07,11.52,15.66,8.81,9.2,7.68,6.21,2.63,3.63,3.76,3.84,2.23,2.6,3.07,2.38,2.29,2.01,1.69,2.08,1.77,1.84,1.68,1.65,1.62,1.4,1.42,1.28,1.39,1.33,1.35,1.22,1.12,1.08,1.12,1.06,1.15,1.17,1.15,1.14,1.09,1.07,1.09,1.12,1.07,1.06,1.1,1.02,1.02,1.03,1.05,1.05,1.03,1.05
380.36,377.56,368.57,394.34,365.07,404.46,372.49,407.69,401.83,382.96,426.5,384.32,258.81,400.07,416.73,325.13,281.04,352.52,401.55,291.64,344.95,289.73,297.88,294.04,301.13,287.43,310.63,252.56,292.69,216.55,184.77,236.57,171.71,159.9,171.96,168.71,182.31,183.64,134.04,105.9,64.74,112.95,81.05,48.35,49.32,44.91,37.73,23.16,22.03,17.48,8.38,8.26,7.68,5.43,6.16,5.04,4.16,4.3,3.75,3.66,2.29,2.89,3.3,2.06,1.66,1.68,1.78,2.02,1.58,1.55,1.45,1.59,1.45,1.34,1.33,1.27,1.32,1.23,1.13,1.16,1.31,1.21,1.26,1.14,1.18,1.12,1.08,1.12,1.11,1.08,1.15,1.09,1.03,1.13,1.11,1.09,1.05,1.06,1.05,1.05,1.02
451.38,345.78,333.21,451.08,380.08,418.35,325.75,357.98,315.45,369.15,367.95,356.97,303.04,433.37,368.55,357.57,293.55,328.54,329.04,355.77,305.16,337.3,279.86,273.65,296.5,216.96,327.42,243.87,268.45,246.34,220.74,178.8,188.09,181.58,166.6,149.95,184.35,136.49,95.94,131.51,127.72,74.77,68.96,55.96,55.24,37.47,24.51,30.37,17.47,11.5,9.9,13.12,4.99,4.77,9.81,3.78,4.49,4.35,2.83,3.49,2.26,2.7,2.66,2.26,1.82,1.74,1.89,1.7,1.83,1.75,1.51,1.37,1.52,1.42,1.36,1.27,1.23,1.55,1.37,1.36,1.33,1.22,1.14,1.26,1.26,1.17,1.12,1.07,1.13,1.07,1.05,1.09,1.07,1.06,1.03,1.08,1.06,1.05,1.03,1.02,1.02
397.43,374.36,342.42,363.01,348,393.92,341.11,373.72,374.58,391.18,352.1,416.75,394.99,359.5,355.1,334.21,299.55,308.86,410.33,360.61,303.89,239.72,240.63,313.76,335.69,268.06,254.09,290.81,202.24,309.34,243.11,198.73,208.39,215.73,137.14,136.91,169.37,93.56,112.28,99.27,95.49,77.83,53.19,51.97,42.49,43.29,29.67,23.13,16.02,15.28,20,13.84,5.63,5.26,7.05,5.53,4.69,3.6,3.43,3.24,3.18,2.33,2.01,2.54,2.95,2.19,1.89,1.9,1.8,1.66,1.48,1.55,1.46,1.36,1.42,1.38,1.28,1.31,1.45,1.33,1.23,1.18,1.19,1.16,1.2,1.13,1.13,1.14,1.14,1.13,1.1,1.09,1.09,1.09,1.1,1.08,1.06,1.02,1.05,1.07,1.04
367.66,447.3,360.28,421.07,386.27,322.97,406.61,322.91,330.74,310.57,296.74,345.06,321.81,287.9,324.88,369.35,357.72,356.93,337.69,318.35,243.07,388.86,287.14,301.99,304.41,291.46,251.37,281.03,200.78,257.44,232.61,183.52,229.99,199.76,157.42,211.01,164.27,108.22,100,106.16,96.23,74.58,88.72,34.35,58.13,29.33,19.29,37.65,13.09,15.75,6.87,12.09,5.51,8.91,4.24,6.05,5.78,2.61,3.27,2.44,2.6,2.33,2.73,2.19,1.96,2.3,1.66,1.89,1.62,1.67,1.89,1.58,1.49,1.37,1.44,1.5,1.27,1.4,1.38,1.32,1.24,1.14,1.21,1.28,1.21,1.18,1.17,1.18,1.08,1.12,1.08,1.08,1.08,1.04,1.04,1.11,1.07,1.06,1.03,1.03,1.05
400.53,326.92,417.64,419.24,375.49,424.97,327.57,371.24,336.88,367.85,301.13,351.27,361.73,377,298.16,356.44,286.23,393.86,354.02,264.93,353.63,284.74,346.52,298.95,318.33,260.85,301.29,249.14,300.28,177.78,172.46,221.14,161.24,218.02,153.76,135.99,153.28,150.64,145.37,124.11,109.71,80.54,61.81,51.12,46.94,37.32,33.02,29.48,20.92,19.75,5.85,9.14,10.68,6.42,4.34,4.07,2.91,4.38,3.48,3.22,3.14,2.81,1.83,1.97,1.93,2.07,2.26,2.25,1.73,1.47,1.6,1.57,1.48,1.65,1.51,1.43,1.4,1.34,1.23,1.42,1.23,1.23,1.23,1.11,1.23,1.23,1.15,1.1,1.15,1.19,1.07,1.11,1.05,1.07,1.05,1.07,1.03,1.05,1.02,1.08,1.04
325,379.58,388.75,405.86,356.19,321.41,346.3,377.34,360.22,335.57,321.98,300.82,293.23,296.44,337.97,306.5,269.97,331.83,359.83,412.14,281.11,352.08,325.92,261.55,302.02,345.7,291.85,304.03,215.2,268.61,278.26,231.8,181.6,184.02,181.71,179.07,133.99,126.73,114.27,101.58,82.87,53.01,55.43,42.17,37.58,36.34,37.54,29.2,17.02,22.7,8.46,10.63,10.99,5.57,5.92,5.76,4.54,3.89,3.68,2.67,3.62,2.39,2.44,2.2,2.25,2.21,1.82,1.89,1.95,2.13,1.97,1.82,1.46,1.52,1.82,1.46,1.31,1.45,1.45,1.31,1.19,1.22,1.22,1.12,1.22,1.17,1.2,1.27,1.06,1.14,1.11,1.05,1.13,1.07,1.02,1.04,1.08,1.08,1.03,1.04,1.04
396.03,364.23,369.75,403.89,390.08,315.71,325.51,343.63,305.36,390.97,409.65,285.76,369.93,350.9,282.64,330.86,354.32,311.22,279.69,220.27,346.35,280.71,284.89,328.93,249.76,219.04,309.74,244.13,224.15,198.54,213.81,222.14,171.69,196.55,181.62,169.02,171.97,127.02,137.72,103.37,68.33,68.58,55.96,66.95,38.85,28.89,30.42,30.22,19.73,10.63,12.7,11.37,6.47,5.25,5.13,4.62,3.84,4.63,3.52,3.32,2.68,2.46,1.99,2.73,2.33,1.91,1.87,1.98,1.86,1.73,1.55,1.92,1.69,1.78,1.52,1.35,1.45,1.38,1.22,1.42,1.33,1.21,1.35,1.25,1.17,1.3,1.13,1.16,1.16,1.12,1.11,1.1,1.1,1.09,1.04,1.12,1.08,1.05,1.03,1.04,1.08
370.06,412.42,341,408.97,390.92,374.28,288.52,404.02,361.31,372.04,276.23,277.59,324.14,335.63,342.33,344.51,325.12,274.25,373.89,282.56,278.97,296.77,322.7,276.36,309.89,287.92,175.53,284.73,234.4,198.16,249.48,140.25,210.28,238.07,155.32,139.41,105.58,144.87,93.44,91.41,80.55,74.57,62.77,66.05,42.93,28.44,23.6,27.14,13.64,18.26,5.19,9.82,7.15,6.55,6.03,5.17,3.55,4.26,3.88,4,3.34,3.24,3.05,2.3,1.79,1.76,2.55,1.85,1.65,1.55,1.54,1.6,1.32,1.56,1.56,1.43,1.51,1.27,1.28,1.19,1.28,1.29,1.16,1.33,1.12,1.24,1.22,1.15,1.11,1.13,1.05,1.18,1.1,1.13,1.08,1.05,1.05,1.09,1.05,1.04,1.1
413.86,374.2,384.11,376.54,424.41,369.48,447.26,433.63,395.16,354.86,296.59,359.11,356.08,295.85,404.19,300.76,350.82,406.77,298.8,300.83,309.09,282.26,339.97,256.36,283.68,283.84,231.29,255.82,246.04,213.13,187.11,186.32,192.32,180.02,173.02,116.04,138.32,117.84,104.13,87.13,69.22,84.46,45.41,63.68,50.95,18.69,22.35,21.44,13.81,16.16,8.78,9.88,11.78,5.02,7.95,4.58,5.88,3.73,3.19,2.85,2.96,2.93,2.91,2.86,1.97,1.99,2.03,1.82,1.55,1.87,1.67,1.73,1.47,1.56,1.61,1.42,1.52,1.56,1.34,1.27,1.39,1.2,1.18,1.25,1.14,1.25,1.21,1.15,1.19,1.11,1.12,1.11,1.17,1.09,1.07,1.16,1.04,1.02,1.12,1.07,1.1
370.23,312.88,429.34,393.35,361.29,393.56,349.82,396.73,403.29,366.69,357.52,345.9,275.68,250.33,365.62,329.69,329.31,290.06,269.75,307.46,296.91,271.85,308.79,248.99,301.88,236.28,297.65,264.63,192.74,228.91,203.71,196.03,184.98,166.59,152.26,131.56,115.11,81.33,76.65,106.85,62.18,45.76,47.54,57.42,64.42,24.18,24.12,20.23,21.56,16.07,14.65,7.41,14.4,4.99,8.03,4.67,3.52,5.88,3.49,3.13,2.67,4.34,3.42,1.98,2.36,2.35,1.89,1.95,2.3,1.82,1.76,1.82,1.62,1.65,1.57,1.35,1.46,1.24,1.29,1.37,1.33,1.27,1.24,1.24,1.3,1.18,1.17,1.13,1.11,1.09,1.15,1.13,1.12,1.12,1.08,1.07,1.06,1.07,1.11,1.07,1.08
396.02,363.18,326.52,370.48,395.62,387.18,372.28,365.49,371.48,367.04,366.29,396.03,415.03,359,359.4,296.7,295.45,359.81,294.52,315.21,314.32,272.17,315.89,209.23,271,229.63,309.98,227.32,234.06,218.01,221.49,197.39,213.29,169.36,128.97,158.96,116.57,142.16,98.17,104.25,90.37,62.43,60.45,49.78,54.93,25.84,16.8,18.67,22.16,14.97,17.45,8.04,5.39,7.98,4.84,6.53,3.53,4.65,3.6,3.33,3.83,2.71,2.69,3.06,2.1,1.95,2.25,2.31,2.09,2.08,1.84,2.03,1.61,1.87,1.48,1.55,1.51,1.34,1.47,1.38,1.42,1.38,1.24,1.27,1.21,1.15,1.26,1.23,1.13,1.18,1.16,1.08,1.25,1.17,1.11,1.11,1.03,1.02,1.06,1.05,1.07
392.38,335.8,353.96,360.77,331.33,417.83,364.38,340.74,297.16,335.03,339.56,315.37,321.16,306.13,274.19,328.19,286.83,288.76,288.89,295.19,252.21,287.97,271.04,179.3,253.06,191.22,196.84,198.28,166.48,215.91,179.22,190.7,191.5,171.32,133.93,169.62,140.55,108.14,108.83,93.85,62.65,60.36,37.85,39.54,41.17,26.03,30.36,14.99,17.82,14.78,12.64,10.13,10.7,4.73,5.92,6.71,4.67,4.9,3.62,3.8,2.89,2.75,2.73,3.11,2.85,2.49,2.11,2.99,1.92,1.93,1.93,1.52,1.64,1.68,1.7,1.58,1.42,1.42,1.38,1.39,1.34,1.49,1.32,1.24,1.37,1.26,1.19,1.24,1.22,1.14,1.15,1.16,1.18,1.13,1.06,1.1,1.09,1.08,1.06,1.14,1.09
383.22,361.7,346.65,361.74,347.54,348.07,304.52,315.99,354.79,413.33,347.74,314.51,294.01,300.21,316.82,245.63,313.54,300.8,298.7,290.32,277.78,271.51,326.12,246.93,225.98,189.74,198.54,203.87,241.72,201.52,175.59,148.15,189.51,186.54,112.76,180.84,110.21,100.62,102.16,94.36,80.28,65.32,50.09,53.45,35.7,22.2,22.76,16.97,14.16,9.47,11.87,12.66,8.75,8.83,5.34,4.42,4.43,4.1,4.12,5.2,3.39,3.09,2.29,2.99,3.06,2.05,2.56,1.94,2.13,1.9,1.76,2.25,1.68,1.48,1.52,1.57,1.54,1.67,1.47,1.38,1.34,1.14,1.26,1.31,1.2,1.12,1.4,1.32,1.21,1.19,1.2,1.11,1.1,1.12,1.12,1.06,1.1,1.1,1.05,1.13,1.12
367.69,402.02,446.71,333.65,356.71,327.52,332.12,354.14,324.63,272.95,323.93,344.33,299.35,275.55,345.11,291.72,300.62,280.15,319.95,283.24,321.44,298.57,277.81,265.39,229.56,208.67,209.94,219.14,255.05,222.3,165.71,196.88,175.51,146.15,129.49,141.51,99.44,95.61,112.63,56.91,61.63,67.59,36.18,44.97,37.36,23.09,30.93,25.61,22.59,21.45,7.2,12.51,9.24,8.14,5.5,5.33,4.83,5.35,5,5.48,2.63,3.64,2.8,2.68,2.04,2.15,2.37,2.15,2.25,1.58,1.84,1.71,1.56,1.76,1.49,1.38,1.32,1.43,1.74,1.32,1.36,1.51,1.28,1.44,1.2,1.27,1.18,1.25,1.17,1.15,1.2,1.11,1.22,1.16,1.1,1.09,1.13,1.08,1.07,1.09,1.04
338,359.86,366.69,356.8,379.28,383.74,330.72,337.66,274.85,354.68,307.38,296.46,390.99,319.43,297.05,257.37,288.28,317.7,253.96,251.55,311.01,233.75,270.26,274.7,206.26,176.18,184.79,205.48,248.02,181.48,186.4,197.51,159.02,163.25,137,141.33,149.26,122.22,63.8,104.81,77.1,49.78,50.09,49.14,39.52,26.46,28.74,14.47,18.65,18.16,17.61,13.78,9.96,5.93,5.51,7.79,4.99,4.88,5.09,4.05,3.79,4.01,3.08,3.16,1.78,2.55,2.1,1.9,2.07,1.84,1.54,1.63,1.57,1.6,1.39,1.37,1.46,1.31,1.24,1.58,1.29,1.32,1.34,1.3,1.2,1.24,1.24,1.11,1.12,1.29,1.18,1.14,1.19,1.12,1.05,1.16,1.09,1.07,1.07,1.07,1.06
337.33,348.52,417.81,295.46,391.09,358.36,311.49,380.77,361.63,352.28,350.73,248.05,311.26,328.46,255.39,353.27,316.09,283.08,265.39,249.18,298.42,298.25,266.7,291.36,225.32,210.18,211.67,263.93,161.13,206.55,158.09,149.33,150.77,151.27,144.35,83.38,88.66,141.78,87.63,78.22,70.2,61.91,57.23,46.94,46.12,33.83,12.44,14.1,19.18,18.17,9.88,7.93,5.82,7.34,6.8,6.44,3.82,4.74,2.82,5.12,3.61,2.77,3.92,2.41,2.64,2.68,2.7,1.89,2.25,1.83,1.78,1.9,1.66,1.84,1.69,1.49,1.37,1.68,1.49,1.29,1.29,1.35,1.39,1.2,1.25,1.4,1.25,1.25,1.31,1.12,1.14,1.16,1.17,1.18,1.09,1.11,1.08,1.09,1.05,1.03,1.06
448.74,357.46,325.56,366.05,392.91,277.33,376.64,305.71,311.09,354.33,304.52,293.98,312.93,334.56,294.71,255.35,307.98,278.16,293.91,305.05,288.28,240.48,260.79,259.8,236.27,175.3,217.6,178.11,208.27,196.49,198.73,169.3,173.44,139.17,145.01,108.53,120.97,105.77,93.12,103.51,49.53,38.03,54.38,53.87,35.99,15.77,19.6,13.57,21.35,16.07,12.29,5.04,10.72,5.11,4.75,4.63,7.62,5.15,4.22,4.53,3.39,2.93,3.13,3.46,2.67,2.14,2.26,1.98,2.31,2.19,1.87,1.61,1.78,1.83,1.85,1.78,1.38,1.52,1.3,1.29,1.22,1.29,1.44,1.44,1.34,1.16,1.41,1.17,1.39,1.13,1.14,1.22,1.07,1.24,1.08,1.05,1.11,1.1,1.08,1.11,1.11
359.56,421.57,381.91,286.53,280.66,297.05,316.98,297.47,397.07,291.09,267.99,252.35,329.97,262.3,272.95,241.82,272.47,275.19,309.61,258.41,230.27,225.5,214.81,245.31,227.53,234.24,170.56,203.49,142.8,157.2,155.86,174.89,158.32,101.32,122.44,120.49,154.7,91.32,61.78,84.8,59.71,51.53,48,37.1,36.14,34.19,29.65,23.65,26.42,12.43,11.31,10.65,10.58,7.63,5.03,6.21,4.49,4.62,3.7,5.18,4.01,3.58,2.68,3.74,2.64,2.89,2.55,2.02,2.35,1.81,1.98,1.76,1.68,1.63,1.68,1.67,1.81,1.65,1.53,1.36,1.38,1.3,1.38,1.41,1.33,1.34,1.21,1.25,1.16,1.16,1.25,1.21,1.23,1.23,1.13,1.15,1.24,1.13,1.07,1.11,1.07
433.63,343.02,345.84,365.55,373.2,408.02,374.37,357.15,328.68,268.25,292.9,285.91,394.33,279.88,299.26,331.24,322.9,304.64,229.37,189.78,311.96,209.26,285.64,248.71,221.13,222.38,188.34,198.85,187.91,179.26,185.87,170.07,168.54,125.49,149.05,118.84,106.29,88.48,89.47,65.14,66.33,51.98,39.85,36.2,34.89,34.46,25.62,15,24.79,22.29,15.82,10.69,9.93,7.52,7.57,4.06,5.31,3.62,4.47,3.56,3.68,2.57,2.31,3.38,2.41,2.65,2.25,2.27,1.7,2.07,2.26,2,2,1.79,1.56,1.96,1.55,1.75,1.4,1.36,1.55,1.36,1.42,1.35,1.24,1.33,1.23,1.26,1.34,1.2,1.21,1.27,1.19,1.12,1.11,1.22,1.16,1.1,1.11,1.09,1.08
365.16,390.86,308.9,245.84,333.67,349.84,365.11,376.66,338.33,294.67,326.65,308.46,274.86,284.87,262.03,338.46,330.68,267.64,266.98,257.31,270.48,275.99,218.23,199.59,260.52,183.8,252.61,181.74,219.91,199.3,164.83,140.07,122.15,112,135.46,100.22,104.31,80.13,59.58,79.43,51.72,59.04,46.47,45.04,20.43,40.98,24.66,13.56,14.18,11.92,11.42,9.08,13.08,6.07,5.03,6.95,5.33,4.36,4.16,3.24,2.45,3.86,3.49,3.31,2.06,1.96,2.16,2.56,1.78,2.34,2.11,1.85,1.86,1.71,1.82,2.01,1.4,1.42,1.72,1.31,1.32,1.45,1.33,1.29,1.26,1.35,1.26,1.31,1.32,1.18,1.23,1.19,1.17,1.15,1.03,1.2,1.08,1.16,1.09,1.08,1.13
340.54,367.69,286,316.24,361.32,388.63,326.65,343.74,315.96,269.68,432.46,351.61,284.53,363.59,332.26,238.41,375.05,275.34,236.55,320.67,210.41,235.03,275.88,279.78,223.17,217.63,209.57,181.97,200.95,169.82,113.51,146.8,162.22,117.75,117.84,113.65,102.99,85.86,73.94,73.72,71.04,63.64,34.86,41.59,44.69,25.01,23.17,18.91,14.42,10.74,8.07,10.07,10.62,5.66,6.06,5.19,5.02,5.19,4.18,3.66,3.08,3.38,3,2.95,2.94,2.83,3.02,2.05,2.54,2.08,1.84,1.9,1.9,1.57,1.52,1.78,1.63,1.38,1.53,1.45,1.72,1.38,1.33,1.44,1.44,1.37,1.3,1.26,1.29,1.25,1.31,1.13,1.12,1.25,1.18,1.12,1.14,1.12,1.12,1.17,1.1
357.61,342.49,311.92,372.56,317.12,271.96,328.5,297.29,353.18,323.84,290.74,381.84,300.41,268.08,283.88,305.41,275.66,325.95,275.57,295.7,212.95,270.77,212.1,210.87,199.35,217.18,200.22,211.11,181.48,168.44,118.13,164.11,132.42,121.4,125.5,81.91,98.06,101.49,110.81,73.46,51.92,74.77,49.12,35.21,28.29,23.31,14.92,26.49,18.4,11.86,13.29,9.34,9.82,5.34,8.33,6.4,8.15,5.87,3.5,4.28,3.37,2.87,3.2,2.67,2.16,3.47,2.63,1.83,2.24,1.78,2.48,2.01,1.8,1.99,2.01,1.91,1.58,1.39,1.51,1.44,1.26,1.5,1.44,1.31,1.25,1.32,1.34,1.23,1.21,1.37,1.23,1.17,1.15,1.22,1.22,1.16,1.11,1.15,1.15,1.09,1.09
299.56,333.84,317.79,327.89,392.31,319.96,294.86,323.11,336.55,309.65,274.78,306.47,308.34,393.92,297.86,313.38,257.13,202.19,293.87,237.92,261.61,254.77,155.97,181.48,244.37,199.66,188.76,186.85,174.73,183.48,181.52,189.17,150.64,105.76,71.04,96.07,92.49,65.44,63.88,73.96,51.42,49.72,32.05,32.95,17.4,20.22,22.13,24.27,10.96,8.57,11.71,10.81,5.38,6.56,6.33,7.15,3.55,4.28,4.37,3.92,2.74,2.62,3.03,3.49,2.2,2.26,3.17,2.07,1.65,1.81,2.06,1.79,1.73,1.69,1.7,2.12,1.46,1.83,1.41,1.48,1.62,1.56,1.37,1.25,1.38,1.43,1.32,1.24,1.26,1.21,1.25,1.07,1.11,1.17,1.25,1.17,1.11,1.06,1.19,1.19,1.19
356.74,394.77,321.42,349.93,382.72,310.21,295.08,271.59,313.79,342.73,316.29,302.44,306.73,329.81,307.96,293.22,233.45,266.11,208.68,255.34,206.84,234.12,212.31,247.77,259.95,177.41,218.58,176.13,192.07,143.77,146.53,101.58,161.98,102.48,97.23,107.01,99.99,77.16,79.96,84.98,75.77,60.17,50.53,18.11,32.33,25.77,19.73,23.65,10.37,11.98,9.88,16.57,11.92,7.51,7.13,4.27,6.49,4.77,4.59,3.88,4.05,2,4.05,3.71,2.7,2.93,2.68,3.22,2.38,2.05,1.84,1.47,2,1.79,1.76,1.88,1.76,1.59,1.28,1.55,1.39,1.32,1.39,1.57,1.26,1.46,1.33,1.24,1.25,1.25,1.36,1.19,1.24,1.31,1.21,1.12,1.1,1.2,1.07,1.14,1.11
342.25,316.6,282.9,285.97,334.93,357.96,331.65,323.13,265.94,319.5,262.71,297.81,256.28,316.26,337.88,271.65,262.05,238.38,302.71,262.05,229.43,225.38,199.84,230.3,190.54,187.95,195.95,136.88,176.5,156.01,167.22,146.8,127.78,130.75,106.47,97.74,85.64,57.27,61.85,67.95,56.95,64.78,26.04,37.53,23.84,14.76,21.1,10.82,10.47,12.06,10.98,11.22,12.85,8.61,9.63,6.38,4.31,4.41,5.17,3.47,4.15,3.86,2.99,3.67,3.12,2.58,2.21,2.18,2.32,2.71,2.21,1.77,1.88,1.89,1.6,2.2,1.66,1.63,1.55,1.44,1.33,1.45,1.31,1.33,1.59,1.58,1.2,1.4,1.34,1.46,1.12,1.19,1.28,1.16,1.16,1.11,1.15,1.23,1.1,1.22,1.18
342.31,371.81,364.45,378.44,261.86,417.05,351.84,262.9,354.42,318.2,278.86,315.91,295.32,305.79,256.21,326.41,272.56,286.71,261.53,261.63,202.54,253.51,221.61,215.99,188.15,211.77,174.85,204.25,130.9,159.96,119.87,144.68,157.37,85.56,104.84,118.71,70.49,84.75,55.55,43,63.99,38.23,29.64,37.65,28.18,26.58,29.85,13.68,9.24,21.14,9.26,5.23,10.95,6.64,8.41,5.77,4.86,5.08,4.31,3.96,3.12,3.67,5.33,3.57,2.41,2.86,2.53,2.14,2.73,2.31,2.15,1.61,2.05,1.71,1.97,1.87,1.64,1.87,1.68,1.36,1.47,1.36,1.41,1.33,1.45,1.31,1.42,1.31,1.35,1.29,1.21,1.21,1.23,1.21,1.3,1.24,1.18,1.1,1.14,1.12,1.06
291.45,333.32,282.02,341.07,331.37,365.15,263.75,315.9,373.94,302.39,264.54,307.31,293.96,255.48,309.77,325.4,253.55,233.21,294.24,187.44,188.83,231.33,196.47,245.64,210.68,229.09,189.44,185.06,130.8,176.28,144.46,110.86,109.27,99.99,118.77,95.26,125.91,95.6,80.64,45.35,55.58,40.4,37.69,21.62,34.82,22.61,25.83,15.34,17.84,18.89,10.15,7.35,11.58,8.75,4.23,7.14,6.48,3.36,4.12,3.79,3.59,3.39,2.95,3.17,2.91,2.8,1.95,2.13,2.26,2.31,2.24,2.19,2.27,1.98,1.53,1.7,1.65,1.53,1.57,1.57,1.79,1.54,1.51,1.43,1.5,1.27,1.38,1.35,1.44,1.2,1.44,1.4,1.24,1.27,1.26,1.2,1.1,1.11,1.13,1.19,1.21
324.43,266.95,374.05,372.62,294.48,279.27,351.48,296.37,306.2,326.83,293.42,260.23,233.65,329.49,330.01,254.83,257.41,263.19,204.32,233.4,218.88,227.54,201.4,256.24,212.14,192.43,185.01,190.11,119.29,164.56,169.32,110.28,135.72,93.32,106.86,76.06,102.9,81.17,58.32,70.58,41.66,56.29,39.1,36.62,27.76,34.58,28.68,24.44,17.66,15.89,10.88,13.25,9.34,8.39,8.92,5.48,6.13,5,3.32,4.39,3.41,3.14,2.5,3.55,2.91,2.47,2.78,2.57,2.42,2.21,1.9,2.37,1.89,1.95,1.66,1.95,1.63,1.85,1.79,1.75,1.58,1.34,1.54,1.49,1.46,1.33,1.39,1.22,1.34,1.33,1.24,1.23,1.33,1.17,1.22,1.12,1.18,1.16,1.28,1.19,1.18
383.51,336.51,321.13,351.69,336.11,327.62,348.18,282.22,321.86,233,278.04,268.07,278.13,261.89,240.84,263.98,262.49,273.82,201.23,214.58,231.98,253.88,212.57,214.79,203.92,197,216.02,145.53,134.04,114.47,191.74,130.59,87.18,146.55,92.03,98.65,64.99,94.95,42.83,48.37,38,32.3,35.18,27.55,31.61,29.29,14.47,14.72,14.62,16.11,8.91,9.79,15.23,6.44,8.67,5.9,2.9,4.25,4.37,5.55,4.09,3.34,2.67,3.5,3.28,2.53,2.63,3.02,1.68,1.79,2.01,2.04,1.96,2.33,1.54,1.54,1.74,1.82,1.68,1.64,1.43,1.51,1.63,1.45,1.54,1.42,1.32,1.28,1.36,1.35,1.37,1.37,1.19,1.26,1.38,1.25,1.25,1.26,1.23,1.18,1.2
269.77,302.26,295.08,284.62,354.39,317.94,388.66,298.4,333.75,297.41,304.09,311.52,228.1,314.29,323.52,299.04,262.01,248.79,235.08,273.74,195.44,229.44,200.44,239.83,239.1,200.5,193.78,175.54,153.34,122.92,180.66,105.48,126.89,91.52,78.9,102.47,80.68,74.49,84.67,76.36,40.23,49.34,39.2,18.76,36.66,33.48,23.83,20.29,19.25,10.86,14.33,10.5,6.88,7.67,3.78,9.08,7.39,6.03,3.48,3.51,3.1,2.77,2.8,4.16,3.39,2.42,2.96,1.75,2.21,3.5,2.26,3.08,2.13,2.09,1.92,1.85,1.71,1.69,2.11,1.8,1.63,1.52,1.58,1.33,1.61,1.48,1.64,1.42,1.31,1.38,1.43,1.18,1.25,1.3,1.24,1.32,1.24,1.2,1.14,1.2,1.28
303.41,347.43,389.47,280.48,311.12,320.96,312.55,301.44,294.56,296.44,323.96,305.22,304.25,266.14,326.34,294.57,225.81,232.79,280.39,265.92,220.99,206.82,216.1,153.11,179.35,189.52,176.22,144.43,161.91,185.97,100.56,149.12,111.43,93.69,81.03,82.65,87.31,55.7,79.53,44.46,59,50.76,35.39,21.33,29.71,21.3,23.78,14.28,18.96,14.65,8.66,10.74,12.68,7.72,6.98,6.44,3.44,7.18,2.86,4.29,4.09,3.23,3.38,2.57,3.28,2.7,2.91,2.5,2.52,1.97,1.62,1.77,2.11,1.75,1.88,2.39,1.85,1.85,1.72,1.89,1.4,1.4,1.62,1.45,1.45,1.37,1.54,1.27,1.36,1.19,1.33,1.38,1.42,1.27,1.25,1.27,1.16,1.16,1.17,1.2,1.2
329.24,290.23,328.98,343.7,353.64,273.76,285.31,266.99,274.65,344.75,326.25,256.91,270.21,292.81,257.15,274.78,255.35,258.51,174.93,279.79,213.5,210.15,234.33,201.99,221.46,222.45,185.7,155.71,142.66,168.92,138.17,119.43,110.58,99.53,106.28,104.28,78.53,75.98,39.36,45.79,46,36.28,33.39,18.91,26.75,22.88,19.59,16.57,6.84,9.8,12.35,8.73,7.5,6.66,6.35,7.14,4.85,3.89,3.08,5.74,4.52,4.02,2.59,3.51,4.93,3.33,2.98,2.49,3.01,2.7,2.22,1.97,2.49,1.76,2.22,1.96,1.88,1.73,1.76,1.63,1.63,1.46,1.33,1.47,1.58,1.4,1.49,1.29,1.24,1.35,1.35,1.36,1.25,1.41,1.37,1.16,1.25,1.21,1.18,1.17,1.13
345.2,286.28,314.04,307.49,329.02,290.73,333.88,271.03,226.73,311.99,249.29,241.43,148.86,273.74,282.29,264.48,231.34,172.1,211.65,236.24,247.97,204.85,220.1,221.83,219.84,150.99,163.99,176.71,119.11,131.85,112.81,130.75,81.06,82.27,55.9,59.69,66.67,76.95,76.43,54.85,50.06,58.76,33.92,21.16,28.78,23.67,18.53,13.32,24.07,10.28,22.77,16.7,9.69,10.75,7.74,9.27,5.29,4.68,5.37,3.93,2.95,2.74,2.96,2.7,3.32,3.62,3.07,2.67,1.97,2.59,2.18,2.01,2.45,2.36,1.97,1.75,1.62,1.84,1.82,1.34,1.67,1.45,1.58,1.46,1.18,1.44,1.23,1.36,1.5,1.3,1.5,1.26,1.3,1.29,1.41,1.35,1.2,1.18,1.11,1.11,1.15
327.66,343.1,249.97,269.44,238.82,305.17,277.44,284.92,274,290.41,340.15,246.88,292.95,291.21,224.19,229.28,220.52,171.06,194.98,274.77,184.98,192.04,227.89,242.64,156.44,196.33,163.06,116.93,162.04,128.79,117.02,122.14,117.38,107.64,90.59,89.21,69.43,72.26,45.05,48.71,41,29.92,39.09,44.57,26.47,25.21,19.19,18.36,13.14,19.07,12.28,8.06,8.79,5.29,5.34,5.13,5.32,4.71,4.29,3.64,4.68,3.13,3.23,2.91,2.66,2.49,2.72,2.73,2.41,2.82,2.56,2.24,2.69,1.88,1.87,1.9,1.87,1.63,1.48,1.78,1.69,1.5,1.46,1.58,1.29,1.34,1.34,1.41,1.36,1.45,1.46,1.26,1.45,1.31,1.25,1.33,1.2,1.21,1.2,1.23,1.17
349.73,331.85,291.71,297.86,319.83,275.32,315.26,245.74,291.42,315.51,246.69,246.61,233.96,221.99,180.77,233.85,245.83,185.84,233.99,218.44,206.39,220.35,176.04,196.53,151.66,136.27,139.46,149.86,130.32,141.27,116.46,114.12,95.86,95.89,99.13,79.14,67.24,72.92,37.85,35.33,54.26,28.06,40.73,32.3,28.03,10.74,18.69,27.6,18.71,14.28,6.72,13.91,7.41,7.47,5.94,8.78,7.06,6.5,4.36,4.06,4.16,4.88,3.4,3.04,3.71,3.68,2.69,2.59,1.86,2.11,2.58,1.94,1.99,1.91,2.14,1.93,1.97,1.8,1.77,1.57,1.53,1.36,1.57,1.67,1.39,1.46,1.41,1.34,1.56,1.26,1.37,1.24,1.29,1.3,1.39,1.32,1.21,1.28,1.2,1.18,1.28
311.04,411.99,321.66,301.33,285.16,309.74,286.01,294.09,292.05,225.57,252.82,254.45,264.83,271.14,243.57,243.8,203.35,214.39,226.28,177.75,175.07,223.9,213.83,188.31,181.16,150.03,146.35,136.06,130.02,132.43,123.98,125.02,121.79,108.1,71.84,68.86,80.6,65.9,37.39,53.97,49.72,34,40.73,39.23,29.07,18.2,19.15,19.74,9.62,13.6,12.84,10.19,7.98,7.43,6.56,5.45,3.03,4.69,4.62,3.61,5.11,3.33,3.17,3.29,2.87,3.34,2.56,2.35,2.65,1.74,2.91,1.86,2.48,1.83,2.17,2.02,1.74,1.65,1.68,1.7,2.13,1.54,1.63,1.69,1.5,1.56,1.27,1.51,1.42,1.39,1.33,1.37,1.37,1.32,1.28,1.23,1.17,1.18,1.15,1.29,1.2
312.93,377.72,265.29,334.2,279.88,280.5,263.57,324.74,267.58,225.37,263.35,302.97,244.34,243.58,270.15,237.04,250.64,254.55,266.3,202.88,242.19,175.34,237.81,173.03,222.56,152.33,166.94,135.89,153.78,144.87,148.79,130.25,108.85,85.66,83.86,77.35,49.4,72.05,63.45,48.08,38.52,30.75,26.52,22.54,22.68,22.23,27.44,20.01,17.21,6.89,11.2,10.44,10.65,6.8,8.75,5.07,4.09,4.82,4.81,3.01,4.17,3.89,3.19,2.57,2.58,2.46,2.58,2.48,2.47,1.8,2.37,2.76,1.89,2.08,2.35,2.14,1.99,1.86,1.59,1.51,1.6,1.67,1.93,1.99,1.74,1.64,1.45,1.44,1.3,1.32,1.52,1.3,1.3,1.42,1.24,1.22,1.23,1.26,1.25,1.24,1.28
329.9,260.61,300.98,370.36,248.41,311.66,197.85,304.64,308.72,297.48,278.35,215.91,216.86,204.55,225.39,259.08,232.78,223.04,220.61,246.7,181.97,220.56,186.92,197.82,208.17,167.17,170.63,140.25,114.94,133.48,116.79,83.81,116.21,77.3,107.36,77.25,90.19,49.84,73.61,37.48,63.47,47.81,48.47,31.4,30.5,25.69,26.11,21.67,18.65,10.62,13.73,9.42,5.33,7.91,5.12,6.23,3.51,6.83,3.23,3.48,3.27,2.75,4.54,3.85,2.41,2.28,2.19,3.68,2.38,2.38,2.5,2.11,1.73,1.89,2.09,1.62,2.33,1.66,1.59,1.93,1.65,1.49,1.48,1.82,1.61,1.65,1.48,1.24,1.49,1.48,1.47,1.31,1.32,1.27,1.23,1.3,1.3,1.27,1.27,1.2,1.22
295.5,286.59,311.75,290.23,299.29,249.82,278.14,286.83,256.39,312.52,272.35,289.85,209.26,193.39,223.43,259.28,206.76,234.53,263.15,234.33,232.24,183.98,168.06,188.37,188.15,135.4,182.58,127.95,146.2,116.68,126.56,110.27,98.61,103.31,94.94,48.33,77.48,61.65,37.54,46.61,35.97,53.81,32.05,41.8,40,28.05,19.9,7.03,20.61,11.38,11.53,14,10.8,11.55,10.34,5.91,5.92,5.19,7.93,3.8,5.84,2.84,4.49,3.73,3.64,3.07,3.91,2.7,2.34,2.53,2.33,2.39,2,1.8,1.96,2.41,2.12,1.93,1.66,1.6,1.78,1.65,1.77,1.54,1.58,1.59,1.65,1.4,1.42,1.28,1.36,1.35,1.53,1.4,1.3,1.32,1.23,1.29,1.18,1.19,1.28
298.78,305.67,269.36,241.07,340.83,224.37,327.77,273.69,262.6,267.54,231.33,250.15,299.3,229.42,239.39,225.37,243.42,209.11,233.03,171.83,155.45,232.61,181.4,174.87,141.06,115.93,153.29,132.53,138.56,138.03,120.27,113.98,93.21,76.14,100.18,73.95,49.78,76.09,51.39,48.26,42.41,37.06,43.48,25.91,22.23,22.63,16.68,13.75,19.11,9.94,13.89,6.08,6.69,10.8,8.54,4.93,6.49,5.92,4.93,4.25,4.34,6.29,2.12,4.2,4.53,2.57,2.96,2.4,2.42,3.03,3.04,1.89,2.43,2.36,1.8,2.02,2.26,2.14,1.77,1.72,1.54,1.46,1.67,1.52,1.46,1.51,1.55,1.51,1.73,1.27,1.32,1.44,1.26,1.32,1.54,1.31,1.44,1.32,1.35,1.3,1.26
311.37,318.18,340.13,366.96,305.17,287.26,287.21,276.69,295.92,244.88,268.48,303.9,257.92,287.32,202.79,197.69,238.18,203.8,224.82,212.97,195.82,201.55,200.08,153.06,134.56,103.33,125.3,122.29,122.89,129.2,105.93,89,81.07,60.83,80.71,77.24,50.38,61.9,39.34,46.26,46.57,44.61,28.14,32.93,14.88,14.93,22.6,20.46,15.59,11.14,11.96,9.73,13.29,7.45,5.3,6.9,5.92,5.59,5.06,4.97,5.18,3.58,3.43,2.58,2.48,2.79,2.8,2.84,2.76,3.25,2.73,2.4,1.98,2.15,2.39,2.11,1.43,1.48,1.67,1.93,1.69,1.76,1.71,1.6,1.35,1.47,1.46,1.35,1.49,1.53,1.34,1.5,1.48,1.37,1.26,1.25,1.31,1.28,1.23,1.27,1.25
236.32,255.79,308.24,300.34,290,261.49,187.27,269.62,244.15,262.12,260.12,262.89,208.54,272.16,218.95,181.25,219.85,164.05,188.94,173.63,201.76,253.81,197.96,144.34,138.18,140.39,128.6,117.79,132.34,104.86,102.39,99.01,97.32,71.88,73.92,77.57,66.92,68.55,49.43,58.4,49.35,37.68,38.07,28.08,28.13,19.27,9.67,18.35,16.75,10.77,14.44,14.26,10.47,6.53,4.05,8.36,6.93,7.85,4.9,4.17,6.3,4.9,3.38,2.92,3.87,3.01,3.02,3.31,2.41,2.79,2.14,2.38,1.98,1.87,2.05,2.04,1.97,1.61,1.71,1.83,1.67,1.82,1.6,1.47,1.76,1.84,1.37,1.57,1.53,1.32,1.35,1.34,1.44,1.48,1.33,1.51,1.34,1.19,1.22,1.27,1.35
266.9,358.23,284.31,318.37,259.05,311.39,257.05,297.76,299.64,208.57,232.43,261.74,201.47,231.13,202.76,206.77,220.19,226.57,187.51,206.78,194.06,181.09,224.1,190.51,128.66,115.59,141.37,154.33,128.4,120.77,99.96,77.4,77.83,96.55,73.29,60.91,59.67,65.56,61.69,31.35,33.61,45.21,29.22,20.34,29.32,20.38,16.08,14.47,11.81,9.22,8.66,7.99,10.23,7.85,7.58,4.48,7.98,4.5,4.67,5.45,4.22,4.59,5.76,4.74,2.83,3.84,2.65,3.3,2.95,2.55,1.78,2.11,2.09,2.49,1.79,1.73,2.23,2.11,2.17,1.7,2.16,1.46,2.01,1.69,1.83,1.53,1.52,1.55,1.73,1.4,1.52,1.29,1.37,1.44,1.4,1.25,1.29,1.4,1.29,1.22,1.27
290.03,356.93,320.82,300.67,298.71,253.52,317.89,291.22,254.36,237.79,240.3,264.33,227.95,240.09,194.26,208.36,180.63,228.97,212.5,214.5,148.63,177.53,153.44,191.01,169.98,104.02,115.38,129.42,110.31,89.32,94.97,96.35,86.48,101.67,60.14,58.77,66.82,60.69,53.67,31.97,22.32,44.31,15.6,14.74,22.4,22.9,16.02,16.19,10.03,16.2,5.69,9.62,9.98,6.45,7.83,8.59,8.36,6.4,4.89,3.07,4.73,3.3,4.02,3.42,3.07,3.79,3.07,2.65,2.85,2.95,2.49,2.12,2.42,1.78,1.84,1.9,2.27,1.84,1.68,1.9,1.98,1.7,1.63,1.82,1.62,1.71,1.66,1.46,1.43,1.66,1.42,1.57,1.53,1.36,1.46,1.34,1.28,1.26,1.21,1.22,1.14
263.02,359.11,319.42,245.04,260.57,275.01,272.08,276.06,231.5,215.94,289.03,241.76,236.07,209.13,250.15,223.24,191.15,198.28,207.03,137.99,216.09,199.94,174.46,178.29,133.36,122.3,124.17,139.55,110.02,85.64,74.32,109.94,103.99,82.59,79.17,54.36,48.37,44.7,50.27,33.49,37.66,36.01,36.6,23.69,19.32,10.53,19.84,9.12,17.51,10.6,8.83,8.69,9.51,6.73,8.68,8.94,5.27,5.19,3.96,6.11,4.25,3.53,3.62,4.49,4.11,3.1,2.21,3.04,2.31,2.36,1.67,2.7,1.99,2.19,2.18,1.93,2.41,1.9,1.73,1.84,2.09,1.7,2.06,1.37,1.7,1.61,1.61,1.49,1.53,1.7,1.56,1.47,1.4,1.49,1.31,1.41,1.33,1.25,1.34,1.28,1.27
304.67,304.47,267.2,297.5,274.85,232.32,251.05,284.07,311.79,280.83,263.9,255.88,193.23,238.39,195.43,228.34,255.94,187.17,204.8,160.55,173.62,203.78,173.36,137.72,158.98,115.1,106.31,135.07,102.72,97.22,82.2,99.16,85.99,85.81,59.63,73.48,60.68,59.14,54.84,31.06,33.85,23.32,25.85,29.46,31.82,19.86,15.78,13.67,11.03,9.42,12.03,8.45,5.48,7.38,7.66,5.94,5.52,8.21,5.78,3.62,2.89,3.5,3.84,2.18,3.32,4.3,3.88,2.37,2.71,3.15,2.59,2.1,2.81,2.8,2.2,2.33,2.14,1.82,1.61,1.74,1.7,1.91,1.93,1.68,1.39,1.77,1.65,1.53,1.71,1.46,1.47,1.38,1.3,1.38,1.49,1.52,1.54,1.28,1.3,1.24,1.33
289.32,266.39,249.25,321.19,236.79,210.9,193.24,247.25,176.28,254.42,210.33,226.84,237.57,268.77,245.84,203.15,268.28,190.15,205.6,197.42,195.65,203.04,176.62,121.99,166.71,137.61,127.75,140.2,125.09,108.41,101.29,89.25,84.01,61.73,56.91,71.29,50.49,55.64,37.85,41.12,36.79,31.16,25.62,18.73,8.96,17.3,13.78,18.64,10.18,17.25,10.38,6.66,5.24,7.85,8.17,5.19,5.26,3.87,4.61,3.53,6.15,3.21,4.84,3.4,3.13,3.65,2.66,3.49,4.37,2.58,2.17,3.28,2.9,1.86,2.43,2.34,2.12,2.29,2.08,1.67,1.75,2.04,1.74,2.01,1.49,1.51,1.53,1.77,1.46,1.63,1.36,1.69,1.42,1.42,1.43,1.44,1.33,1.38,1.3,1.28,1.22
339.35,316.9,307.34,254.18,195.74,218.17,285.74,260.74,241.41,259.32,213.01,233.42,272.45,227.55,241.16,218.64,215.99,158.6,202.25,174.06,194.24,147.16,160.46,142.26,158.82,108.31,124.27,101.89,116.77,81.3,117.6,69.89,90.46,83.17,65.12,58.62,53.78,44.6,44.93,61.78,39.04,25.7,36.33,32.66,21.84,17.95,27.22,15.68,16.97,16.52,8.4,9.18,10.85,8.28,7.42,6.7,7.43,5.57,5.71,5.43,4.75,4.65,2.78,4.6,3.29,3.21,2.51,2.18,2.94,2.6,2.5,2.47,1.7,2.87,2.12,1.89,1.97,1.62,1.97,1.66,1.59,1.69,1.8,1.47,1.55,1.57,1.56,1.61,1.72,1.36,1.65,1.31,1.46,1.44,1.31,1.4,1.43,1.38,1.26,1.49,1.38
255.85,241.38,316.34,284.7,314.39,249.69,246.92,229.24,212.13,258.73,259.18,185.2,256.17,215.65,170.4,190.94,216.81,180.9,179.59,165.57,126.47,182.98,166.43,152.13,190.91,115.98,157.51,110.77,109.69,95.78,85.99,120.64,82.1,107.85,67.3,71.29,50.07,37.72,52.43,57.22,38.17,34.3,27.15,20.33,27.86,18.14,17.28,25.81,12.73,10.08,7.36,12.66,9.26,6.81,7.14,6.11,5.62,8.45,4.06,6.27,5.5,3.96,3.54,4.42,2.55,3.51,4.83,2.96,3.12,1.79,2.46,2.81,2.15,2.36,2.08,2.1,1.83,1.86,2.08,1.88,1.69,1.87,1.94,1.7,1.88,1.62,1.43,1.45,1.68,1.58,1.3,1.35,1.39,1.27,1.44,1.38,1.4,1.38,1.41,1.25,1.4
291.58,273.36,236.93,282.93,287.51,238.95,280.09,259.98,268.26,233.28,250.45,240.49,173.44,195.84,164.21,218.4,211.51,194.31,133.52,188.94,148.25,145.96,150.6,148.51,156.85,116.09,103.1,84.71,104.45,111.03,77.25,96.22,101.98,48.48,65.68,39.42,71.55,42.65,67.4,28.75,41.92,26.45,27.68,20.88,24.67,19.74,19.54,17.76,15.29,9.78,12.11,15.52,8.95,4.9,9.64,4.26,7.28,5.08,4.66,6.88,4.21,4.21,3.91,3.66,4.44,3.71,3.14,2.28,2.67,2.57,2.15,2.43,2.6,2.35,1.91,2.4,2.07,1.95,2.14,1.68,1.43,1.94,1.65,1.83,1.62,1.4,1.57,1.7,1.58,1.44,1.37,1.65,1.29,1.37,1.4,1.38,1.53,1.42,1.33,1.4,1.28
349.42,245.29,288.15,274.06,246.89,240.02,210.27,235.01,198.53,258.94,234.38,204.2,199.56,192.91,215.24,212.56,192.21,180.2,137.75,168.69,151.58,124.23,164.16,146.48,120.18,119.75,140.31,80.03,91.36,102.87,86.85,66,78.49,65.57,64.58,35.34,56.44,35.24,32.15,30.81,37.92,46.65,19.04,23.66,22.74,17.42,12.88,9.43,9.51,12.28,12.93,8.42,8.34,6.54,8.26,7.51,5.74,4.83,5.05,4.19,2.92,5.45,3.66,4.89,3.46,4.25,2.65,3.35,2.28,3.15,2.54,3.11,2.47,2.57,2.09,2.3,2.14,2.64,2.25,2.03,1.84,1.99,1.85,1.94,1.79,1.49,1.8,1.42,1.49,1.49,1.47,1.44,1.34,1.55,1.38,1.38,1.46,1.35,1.27,1.46,1.36
281.41,289.73,298.74,269.36,221.15,273.5,253.28,203.38,268.46,262.96,216.93,228.67,256.17,175.85,189.31,233.01,191.7,195.06,122.8,146.25,177.31,163.68,152.84,131.74,184.47,110.8,98.4,147.35,89.29,90.71,86.42,83.2,72.46,71.62,77.72,66.46,83.83,55.92,37.27,38.11,31.61,39.08,26.84,30.51,21.26,15.01,19.64,11.3,14.59,10.45,8.6,7.64,9.46,7.72,9.63,7.92,7.03,9.59,6.66,3.65,2.48,4.29,3.92,4.82,3.82,3.24,3.99,4.02,3.24,3.25,2.22,2.93,3.14,2.25,2.66,2.12,2.92,2.51,2.56,1.9,2.38,1.8,1.68,1.73,1.86,1.59,1.78,1.61,1.82,1.56,1.55,1.47,1.7,1.47,1.44,1.4,1.42,1.26,1.42,1.37,1.19
268.27,268.63,254.18,291.91,312.45,276.74,288.46,229.46,234.3,191.36,259.67,180.29,198.59,237.7,234.7,191.73,257.87,133.91,178.64,135.64,185.13,143.24,156,143.46,145.09,125.29,105.82,98.24,115.53,84.1,72.15,104.83,67.82,99.63,64.04,63.39,61.1,48.7,37.7,42.5,30.04,27.33,25.24,21,14.63,18.79,26.84,11.04,13.61,18.3,5.99,7.57,20.01,11.06,4.89,4.33,6.13,5.75,5.95,4.77,3.26,5.43,4.96,4.42,3.82,3.66,4.59,2.97,2.38,2.37,2.39,2.24,2.24,2.72,2.2,2.82,2.17,2.01,2.35,1.73,1.9,1.89,1.72,1.55,1.82,1.54,1.86,1.54,1.42,1.67,1.74,1.46,1.5,1.76,1.48,1.24,1.32,1.47,1.24,1.43,1.51
