0.0067002,0.0074007,0.0081685,0.0090243,0.0099641,0.011003,0.012146,0.013402,0.01479,0.016324,0.018007,0.019864,0.021904,0.024152,0.02663,0.029342,0.032321,0.035617,0.039221,0.043154,0.047467,0.052208,0.057379,0.063042,0.069208,0.075939,0.08326,0.091203,0.099845,0.10916,0.11928,0.13022,0.14196,0.15461,0.16809,0.18253,0.19793,0.21433,0.23159,0.24988,0.26907,0.28914,0.31009,0.33192,0.35442,0.37763,0.4014,0.42557,0.45021,0.47502,0.49999,0.52502,0.5498,0.57443,0.59866,0.62239,0.6456,0.66808,0.68988,0.71087,0.73095,0.75011,0.76839,0.78569,0.80208,0.81745,0.8319,0.84542,0.85804,0.86978,0.88069,0.89083,0.90015,0.90877,0.91674,0.92406,0.9308,0.93695,0.94262,0.94779,0.95251,0.95686,0.96079,0.96439,0.96767,0.97064,0.97337,0.97584,0.97809,0.98013,0.982,0.98368,0.98521,0.9866,0.98786,0.989,0.99004,0.99098,0.99183,0.9926,0.9933
0.0067259,0.0074262,0.0082038,0.0090541,0.0099973,0.011037,0.012187,0.013447,0.014849,0.016387,0.01807,0.019933,0.021987,0.024243,0.026718,0.029444,0.032436,0.035735,0.039337,0.04331,0.047612,0.052395,0.057561,0.063225,0.069403,0.076144,0.083456,0.09147,0.10012,0.10942,0.11961,0.1305,0.14227,0.155,0.16849,0.18289,0.19829,0.21461,0.23192,0.25032,0.26944,0.28955,0.31053,0.33213,0.35485,0.37783,0.40152,0.42565,0.45029,0.47511,0.50005,0.52508,0.54973,0.57441,0.59861,0.62226,0.6454,0.66788,0.68971,0.71046,0.7307,0.74986,0.76811,0.78539,0.80168,0.8171,0.83152,0.84509,0.85772,0.86947,0.8804,0.89051,0.8999,0.90849,0.91648,0.92387,0.93058,0.93677,0.94245,0.94763,0.95236,0.95671,0.96066,0.96429,0.96755,0.97056,0.97328,0.97576,0.97801,0.98007,0.98193,0.98362,0.98515,0.98655,0.98781,0.98896,0.99,0.99094,0.9918,0.99257,0.99327
0.0067715,0.0074737,0.008251,0.0091151,0.010067,0.011107,0.012262,0.013532,0.014936,0.016493,0.018178,0.020038,0.022094,0.024377,0.026885,0.029612,0.032613,0.035942,0.039542,0.043558,0.04789,0.052637,0.05785,0.06356,0.069736,0.076545,0.083886,0.091874,0.10053,0.10993,0.12008,0.13103,0.14287,0.15544,0.16909,0.18349,0.19895,0.21531,0.23256,0.25091,0.2698,0.29013,0.31097,0.33266,0.35517,0.37808,0.40175,0.42593,0.45026,0.47511,0.50023,0.5247,0.54949,0.57416,0.59816,0.62183,0.645,0.66735,0.68893,0.71,0.73,0.74932,0.76736,0.78471,0.80116,0.81645,0.83109,0.84458,0.85719,0.86901,0.87986,0.89003,0.89944,0.90805,0.91617,0.9235,0.93019,0.9364,0.9421,0.94736,0.95209,0.95647,0.96043,0.96409,0.96738,0.97038,0.97313,0.97563,0.97789,0.97993,0.98182,0.98352,0.98507,0.98646,0.98774,0.98889,0.98994,0.99089,0.99175,0.99253,0.99323
0.0068242,0.0075425,0.0083281,0.0091862,0.010138,0.011188,0.01237,0.013647,0.015071,0.016613,0.018336,0.020209,0.022313,0.024558,0.027081,0.029852,0.032891,0.036221,0.039851,0.043856,0.048223,0.05305,0.058319,0.06404,0.070274,0.077055,0.084463,0.092467,0.10109,0.11061,0.12085,0.13168,0.14361,0.15619,0.16993,0.1841,0.19965,0.21608,0.23341,0.25145,0.27059,0.29071,0.31146,0.33338,0.35557,0.37854,0.40198,0.4263,0.45084,0.47529,0.5,0.52485,0.54954,0.57396,0.5977,0.62119,0.64428,0.66667,0.68845,0.70925,0.72935,0.74834,0.76667,0.78399,0.80042,0.81561,0.83012,0.84368,0.85641,0.86815,0.87916,0.88946,0.89881,0.90753,0.91549,0.92296,0.92974,0.936,0.94177,0.94694,0.95175,0.95613,0.96015,0.9638,0.96712,0.97016,0.9729,0.97542,0.9777,0.97979,0.98167,0.98336,0.98496,0.98635,0.98765,0.98881,0.98985,0.99081,0.99168,0.99246,0.99317
0.0068973,0.0076305,0.0084213,0.0092965,0.010259,0.011324,0.012504,0.013767,0.015221,0.016807,0.01853,0.020462,0.022499,0.024846,0.027388,0.030173,0.033186,0.036576,0.040316,0.044269,0.048682,0.053518,0.058868,0.064478,0.070786,0.077659,0.085178,0.093265,0.10194,0.11139,0.12184,0.13276,0.14455,0.1574,0.17089,0.18533,0.2008,0.217,0.23438,0.2525,0.27178,0.29173,0.31254,0.33437,0.35631,0.37902,0.40266,0.42654,0.45096,0.47553,0.50008,0.52465,0.54924,0.57344,0.59726,0.62053,0.64349,0.66603,0.68734,0.70821,0.72842,0.74737,0.7658,0.78278,0.79926,0.81478,0.82897,0.84274,0.85542,0.86724,0.87836,0.8886,0.89805,0.90678,0.9147,0.92222,0.92912,0.93534,0.94113,0.94643,0.95129,0.95569,0.95975,0.96351,0.96676,0.96986,0.97265,0.97517,0.97747,0.97958,0.98146,0.98322,0.98476,0.98619,0.98751,0.98868,0.98975,0.99071,0.99158,0.99238,0.99311
0.0070001,0.0077139,0.0085288,0.0094088,0.010388,0.011484,0.012664,0.013983,0.015435,0.016994,0.018788,0.020738,0.022823,0.025162,0.027697,0.030504,0.033602,0.037084,0.040714,0.044787,0.04934,0.05418,0.059428,0.065296,0.071792,0.078523,0.086045,0.094289,0.10316,0.11248,0.12288,0.13402,0.14571,0.15851,0.17198,0.18645,0.2022,0.21812,0.2358,0.25364,0.27321,0.29246,0.31378,0.33497,0.35752,0.37971,0.40389,0.42683,0.45097,0.47546,0.49985,0.52422,0.54864,0.57293,0.5969,0.62013,0.64277,0.66536,0.68639,0.70733,0.72676,0.7462,0.76408,0.78202,0.79793,0.81329,0.82789,0.84174,0.8543,0.86613,0.87726,0.88732,0.8972,0.90568,0.91407,0.92145,0.92826,0.93473,0.94047,0.94585,0.95072,0.95519,0.95922,0.96296,0.96635,0.96949,0.97231,0.97489,0.97718,0.9793,0.98124,0.98299,0.98457,0.98604,0.98735,0.98853,0.98959,0.99058,0.99149,0.99227,0.993
0.0070865,0.0078459,0.0086889,0.0095642,0.010551,0.011655,0.012844,0.014203,0.01566,0.017299,0.019036,0.021024,0.023156,0.025485,0.028141,0.030946,0.03407,0.037503,0.041386,0.045421,0.049975,0.054934,0.060335,0.0662,0.072483,0.07947,0.087162,0.095384,0.1041,0.11378,0.12394,0.13514,0.14703,0.15968,0.17376,0.18785,0.20318,0.22003,0.23715,0.25525,0.27447,0.29429,0.31508,0.33642,0.35755,0.38106,0.40398,0.4277,0.45126,0.47597,0.4998,0.52437,0.54864,0.57247,0.59586,0.61866,0.64144,0.66389,0.68514,0.70588,0.72561,0.74435,0.76313,0.78037,0.79658,0.8119,0.82649,0.84003,0.85288,0.865,0.87595,0.88643,0.89593,0.9048,0.91308,0.92053,0.92745,0.93379,0.93964,0.94512,0.95003,0.95448,0.95866,0.96239,0.96592,0.969,0.97182,0.97442,0.9768,0.97895,0.98095,0.98269,0.98435,0.98579,0.98712,0.98834,0.98944,0.99046,0.99134,0.99214,0.99289
0.007234,0.0080082,0.0088274,0.0097313,0.010767,0.011874,0.013102,0.014448,0.015967,0.017601,0.019349,0.021329,0.023549,0.025962,0.028634,0.031516,0.034613,0.038223,0.042066,0.046256,0.050713,0.055621,0.061168,0.067208,0.073514,0.080661,0.088201,0.096582,0.10534,0.11486,0.12546,0.13676,0.14882,0.16176,0.17548,0.18964,0.205,0.22181,0.2391,0.25721,0.27598,0.29511,0.31579,0.33719,0.3592,0.38213,0.40445,0.42844,0.45245,0.47606,0.49985,0.52415,0.54775,0.57187,0.59474,0.61836,0.64016,0.66292,0.6839,0.70451,0.72426,0.74317,0.76081,0.77843,0.7952,0.81026,0.82492,0.83841,0.85146,0.86331,0.87441,0.88473,0.89436,0.90351,0.91179,0.91929,0.92652,0.93292,0.93893,0.94421,0.94902,0.95385,0.95795,0.96188,0.96533,0.96851,0.9714,0.97404,0.97642,0.97856,0.98061,0.98241,0.98404,0.98553,0.98691,0.98814,0.98924,0.99024,0.99118,0.99201,0.99275
0.0073915,0.0081666,0.0090046,0.0099342,0.010987,0.012116,0.013347,0.014712,0.016264,0.017893,0.019729,0.021826,0.024021,0.026484,0.02919,0.032125,0.035354,0.038972,0.04271,0.047174,0.051625,0.056667,0.062266,0.068246,0.074853,0.081744,0.089635,0.098211,0.10684,0.11676,0.12712,0.13847,0.15071,0.16298,0.17715,0.192,0.20692,0.22389,0.24009,0.25866,0.27773,0.29717,0.31758,0.33829,0.36061,0.38292,0.40608,0.42906,0.45245,0.47628,0.49931,0.52384,0.5478,0.57122,0.59415,0.61711,0.63967,0.66187,0.68233,0.70271,0.72264,0.74167,0.75971,0.7765,0.793,0.80853,0.82264,0.83645,0.8495,0.86151,0.87285,0.8831,0.89301,0.90198,0.9104,0.91787,0.92516,0.93171,0.93781,0.94326,0.94836,0.95295,0.95706,0.9611,0.9647,0.968,0.97084,0.97349,0.97596,0.97823,0.98024,0.98202,0.98374,0.98527,0.98663,0.9879,0.98902,0.99005,0.99099,0.99184,0.99259
0.0075549,0.0083567,0.0092069,0.01017,0.011228,0.012394,0.013662,0.015094,0.016614,0.018317,0.02025,0.022275,0.024572,0.026971,0.029844,0.032756,0.036136,0.03972,0.043616,0.047775,0.052603,0.05785,0.063375,0.06942,0.076304,0.083288,0.09108,0.099303,0.1087,0.11824,0.12905,0.1403,0.15256,0.16525,0.17897,0.19373,0.20926,0.22549,0.24292,0.26099,0.27939,0.29932,0.31899,0.34005,0.36194,0.38376,0.4064,0.42946,0.45305,0.47621,0.49998,0.52369,0.54714,0.57017,0.59366,0.61487,0.63881,0.65981,0.6807,0.70093,0.72081,0.73944,0.75752,0.77505,0.79128,0.80621,0.82124,0.83494,0.84727,0.85969,0.871,0.88168,0.89123,0.90028,0.90883,0.91655,0.92368,0.9305,0.93663,0.9421,0.94745,0.95188,0.95638,0.96025,0.96388,0.96715,0.97019,0.97287,0.9754,0.97776,0.97981,0.9817,0.98335,0.98492,0.98631,0.98759,0.98877,0.98984,0.99079,0.99164,0.99243
0.0077583,0.0085647,0.0094453,0.010432,0.01152,0.012707,0.014002,0.015468,0.017039,0.018805,0.020658,0.022849,0.025193,0.02779,0.030544,0.033591,0.03692,0.040507,0.044602,0.04911,0.053768,0.0592,0.064676,0.070918,0.077648,0.08467,0.093097,0.10144,0.11052,0.1201,0.13098,0.1425,0.15437,0.16758,0.18117,0.19536,0.21142,0.22767,0.2448,0.26299,0.28131,0.30084,0.32105,0.3418,0.36329,0.38486,0.40788,0.42992,0.45362,0.47609,0.49989,0.52382,0.54637,0.56914,0.59208,0.61485,0.63637,0.65803,0.67925,0.69893,0.71863,0.73724,0.75468,0.77243,0.78875,0.80418,0.8186,0.83234,0.84551,0.85781,0.86901,0.87968,0.88909,0.89873,0.90725,0.91504,0.92225,0.92906,0.93524,0.94079,0.94617,0.95101,0.95538,0.95942,0.96307,0.96645,0.9696,0.97234,0.9749,0.9772,0.97929,0.9813,0.98293,0.98454,0.98603,0.98728,0.98851,0.98956,0.99051,0.99145,0.99225
0.0079629,0.0088005,0.009772,0.010703,0.011831,0.013063,0.014418,0.015866,0.017534,0.01936,0.021213,0.023381,0.025829,0.028383,0.031204,0.034227,0.037865,0.041431,0.045685,0.050257,0.054945,0.060333,0.066259,0.072727,0.079393,0.086736,0.094519,0.10321,0.11231,0.12262,0.13296,0.14429,0.15688,0.16956,0.18377,0.19858,0.21346,0.22992,0.2476,0.26493,0.28374,0.30276,0.32308,0.34369,0.36553,0.3866,0.40844,0.43182,0.45369,0.47666,0.49956,0.52293,0.54637,0.56858,0.59109,0.61369,0.63524,0.65741,0.67722,0.697,0.71601,0.73566,0.7529,0.76965,0.78648,0.8016,0.81579,0.83014,0.84286,0.85571,0.86685,0.87751,0.88768,0.89659,0.90547,0.9133,0.92088,0.92751,0.93369,0.93941,0.94503,0.94971,0.95434,0.95843,0.96206,0.96557,0.96856,0.97155,0.97417,0.97657,0.97876,0.98071,0.98249,0.98413,0.9856,0.98693,0.98817,0.98926,0.99031,0.99118,0.99203
0.0082565,0.0090683,0.0099749,0.011085,0.012209,0.013439,0.014886,0.016365,0.018004,0.01983,0.021863,0.024078,0.026535,0.029289,0.032162,0.035386,0.038781,0.042722,0.046736,0.051311,0.056582,0.061936,0.067754,0.07385,0.081046,0.088389,0.096316,0.10525,0.11435,0.12514,0.13576,0.14722,0.15929,0.17266,0.18646,0.20098,0.2161,0.2322,0.24965,0.26716,0.28523,0.30502,0.32506,0.34521,0.36603,0.38736,0.41013,0.43204,0.45425,0.47752,0.49934,0.5232,0.54506,0.56822,0.58985,0.61266,0.63322,0.65439,0.67563,0.69479,0.71434,0.73311,0.74977,0.76821,0.7845,0.799,0.81387,0.82719,0.84079,0.85278,0.86411,0.87529,0.88535,0.89457,0.90329,0.91134,0.91904,0.926,0.93248,0.93812,0.94369,0.94865,0.95314,0.95736,0.96113,0.96468,0.96779,0.97077,0.97346,0.97586,0.97811,0.9801,0.98197,0.98363,0.9852,0.98657,0.9878,0.98891,0.99001,0.99094,0.99176
0.0084898,0.0093947,0.01037,0.01141,0.012494,0.013866,0.015274,0.016913,0.01855,0.020463,0.022637,0.024742,0.027426,0.029982,0.033115,0.036408,0.039876,0.043901,0.048103,0.052813,0.057873,0.063355,0.069439,0.076243,0.082774,0.090602,0.098397,0.10757,0.11687,0.12715,0.13755,0.14963,0.16205,0.1752,0.18907,0.20352,0.21867,0.23558,0.25144,0.27036,0.28747,0.30651,0.32697,0.34738,0.3684,0.3889,0.41068,0.43354,0.45493,0.47736,0.50079,0.52372,0.54495,0.56745,0.58926,0.61052,0.63305,0.65305,0.67418,0.69308,0.71123,0.73071,0.7481,0.76425,0.78107,0.79681,0.81137,0.82473,0.83806,0.85023,0.86187,0.87257,0.88311,0.89271,0.90142,0.90918,0.9171,0.92438,0.93054,0.93648,0.94214,0.94721,0.95203,0.95606,0.96012,0.96374,0.96695,0.96991,0.97275,0.97512,0.97749,0.97953,0.98133,0.98313,0.98469,0.98619,0.98741,0.9886,0.98967,0.99062,0.99151
0.0087896,0.0096959,0.010689,0.011888,0.013063,0.0143,0.015784,0.017474,0.019201,0.021136,0.023376,0.025549,0.028256,0.030979,0.033994,0.037414,0.041169,0.045237,0.049621,0.054403,0.059385,0.065177,0.071163,0.077348,0.084993,0.092615,0.10109,0.10986,0.11899,0.12968,0.14063,0.15246,0.16426,0.17761,0.19175,0.20598,0.22205,0.23767,0.25456,0.27191,0.29107,0.30872,0.3293,0.34938,0.36955,0.39035,0.41264,0.43336,0.45556,0.47725,0.49983,0.52251,0.54475,0.56586,0.58771,0.60908,0.63063,0.65153,0.67137,0.69058,0.70916,0.7271,0.74516,0.76242,0.77828,0.79362,0.80826,0.82172,0.83536,0.84787,0.85908,0.87048,0.88005,0.89017,0.89877,0.9073,0.91489,0.92213,0.92875,0.93477,0.9406,0.94589,0.95049,0.95482,0.9588,0.96255,0.96596,0.96905,0.9718,0.97437,0.97665,0.97876,0.98079,0.9825,0.98422,0.98562,0.98698,0.98815,0.98933,0.99029,0.99121
0.0091316,0.01008,0.011127,0.012219,0.013436,0.014882,0.016422,0.018081,0.019969,0.021985,0.024168,0.026538,0.029142,0.032139,0.035284,0.038568,0.042515,0.046575,0.051324,0.0562,0.061018,0.066735,0.072817,0.079833,0.086871,0.094827,0.10334,0.11242,0.12233,0.13222,0.14334,0.15497,0.16796,0.18129,0.19473,0.20975,0.2249,0.2413,0.25733,0.27537,0.29274,0.31161,0.33241,0.35146,0.37157,0.39193,0.41363,0.43487,0.45581,0.47869,0.50145,0.52143,0.54333,0.56562,0.58698,0.60805,0.62804,0.64885,0.66935,0.68815,0.7067,0.72601,0.74278,0.75987,0.77552,0.79076,0.80597,0.81938,0.83253,0.84499,0.85663,0.86732,0.87802,0.88779,0.89679,0.90497,0.91289,0.9202,0.92712,0.93308,0.9387,0.9438,0.94875,0.95348,0.9575,0.96138,0.96479,0.96783,0.97077,0.97354,0.97588,0.97809,0.98011,0.98185,0.9836,0.98511,0.98648,0.98773,0.98885,0.98991,0.99091
0.009498,0.010433,0.011535,0.01272,0.014014,0.015456,0.01698,0.018691,0.020703,0.022575,0.025132,0.027414,0.030314,0.033224,0.036538,0.039844,0.044101,0.048161,0.052538,0.057574,0.063141,0.0688,0.075163,0.082213,0.089497,0.097442,0.10577,0.11485,0.12455,0.13516,0.14618,0.1577,0.17065,0.18301,0.19745,0.21146,0.22787,0.24387,0.2604,0.27739,0.2959,0.31417,0.33244,0.35327,0.37272,0.39342,0.41402,0.43599,0.45618,0.47841,0.49882,0.52132,0.54229,0.56436,0.5854,0.60706,0.62729,0.6475,0.66518,0.68553,0.7047,0.72194,0.73952,0.75674,0.7723,0.78772,0.80256,0.81592,0.82852,0.84191,0.85417,0.86431,0.87511,0.88448,0.89453,0.90255,0.91003,0.91781,0.92497,0.93118,0.93682,0.94245,0.94754,0.95202,0.95601,0.96005,0.96332,0.96656,0.96993,0.97262,0.97509,0.97725,0.97939,0.9814,0.98301,0.98457,0.98603,0.98725,0.98849,0.98958,0.99052
0.0099001,0.010845,0.01199,0.01325,0.014587,0.016183,0.017638,0.019463,0.02158,0.023645,0.025912,0.028458,0.031242,0.034533,0.037658,0.041415,0.045395,0.049795,0.054532,0.05933,0.065255,0.070601,0.077671,0.084518,0.09163,0.099551,0.10847,0.11755,0.12753,0.13827,0.14916,0.16148,0.1732,0.18629,0.20042,0.21531,0.2302,0.24655,0.26307,0.27952,0.29741,0.31725,0.33693,0.3544,0.37451,0.39464,0.41586,0.43688,0.45774,0.47771,0.50028,0.52155,0.54369,0.56233,0.58452,0.60499,0.62459,0.64444,0.66438,0.68331,0.70166,0.71868,0.73662,0.75365,0.76966,0.785,0.79954,0.81346,0.82615,0.83882,0.85118,0.86268,0.87251,0.88219,0.89135,0.90002,0.90803,0.91555,0.92271,0.92924,0.93506,0.94062,0.94554,0.95018,0.95453,0.95855,0.96215,0.96571,0.96866,0.97165,0.97391,0.97635,0.97864,0.98059,0.98235,0.98393,0.98541,0.98684,0.98804,0.98912,0.99005
0.010329,0.011319,0.012551,0.01385,0.015186,0.016609,0.018447,0.02041,0.022426,0.024565,0.026927,0.029708,0.032412,0.035885,0.039367,0.043054,0.047034,0.051266,0.056332,0.061436,0.06706,0.073432,0.07991,0.087124,0.094119,0.10251,0.11152,0.12066,0.13024,0.14073,0.15193,0.1642,0.17701,0.19017,0.20351,0.21878,0.23361,0.24924,0.26636,0.283,0.30098,0.31899,0.33823,0.35755,0.37663,0.39578,0.41527,0.43818,0.4583,0.47823,0.49855,0.52067,0.54177,0.56339,0.58299,0.60359,0.62291,0.64341,0.66215,0.68037,0.69887,0.71697,0.73414,0.75045,0.76649,0.78091,0.79706,0.80997,0.82391,0.83573,0.84808,0.85844,0.86957,0.87892,0.88864,0.89734,0.90558,0.91281,0.92012,0.92666,0.93268,0.93878,0.94395,0.94869,0.95302,0.95675,0.96072,0.96428,0.96739,0.97019,0.97313,0.97551,0.97767,0.97961,0.98155,0.98327,0.9849,0.98619,0.98747,0.98853,0.98966
0.010873,0.011902,0.013087,0.014435,0.015939,0.017422,0.019226,0.021236,0.023246,0.025539,0.028281,0.030964,0.033831,0.036951,0.040608,0.044544,0.048773,0.053183,0.058245,0.063898,0.069042,0.075447,0.082335,0.089514,0.097407,0.10558,0.11424,0.12327,0.13358,0.14404,0.15549,0.16719,0.179,0.19287,0.20701,0.2214,0.23692,0.25288,0.26838,0.28556,0.30418,0.32161,0.33889,0.35954,0.37829,0.39849,0.41808,0.43866,0.45989,0.47916,0.49955,0.52075,0.54228,0.56166,0.5821,0.60196,0.62203,0.64182,0.65994,0.67962,0.69684,0.71406,0.73135,0.74666,0.76415,0.77901,0.79304,0.8066,0.82024,0.8328,0.84459,0.85522,0.86651,0.87659,0.88583,0.89433,0.90235,0.91065,0.91796,0.92456,0.93056,0.93672,0.94166,0.94674,0.95107,0.95538,0.9596,0.96285,0.96622,0.96903,0.97191,0.97447,0.97681,0.9788,0.9808,0.98256,0.9841,0.98556,0.98695,0.9881,0.98929
0.011308,0.012454,0.013812,0.015254,0.016635,0.018314,0.02014,0.022044,0.024279,0.026602,0.02935,0.031976,0.035134,0.038307,0.042404,0.04631,0.050514,0.055719,0.060308,0.065338,0.071494,0.077355,0.084258,0.092087,0.099261,0.10808,0.11678,0.12674,0.13698,0.14718,0.15831,0.17014,0.18354,0.19563,0.20969,0.22484,0.23969,0.25563,0.27135,0.28858,0.30602,0.32402,0.34304,0.36029,0.37958,0.39939,0.41971,0.43935,0.45967,0.47953,0.49951,0.51998,0.54086,0.56157,0.58232,0.60044,0.62023,0.63832,0.65814,0.67663,0.69369,0.71154,0.7294,0.74494,0.76008,0.77452,0.7906,0.8034,0.81717,0.82901,0.84164,0.85224,0.86352,0.87328,0.88274,0.89193,0.90009,0.90828,0.91553,0.92209,0.92822,0.93434,0.93965,0.94462,0.94962,0.9536,0.95787,0.96114,0.9645,0.96775,0.97051,0.97326,0.9757,0.97771,0.9799,0.98163,0.98341,0.9848,0.98616,0.98757,0.98867
0.011846,0.013199,0.014304,0.015879,0.017239,0.019225,0.021107,0.023191,0.025555,0.028124,0.030574,0.033561,0.0369,0.04032,0.043866,0.047949,0.052847,0.057449,0.062609,0.067984,0.074036,0.080604,0.087835,0.094891,0.10242,0.111,0.12008,0.13057,0.13995,0.15041,0.16251,0.1736,0.18561,0.20021,0.214,0.22723,0.24352,0.25795,0.27475,0.29047,0.30827,0.32564,0.34481,0.36209,0.38246,0.40043,0.42065,0.43941,0.46129,0.48019,0.50093,0.52055,0.53907,0.55999,0.57893,0.59896,0.61937,0.63802,0.65555,0.6749,0.69143,0.70903,0.72496,0.74066,0.75808,0.77161,0.78625,0.79939,0.81334,0.82559,0.83877,0.84923,0.85985,0.87004,0.87974,0.88924,0.89681,0.90513,0.91301,0.91932,0.92633,0.93192,0.93744,0.94279,0.94744,0.95194,0.95606,0.95977,0.96325,0.9664,0.96927,0.97213,0.97463,0.97699,0.97883,0.9809,0.98255,0.98419,0.98555,0.98684,0.98809
0.012442,0.013809,0.01511,0.016689,0.018296,0.020124,0.022242,0.024342,0.026658,0.029474,0.031867,0.034977,0.03836,0.041864,0.045466,0.049854,0.054662,0.059154,0.064562,0.07063,0.076517,0.083427,0.090253,0.097833,0.10576,0.11366,0.12363,0.13311,0.14334,0.15405,0.16553,0.17721,0.18966,0.2031,0.2175,0.23205,0.2461,0.26188,0.27784,0.29442,0.31147,0.33003,0.34593,0.36554,0.38289,0.4026,0.42166,0.44052,0.46047,0.48006,0.49872,0.51854,0.5403,0.55949,0.57816,0.597,0.61665,0.6337,0.65316,0.67135,0.68908,0.70581,0.72148,0.739,0.75353,0.76928,0.78299,0.79671,0.80993,0.82296,0.83495,0.84555,0.85665,0.86721,0.87649,0.88563,0.89417,0.90244,0.91021,0.91695,0.92372,0.92967,0.9357,0.94042,0.94551,0.94986,0.95438,0.95814,0.96168,0.96494,0.96821,0.9709,0.97342,0.97577,0.97808,0.98007,0.98179,0.98334,0.98491,0.98633,0.98753
0.013098,0.014505,0.015885,0.017376,0.019155,0.02079,0.023328,0.025269,0.027907,0.03039,0.033493,0.036618,0.039862,0.043779,0.047646,0.051786,0.056689,0.061428,0.06737,0.072804,0.079366,0.08572,0.093374,0.10003,0.1085,0.11722,0.12643,0.13641,0.1467,0.15714,0.1683,0.18032,0.19366,0.20615,0.22032,0.2342,0.25034,0.26516,0.28029,0.29807,0.31384,0.33187,0.34824,0.36574,0.3847,0.40385,0.42238,0.44175,0.46119,0.48261,0.50037,0.51742,0.53832,0.55816,0.57861,0.59583,0.61601,0.63304,0.65137,0.669,0.68548,0.70274,0.71908,0.73505,0.75007,0.76533,0.78018,0.79245,0.80773,0.81903,0.83127,0.8424,0.85321,0.86374,0.87327,0.8821,0.89151,0.89867,0.90718,0.91374,0.92081,0.92684,0.93331,0.93836,0.94309,0.94814,0.95254,0.95618,0.96001,0.96343,0.96676,0.9695,0.97227,0.97451,0.97682,0.97888,0.98089,0.98247,0.98405,0.98551,0.98692
0.013796,0.015176,0.016518,0.018421,0.020172,0.021962,0.024103,0.026763,0.029088,0.031676,0.034789,0.038365,0.04196,0.045818,0.049874,0.054231,0.058746,0.064676,0.06963,0.075388,0.082027,0.088475,0.096281,0.10454,0.11164,0.12056,0.13051,0.13961,0.15017,0.16071,0.17236,0.18473,0.19579,0.20983,0.22418,0.23718,0.25299,0.26893,0.28383,0.29993,0.31597,0.33319,0.35133,0.36869,0.38718,0.40508,0.42543,0.44207,0.46192,0.48136,0.50087,0.51927,0.53783,0.55739,0.57664,0.5952,0.61299,0.63149,0.64747,0.66628,0.68309,0.7014,0.71645,0.73234,0.74755,0.76291,0.77725,0.79014,0.80332,0.81589,0.82721,0.83877,0.84992,0.86022,0.87002,0.87875,0.88823,0.89573,0.90388,0.91102,0.91819,0.92435,0.9302,0.93604,0.94155,0.94574,0.95031,0.95428,0.95801,0.96202,0.96522,0.96814,0.97049,0.97334,0.97559,0.97785,0.97988,0.98173,0.98311,0.98476,0.98613
0.014732,0.016067,0.017526,0.019335,0.021389,0.023295,0.02586,0.028096,0.030715,0.033536,0.036698,0.04013,0.043373,0.047381,0.051736,0.056508,0.060756,0.066479,0.072312,0.078527,0.084453,0.091286,0.099423,0.10732,0.11429,0.12336,0.134,0.14313,0.15384,0.16347,0.17585,0.18744,0.20021,0.21357,0.22666,0.24078,0.25564,0.2721,0.28715,0.30222,0.31819,0.33643,0.35489,0.37053,0.38879,0.40744,0.42477,0.44543,0.46295,0.47982,0.50098,0.51964,0.53607,0.55597,0.5745,0.59281,0.61177,0.6285,0.64723,0.66501,0.68196,0.69652,0.71295,0.72954,0.74423,0.75916,0.77351,0.78628,0.79791,0.8115,0.82395,0.83649,0.84778,0.85732,0.86654,0.87579,0.88458,0.89352,0.90041,0.9085,0.91513,0.92199,0.92744,0.93317,0.93904,0.94391,0.948,0.95252,0.95636,0.96001,0.96333,0.9668,0.96936,0.97225,0.97428,0.97682,0.97883,0.98051,0.98232,0.98395,0.98533
0.015432,0.017026,0.018664,0.020461,0.022476,0.024501,0.026801,0.029387,0.032079,0.035089,0.038433,0.041922,0.045263,0.049652,0.053812,0.058663,0.063837,0.06896,0.074457,0.080785,0.086934,0.094657,0.10164,0.11007,0.11747,0.12726,0.13672,0.14568,0.15717,0.16776,0.17922,0.19249,0.20433,0.21668,0.23104,0.24397,0.2587,0.27425,0.28928,0.30459,0.32129,0.33888,0.35611,0.3726,0.39261,0.40724,0.426,0.44485,0.46372,0.48142,0.49883,0.51941,0.53739,0.55469,0.57422,0.59247,0.60771,0.62712,0.6448,0.66175,0.67844,0.69457,0.71136,0.72623,0.74186,0.75424,0.7693,0.78208,0.79559,0.80821,0.82116,0.83155,0.84308,0.85307,0.86383,0.87281,0.88205,0.88949,0.89812,0.90622,0.91272,0.91854,0.92529,0.9307,0.93572,0.94168,0.94604,0.95055,0.95473,0.958,0.96146,0.96515,0.96823,0.97055,0.97321,0.97543,0.97766,0.97951,0.98137,0.98303,0.98465
0.016249,0.018004,0.01994,0.021624,0.023247,0.025805,0.028064,0.031038,0.033944,0.036733,0.040581,0.043389,0.047611,0.051788,0.056581,0.061181,0.065739,0.07109,0.077373,0.083923,0.090099,0.097371,0.10464,0.11323,0.12167,0.13026,0.13984,0.15092,0.16051,0.17098,0.18359,0.1952,0.20669,0.22114,0.23444,0.24832,0.26262,0.27632,0.29176,0.30789,0.32347,0.34042,0.35718,0.37475,0.39199,0.41008,0.42684,0.4471,0.46267,0.48167,0.49858,0.51857,0.53804,0.5548,0.57325,0.58921,0.60833,0.62586,0.64298,0.65823,0.67537,0.69212,0.70869,0.72274,0.73712,0.75166,0.76609,0.7795,0.79362,0.80486,0.81828,0.82874,0.8386,0.85008,0.85948,0.86895,0.87893,0.88652,0.89506,0.90229,0.90942,0.91562,0.92223,0.92818,0.93361,0.93928,0.94388,0.94831,0.9525,0.95616,0.96006,0.96307,0.96644,0.96897,0.97206,0.97416,0.97634,0.97855,0.98035,0.98216,0.98358
0.017292,0.019115,0.020473,0.022826,0.024999,0.027389,0.029714,0.032342,0.035463,0.038744,0.041765,0.045992,0.049579,0.053786,0.058479,0.063184,0.06866,0.074976,0.080575,0.086858,0.093119,0.10071,0.10819,0.11611,0.12555,0.13355,0.1447,0.15472,0.16415,0.17583,0.18676,0.19857,0.21136,0.2246,0.23811,0.24929,0.26667,0.27941,0.29392,0.31036,0.32749,0.34333,0.36045,0.37621,0.39374,0.41197,0.42866,0.44739,0.46427,0.48189,0.49879,0.51808,0.53539,0.55482,0.57113,0.58977,0.60718,0.62285,0.64052,0.65659,0.67397,0.6873,0.70499,0.7208,0.73373,0.74816,0.76379,0.77672,0.7883,0.80113,0.81247,0.8248,0.83627,0.84563,0.85639,0.86538,0.87464,0.88339,0.89151,0.8994,0.90662,0.91268,0.91969,0.92552,0.93185,0.93641,0.94095,0.94583,0.95029,0.9543,0.95801,0.96147,0.96456,0.96749,0.9702,0.97265,0.9751,0.97713,0.97916,0.98082,0.9826
0.018391,0.020186,0.021836,0.023993,0.026505,0.028531,0.031287,0.033997,0.037246,0.039942,0.044005,0.047947,0.051874,0.055837,0.061109,0.066577,0.071379,0.077401,0.083162,0.089863,0.096644,0.10335,0.11188,0.12025,0.128,0.13785,0.14765,0.15719,0.16753,0.17839,0.18994,0.20195,0.21351,0.22654,0.23958,0.2545,0.26853,0.2846,0.2975,0.31321,0.32989,0.34438,0.36165,0.37828,0.39545,0.41179,0.42998,0.44688,0.46294,0.48274,0.49843,0.51627,0.53625,0.55398,0.56993,0.5888,0.60545,0.62053,0.63933,0.65417,0.67079,0.68632,0.70161,0.71564,0.73202,0.74614,0.75899,0.77263,0.78599,0.79836,0.8103,0.82207,0.83148,0.84312,0.85267,0.86252,0.87182,0.87926,0.88856,0.89613,0.90322,0.91059,0.91715,0.92293,0.92893,0.93386,0.9395,0.9434,0.94784,0.95172,0.95621,0.95982,0.9627,0.96612,0.96869,0.97146,0.97382,0.97568,0.97801,0.97994,0.98182
0.01957,0.021119,0.0233,0.025253,0.027597,0.030299,0.032894,0.036061,0.038916,0.042143,0.046265,0.050037,0.054316,0.058285,0.063429,0.067904,0.07379,0.079783,0.086727,0.093066,0.099807,0.1073,0.11557,0.12339,0.13269,0.14103,0.15022,0.16175,0.17071,0.18137,0.19303,0.20551,0.21784,0.23176,0.24359,0.25678,0.27187,0.28568,0.30103,0.31784,0.33052,0.34739,0.36307,0.38022,0.39608,0.41367,0.43078,0.44981,0.46581,0.48208,0.49979,0.51821,0.53523,0.55096,0.56881,0.5855,0.60203,0.62008,0.63648,0.65102,0.66899,0.68443,0.69929,0.71366,0.72815,0.74266,0.75632,0.76933,0.78237,0.79564,0.80572,0.81748,0.82911,0.83887,0.84962,0.85835,0.86707,0.87673,0.88424,0.89238,0.90026,0.90743,0.91392,0.92016,0.92527,0.9316,0.93589,0.94145,0.94617,0.94978,0.9538,0.95747,0.96101,0.96404,0.96729,0.96981,0.97217,0.97443,0.97692,0.97869,0.98056
0.0205,0.022966,0.024412,0.026993,0.029005,0.031619,0.034635,0.037552,0.040737,0.044294,0.048201,0.052239,0.056344,0.061059,0.065803,0.071522,0.077075,0.08276,0.089047,0.096074,0.1029,0.11008,0.11849,0.12619,0.13561,0.14416,0.1533,0.16331,0.17522,0.1845,0.19613,0.20961,0.22155,0.23381,0.24745,0.26038,0.27426,0.28914,0.30512,0.31907,0.33403,0.35003,0.36706,0.38368,0.39871,0.41531,0.43192,0.44758,0.46766,0.48337,0.49954,0.51699,0.53361,0.55009,0.5669,0.58479,0.60078,0.61954,0.6357,0.65029,0.6663,0.68111,0.69596,0.71008,0.72309,0.74095,0.75323,0.76584,0.77992,0.79102,0.80203,0.81473,0.82531,0.83625,0.84511,0.85503,0.86406,0.87325,0.88212,0.89004,0.89659,0.90372,0.91023,0.91747,0.92248,0.92905,0.93441,0.93909,0.94374,0.9478,0.95171,0.95595,0.9587,0.96235,0.96575,0.96824,0.97095,0.9732,0.97565,0.97751,0.97926
0.021903,0.02414,0.025956,0.028138,0.030616,0.033116,0.036741,0.039161,0.043202,0.04695,0.050552,0.054809,0.058658,0.06353,0.06864,0.074225,0.079059,0.085609,0.092182,0.099263,0.10631,0.11389,0.12195,0.1299,0.13876,0.14803,0.1567,0.16832,0.17793,0.18876,0.20097,0.21381,0.2245,0.23823,0.24943,0.26289,0.27819,0.29218,0.30734,0.32146,0.33621,0.35303,0.36891,0.38541,0.39961,0.41587,0.43319,0.44791,0.46628,0.48236,0.49936,0.51668,0.53332,0.54895,0.5654,0.58482,0.60069,0.61582,0.63028,0.64695,0.66286,0.67812,0.69297,0.70911,0.72102,0.73657,0.7496,0.76263,0.77657,0.78926,0.79834,0.80909,0.82119,0.83063,0.84126,0.85241,0.86108,0.86938,0.87716,0.88569,0.8938,0.90124,0.90835,0.91419,0.92032,0.9259,0.93139,0.93635,0.94114,0.94534,0.95017,0.95359,0.95747,0.96002,0.96338,0.96662,0.96905,0.97175,0.97405,0.97611,0.97832
0.023568,0.025265,0.027247,0.029756,0.03214,0.035472,0.038262,0.04133,0.045149,0.048658,0.052603,0.057607,0.061456,0.066375,0.072133,0.076925,0.08315,0.088484,0.095826,0.10182,0.10931,0.11718,0.12584,0.13431,0.1423,0.15226,0.16199,0.17179,0.1824,0.19186,0.20423,0.21667,0.22766,0.24082,0.25233,0.26739,0.28077,0.29671,0.30755,0.32394,0.33884,0.35363,0.36942,0.38569,0.40156,0.41792,0.43351,0.44942,0.46662,0.48214,0.49976,0.51706,0.53362,0.55102,0.5666,0.58313,0.59809,0.61469,0.63164,0.64611,0.66083,0.67674,0.69054,0.70523,0.71931,0.73358,0.74598,0.7594,0.77188,0.78331,0.79591,0.80749,0.81787,0.82726,0.83764,0.84824,0.85863,0.86659,0.874,0.8835,0.89048,0.89796,0.90505,0.91033,0.91755,0.92292,0.92803,0.93325,0.938,0.94272,0.94741,0.95113,0.95519,0.95854,0.96141,0.9647,0.96783,0.97026,0.97274,0.97493,0.97693
0.024393,0.026636,0.029481,0.031351,0.034305,0.036806,0.040032,0.043547,0.046983,0.051255,0.054478,0.058853,0.064351,0.069166,0.074532,0.080117,0.086222,0.091693,0.098677,0.10425,0.11234,0.12026,0.12803,0.13749,0.14606,0.15522,0.16531,0.17492,0.1853,0.19662,0.20756,0.22001,0.2316,0.24404,0.25683,0.27111,0.28404,0.29589,0.31197,0.32639,0.33995,0.35722,0.37266,0.38813,0.40397,0.41885,0.43471,0.45022,0.46543,0.48266,0.4978,0.51721,0.53276,0.54866,0.56467,0.58163,0.59811,0.61325,0.62681,0.64296,0.6586,0.67378,0.68806,0.70124,0.71657,0.73052,0.74424,0.75563,0.76962,0.78119,0.79221,0.80411,0.81492,0.82435,0.836,0.84446,0.85396,0.86307,0.87076,0.87944,0.88706,0.89384,0.9019,0.90794,0.91369,0.92006,0.92574,0.93129,0.93615,0.94118,0.94496,0.94928,0.95297,0.95645,0.9598,0.96289,0.96595,0.96852,0.97074,0.97347,0.97576
0.025784,0.028367,0.030717,0.033218,0.035549,0.038669,0.041982,0.045747,0.049432,0.053328,0.057043,0.061217,0.066577,0.07165,0.077613,0.082191,0.087969,0.094938,0.10213,0.10845,0.11662,0.12422,0.13309,0.14134,0.14938,0.15804,0.16841,0.17838,0.18735,0.19925,0.21109,0.22217,0.23612,0.24642,0.25907,0.27227,0.28708,0.30019,0.31522,0.32887,0.34484,0.35839,0.3716,0.38906,0.4047,0.41965,0.4369,0.45262,0.4676,0.48426,0.49909,0.51551,0.53382,0.54693,0.56436,0.58012,0.59614,0.61084,0.62691,0.64152,0.657,0.67062,0.68471,0.69971,0.71428,0.72635,0.73958,0.75188,0.76503,0.77756,0.78783,0.79956,0.81138,0.82063,0.83189,0.84137,0.85087,0.8594,0.86794,0.87652,0.88392,0.89149,0.89851,0.90431,0.91105,0.91727,0.9233,0.92838,0.93358,0.93825,0.942,0.94668,0.95055,0.95435,0.95791,0.9616,0.96392,0.96691,0.96946,0.97211,0.9741
0.027597,0.029271,0.032452,0.034749,0.037736,0.041388,0.044071,0.047759,0.051371,0.055331,0.060368,0.065031,0.069332,0.074176,0.07954,0.085951,0.091259,0.09779,0.105,0.11235,0.11946,0.12694,0.13552,0.14437,0.15261,0.16051,0.17272,0.18204,0.19185,0.20432,0.21499,0.22583,0.23846,0.24949,0.26384,0.27644,0.29009,0.30314,0.31881,0.33197,0.34541,0.35862,0.37595,0.38946,0.4059,0.42068,0.43629,0.45255,0.468,0.48324,0.49937,0.51536,0.53254,0.54731,0.56241,0.57839,0.59396,0.61023,0.62458,0.63958,0.6552,0.66927,0.68243,0.69711,0.71158,0.72279,0.73633,0.74817,0.7618,0.77274,0.78577,0.79663,0.80691,0.81797,0.8278,0.83777,0.84756,0.85562,0.86408,0.87341,0.8807,0.88769,0.89483,0.90138,0.90846,0.91477,0.91948,0.92497,0.9312,0.93556,0.93973,0.9445,0.94803,0.95228,0.95561,0.95917,0.9624,0.96487,0.9679,0.97042,0.97261
0.02914,0.03131,0.034149,0.036385,0.039444,0.042776,0.046152,0.050364,0.053633,0.057933,0.061809,0.067333,0.072069,0.077836,0.082767,0.088911,0.093963,0.10172,0.10749,0.11435,0.12313,0.12982,0.1388,0.14751,0.15646,0.16634,0.17488,0.18541,0.19547,0.20655,0.2184,0.22862,0.24137,0.25349,0.26567,0.27898,0.29236,0.30561,0.32024,0.33339,0.34749,0.3625,0.37758,0.39299,0.40843,0.42313,0.43894,0.45282,0.46746,0.48415,0.50265,0.51628,0.53175,0.54581,0.56207,0.57632,0.59143,0.61078,0.62334,0.63729,0.65133,0.66712,0.68041,0.69519,0.70803,0.72163,0.73394,0.74802,0.75748,0.77179,0.78102,0.79243,0.80373,0.81497,0.82527,0.83443,0.84315,0.85376,0.86169,0.86843,0.87801,0.88493,0.89171,0.89914,0.9063,0.91087,0.91792,0.92319,0.92779,0.9323,0.93739,0.94224,0.94598,0.95011,0.95335,0.95717,0.96043,0.96278,0.96593,0.96835,0.97167
0.030319,0.033365,0.035392,0.038991,0.042017,0.045245,0.048413,0.052012,0.056241,0.060349,0.065557,0.070468,0.074589,0.080607,0.086321,0.091707,0.098388,0.1043,0.11133,0.11891,0.12601,0.13508,0.14239,0.15104,0.16036,0.16852,0.1787,0.18838,0.19955,0.21117,0.22113,0.23312,0.24481,0.25697,0.26882,0.28299,0.29583,0.30881,0.3218,0.33659,0.35102,0.36533,0.37939,0.39282,0.40789,0.42323,0.43898,0.45339,0.46967,0.48417,0.49853,0.51609,0.53094,0.5462,0.5618,0.5761,0.59284,0.60541,0.62114,0.63454,0.65038,0.66311,0.67792,0.69201,0.70284,0.71799,0.73132,0.74374,0.75576,0.76621,0.77927,0.78867,0.80173,0.81122,0.8207,0.83023,0.84071,0.84819,0.85669,0.86592,0.87323,0.88092,0.88906,0.89518,0.90144,0.90816,0.91458,0.9197,0.92546,0.92992,0.93525,0.93886,0.94345,0.94815,0.95173,0.95563,0.95764,0.96163,0.96428,0.96684,0.96912
0.032163,0.034907,0.037923,0.039986,0.043478,0.046587,0.050379,0.054963,0.058739,0.063721,0.067493,0.072079,0.077962,0.083134,0.089143,0.094772,0.10087,0.10767,0.11416,0.12129,0.13084,0.13713,0.14538,0.15417,0.16334,0.17199,0.18256,0.19376,0.20404,0.21384,0.22513,0.23635,0.24813,0.26009,0.27287,0.284,0.29646,0.31079,0.32328,0.33947,0.35002,0.36735,0.3795,0.39619,0.41082,0.42343,0.43846,0.45376,0.46863,0.48329,0.49995,0.51509,0.52969,0.54579,0.5602,0.5756,0.58846,0.60468,0.61935,0.63416,0.64738,0.66224,0.67552,0.68893,0.7009,0.71561,0.72769,0.73954,0.75211,0.76327,0.77561,0.78631,0.79744,0.80766,0.81777,0.82647,0.8359,0.84489,0.85489,0.86319,0.8688,0.87744,0.88441,0.89193,0.89878,0.90547,0.91168,0.91673,0.92264,0.92768,0.93186,0.93719,0.94141,0.94562,0.9491,0.95293,0.95547,0.95924,0.96248,0.96499,0.96774
0.034145,0.037054,0.040125,0.043128,0.04538,0.049224,0.053429,0.057209,0.061403,0.065455,0.070288,0.075772,0.080797,0.086587,0.091296,0.098196,0.10443,0.11053,0.11753,0.1252,0.1342,0.14186,0.14908,0.15764,0.16688,0.17625,0.18599,0.1968,0.20782,0.21718,0.22786,0.2387,0.25062,0.26168,0.27487,0.28866,0.30193,0.31487,0.32653,0.34004,0.35403,0.36868,0.3825,0.39719,0.41191,0.42479,0.44084,0.45555,0.46852,0.48534,0.49973,0.51522,0.5291,0.54538,0.55819,0.57477,0.58741,0.60113,0.61939,0.6296,0.64683,0.66002,0.67302,0.68611,0.69969,0.71213,0.72484,0.73703,0.74928,0.76141,0.77144,0.7835,0.7937,0.80469,0.81406,0.82453,0.83273,0.8419,0.85095,0.85983,0.86665,0.87517,0.88208,0.8891,0.89521,0.90202,0.90816,0.91365,0.91969,0.92554,0.93018,0.93441,0.93855,0.94336,0.94618,0.95013,0.95396,0.95778,0.95986,0.96331,0.96626
0.036619,0.03812,0.041451,0.044831,0.048277,0.051524,0.056098,0.060186,0.063186,0.06867,0.073249,0.077701,0.083697,0.089489,0.094283,0.10107,0.10692,0.11398,0.12141,0.12854,0.13584,0.14464,0.15132,0.16093,0.16927,0.17905,0.18833,0.19961,0.21078,0.22034,0.23115,0.24207,0.25463,0.26546,0.27924,0.28981,0.3022,0.31713,0.32987,0.34271,0.35613,0.37055,0.38449,0.39854,0.41199,0.42768,0.44195,0.45407,0.47025,0.48493,0.50143,0.51422,0.52889,0.54408,0.55697,0.57225,0.58737,0.60145,0.61541,0.63023,0.64431,0.65752,0.67121,0.68374,0.69578,0.70904,0.7236,0.73331,0.74641,0.75695,0.76929,0.77956,0.79041,0.80087,0.81117,0.82013,0.82998,0.83875,0.84687,0.85589,0.86447,0.87183,0.87855,0.88577,0.89231,0.89909,0.90611,0.91107,0.91697,0.92219,0.92657,0.93204,0.93591,0.9398,0.9449,0.94834,0.95189,0.95558,0.95927,0.96185,0.96459
0.037695,0.040743,0.043478,0.046576,0.050419,0.05414,0.057759,0.062177,0.066326,0.070573,0.076082,0.080557,0.086571,0.091262,0.098195,0.10401,0.11129,0.11746,0.12519,0.1324,0.14032,0.14699,0.15538,0.16441,0.17269,0.18277,0.19273,0.20337,0.21315,0.22391,0.23466,0.24545,0.25626,0.26972,0.28129,0.29444,0.30636,0.31871,0.33003,0.34356,0.3602,0.37206,0.38675,0.39943,0.41257,0.42898,0.44184,0.45625,0.47073,0.48541,0.49938,0.51406,0.53085,0.54473,0.55659,0.57216,0.58642,0.60076,0.61512,0.62659,0.64089,0.6553,0.6667,0.68133,0.6948,0.70621,0.71822,0.73369,0.74331,0.75269,0.76722,0.77668,0.78697,0.79636,0.80739,0.81671,0.82634,0.83462,0.84371,0.85337,0.8616,0.86819,0.87584,0.88367,0.88923,0.89574,0.90165,0.90852,0.91393,0.91857,0.92417,0.9294,0.93329,0.9375,0.94185,0.9466,0.94968,0.95315,0.95627,0.95943,0.9624
0.039158,0.042041,0.045567,0.04863,0.052133,0.056583,0.06015,0.063937,0.068767,0.073476,0.078211,0.084569,0.089255,0.094726,0.10083,0.10744,0.11421,0.11943,0.12714,0.13621,0.14451,0.15162,0.1605,0.16907,0.17744,0.18594,0.19549,0.2064,0.2164,0.22655,0.23746,0.24964,0.26007,0.27116,0.2855,0.29671,0.3074,0.32202,0.33181,0.34587,0.36251,0.37299,0.3862,0.39975,0.41467,0.42924,0.44255,0.45739,0.47108,0.48556,0.50121,0.51446,0.52942,0.54197,0.55588,0.57193,0.58589,0.59872,0.6132,0.62635,0.63755,0.65327,0.66503,0.67856,0.6894,0.70391,0.71687,0.72888,0.73849,0.75092,0.76243,0.77246,0.784,0.79405,0.80411,0.81387,0.82279,0.83225,0.83939,0.84739,0.85716,0.86439,0.87164,0.87958,0.88624,0.89258,0.89891,0.90525,0.91051,0.91623,0.92144,0.92724,0.93094,0.93651,0.94003,0.94358,0.9469,0.95148,0.95463,0.95745,0.96004
0.04174,0.044416,0.047806,0.051411,0.054553,0.058976,0.062086,0.066305,0.072175,0.076931,0.082239,0.086454,0.092377,0.096938,0.10366,0.11164,0.11753,0.12431,0.13075,0.13929,0.1469,0.15454,0.16163,0.1712,0.18057,0.18946,0.1978,0.20987,0.21925,0.2306,0.24,0.25313,0.26397,0.27536,0.28492,0.3001,0.31042,0.32359,0.33611,0.35004,0.36206,0.37523,0.38888,0.40095,0.41755,0.43067,0.44501,0.45742,0.46975,0.48676,0.49895,0.5153,0.52815,0.54336,0.55544,0.56973,0.58297,0.59756,0.61124,0.623,0.63755,0.65088,0.66351,0.67539,0.69006,0.70057,0.71303,0.72403,0.73716,0.7481,0.76047,0.77096,0.77959,0.7905,0.8002,0.80941,0.81895,0.82802,0.83702,0.84568,0.85336,0.86059,0.87044,0.8764,0.88293,0.88986,0.89635,0.90205,0.9078,0.9132,0.91861,0.92305,0.92784,0.93307,0.93696,0.94109,0.94534,0.94958,0.95219,0.95533,0.95794
0.043362,0.047062,0.050702,0.053789,0.056521,0.060795,0.065854,0.069777,0.074481,0.079312,0.085187,0.089761,0.095187,0.1012,0.10625,0.11407,0.12115,0.12702,0.13397,0.14188,0.14913,0.15899,0.16546,0.1745,0.18497,0.19195,0.2034,0.21213,0.22321,0.23274,0.24414,0.25484,0.26661,0.27669,0.28976,0.30137,0.31324,0.32517,0.33635,0.35207,0.36626,0.37654,0.39071,0.40535,0.41812,0.43115,0.44551,0.4583,0.47278,0.48619,0.49921,0.51401,0.52541,0.54246,0.55658,0.56867,0.58249,0.59381,0.61133,0.62301,0.63393,0.65107,0.66164,0.67406,0.68563,0.69959,0.70959,0.72184,0.73215,0.74513,0.75563,0.76692,0.77832,0.78619,0.79784,0.80839,0.81541,0.82424,0.83239,0.84203,0.85021,0.85708,0.86563,0.87226,0.87982,0.88675,0.89183,0.89768,0.9049,0.91072,0.91605,0.92086,0.9258,0.93059,0.93427,0.9383,0.94332,0.94611,0.95027,0.95274,0.95618
0.045122,0.048843,0.052452,0.055318,0.059597,0.064068,0.068418,0.072515,0.077501,0.082058,0.087645,0.093464,0.097535,0.10413,0.11052,0.11721,0.12388,0.12995,0.13778,0.14612,0.15308,0.16003,0.16852,0.178,0.18745,0.19665,0.20594,0.21524,0.22584,0.23659,0.24674,0.25822,0.27115,0.28099,0.29255,0.30257,0.31593,0.3287,0.34055,0.35426,0.36599,0.37908,0.39315,0.40544,0.4196,0.43124,0.44434,0.45825,0.47426,0.485,0.49939,0.51239,0.52822,0.54344,0.55536,0.57179,0.58311,0.59478,0.6066,0.62018,0.63369,0.64525,0.65827,0.67218,0.68316,0.6967,0.70918,0.72035,0.73102,0.74342,0.75213,0.76264,0.7743,0.78414,0.79396,0.80292,0.81384,0.82267,0.82886,0.83986,0.84729,0.8549,0.86276,0.86965,0.87617,0.88463,0.88932,0.89567,0.90283,0.9076,0.9128,0.91776,0.92363,0.92738,0.93256,0.93614,0.94041,0.94446,0.94759,0.95127,0.95409
0.04752,0.051191,0.055323,0.059144,0.06244,0.066431,0.070866,0.075079,0.080071,0.084733,0.089358,0.096658,0.10236,0.10783,0.11455,0.12045,0.12816,0.13494,0.14021,0.14937,0.15613,0.16432,0.17338,0.18233,0.19141,0.19977,0.20909,0.21839,0.23042,0.23866,0.25199,0.26018,0.27009,0.28173,0.29473,0.30649,0.31595,0.33096,0.3425,0.35471,0.3678,0.37911,0.3934,0.40557,0.42041,0.43348,0.4483,0.4599,0.47328,0.48555,0.49882,0.51229,0.5292,0.5398,0.5558,0.56686,0.58069,0.59307,0.6057,0.62165,0.63232,0.64504,0.65672,0.66748,0.68243,0.69338,0.70496,0.71744,0.72839,0.73948,0.75067,0.7598,0.77054,0.78174,0.78869,0.79904,0.80899,0.81831,0.82699,0.83555,0.8438,0.85234,0.85902,0.86659,0.87378,0.87897,0.88532,0.8932,0.89948,0.90481,0.90937,0.91519,0.91951,0.92486,0.92891,0.93303,0.93735,0.94101,0.94531,0.94852,0.95174
0.049829,0.052927,0.056611,0.060907,0.064598,0.069288,0.072674,0.077591,0.082518,0.088858,0.09394,0.09786,0.10447,0.11017,0.1172,0.12343,0.12998,0.13775,0.14422,0.15269,0.15931,0.16812,0.17797,0.18489,0.19393,0.20135,0.21313,0.22244,0.23183,0.24256,0.25317,0.26299,0.27347,0.28445,0.29709,0.30757,0.32004,0.33181,0.3459,0.35667,0.36961,0.38031,0.39611,0.40714,0.42042,0.43415,0.44647,0.46099,0.473,0.4861,0.5007,0.51343,0.52766,0.54059,0.55222,0.56567,0.57966,0.59186,0.60538,0.6175,0.63066,0.64312,0.65436,0.6671,0.68029,0.691,0.70148,0.7139,0.72554,0.73493,0.74602,0.75838,0.76735,0.77691,0.78811,0.79767,0.80512,0.81566,0.82282,0.83429,0.83953,0.84873,0.85558,0.86288,0.87021,0.87572,0.88441,0.8895,0.89523,0.9008,0.90699,0.91349,0.91761,0.92203,0.9274,0.93084,0.93527,0.93865,0.94329,0.94652,0.95011
0.052199,0.055675,0.059211,0.063257,0.06681,0.072018,0.075389,0.080386,0.085333,0.090393,0.095834,0.10127,0.10832,0.1141,0.12084,0.12769,0.1331,0.13966,0.14626,0.15577,0.16356,0.1708,0.17957,0.18683,0.19798,0.20548,0.21583,0.22517,0.2356,0.24566,0.25625,0.26555,0.27665,0.28767,0.29913,0.31081,0.32237,0.33382,0.34559,0.35984,0.37095,0.38387,0.39488,0.41049,0.42118,0.43412,0.44691,0.46068,0.47457,0.48704,0.50023,0.51453,0.52402,0.53939,0.55185,0.56478,0.57796,0.58954,0.60321,0.61447,0.62735,0.64097,0.6524,0.66652,0.67706,0.6891,0.69828,0.71127,0.72456,0.73271,0.74305,0.75442,0.76381,0.77458,0.78373,0.79315,0.80266,0.81035,0.82088,0.82836,0.83524,0.84485,0.85223,0.85942,0.86749,0.87392,0.87876,0.88696,0.89315,0.89858,0.90293,0.90929,0.91482,0.91983,0.92455,0.92868,0.93203,0.93709,0.94047,0.94488,0.94787
0.053936,0.05783,0.061371,0.065813,0.069604,0.074275,0.077687,0.082799,0.088928,0.094171,0.099024,0.1046,0.11025,0.11678,0.12194,0.12925,0.13673,0.14356,0.15242,0.15772,0.16776,0.174,0.18138,0.19119,0.20195,0.20931,0.21751,0.22795,0.23921,0.247,0.25896,0.26733,0.27898,0.29139,0.30227,0.31423,0.32306,0.33657,0.34912,0.36112,0.37367,0.38599,0.39898,0.40915,0.42209,0.43536,0.44687,0.46324,0.47497,0.48786,0.50041,0.51279,0.52473,0.53929,0.55222,0.56386,0.5773,0.59032,0.60218,0.61493,0.62769,0.64072,0.65015,0.66233,0.6747,0.68618,0.69758,0.70833,0.71866,0.73077,0.74181,0.75228,0.76184,0.77106,0.78035,0.78873,0.79847,0.80843,0.81722,0.82473,0.83349,0.8406,0.84859,0.85744,0.86205,0.87075,0.87667,0.88406,0.89064,0.89601,0.90112,0.90587,0.91068,0.91668,0.92141,0.92542,0.93034,0.93522,0.93855,0.9417,0.94637
0.057608,0.059123,0.064524,0.067888,0.07226,0.077057,0.082665,0.085887,0.091204,0.096757,0.10273,0.10696,0.11291,0.12069,0.12655,0.1318,0.14073,0.14564,0.15277,0.16171,0.16893,0.17677,0.18581,0.19552,0.20357,0.21236,0.22235,0.22993,0.23937,0.25173,0.26107,0.27067,0.28223,0.2955,0.30467,0.31568,0.32808,0.33824,0.34939,0.36336,0.37282,0.38634,0.40038,0.41044,0.42246,0.43737,0.44704,0.46047,0.47576,0.48722,0.501,0.51138,0.52519,0.53807,0.55216,0.56366,0.57694,0.58798,0.60027,0.61279,0.62483,0.63673,0.64821,0.66106,0.67202,0.68414,0.69494,0.7059,0.71658,0.72943,0.73941,0.74793,0.75849,0.76791,0.77808,0.78747,0.79509,0.8036,0.81302,0.82353,0.83095,0.83852,0.84619,0.8526,0.86081,0.86708,0.87376,0.88105,0.88619,0.89217,0.89884,0.90334,0.90864,0.91328,0.91742,0.92338,0.92823,0.93233,0.93624,0.93939,0.94353
0.058704,0.062893,0.066196,0.071272,0.07501,0.079309,0.084782,0.089871,0.094662,0.10121,0.10508,0.11182,0.11669,0.12401,0.12827,0.13602,0.14274,0.15007,0.15702,0.16582,0.1725,0.18094,0.18921,0.19765,0.2079,0.2161,0.22596,0.2351,0.24423,0.25413,0.26462,0.27446,0.2851,0.29769,0.30704,0.31655,0.32891,0.33924,0.35092,0.36338,0.37773,0.38989,0.39899,0.41277,0.4253,0.43735,0.45024,0.46247,0.47507,0.48429,0.50003,0.51046,0.52483,0.53676,0.54971,0.56468,0.57462,0.58555,0.59714,0.60989,0.62453,0.63453,0.64642,0.65779,0.6704,0.68328,0.69215,0.7032,0.71345,0.72391,0.73666,0.74477,0.7566,0.76544,0.77407,0.78438,0.79343,0.8032,0.80998,0.81975,0.82633,0.83517,0.84184,0.85014,0.85732,0.86411,0.87031,0.87756,0.88441,0.88867,0.89503,0.9013,0.90574,0.91142,0.91614,0.92009,0.92531,0.92936,0.93364,0.93732,0.9403
0.06195,0.064483,0.069169,0.073225,0.077641,0.081982,0.087884,0.09045,0.097613,0.1022,0.10748,0.11384,0.11869,0.12537,0.13112,0.13822,0.14635,0.153,0.16104,0.16855,0.17536,0.1838,0.19362,0.20155,0.20767,0.21913,0.22916,0.23665,0.24686,0.25684,0.26705,0.27866,0.28823,0.29844,0.31206,0.32066,0.33184,0.34395,0.35416,0.36653,0.37879,0.38745,0.40209,0.41339,0.42589,0.43902,0.44998,0.46195,0.4749,0.48815,0.50014,0.51388,0.52414,0.53937,0.55286,0.56286,0.57559,0.5851,0.59783,0.61221,0.62318,0.63499,0.64605,0.65538,0.66716,0.68065,0.69121,0.69895,0.71303,0.72258,0.7333,0.74399,0.75214,0.76168,0.77117,0.77992,0.79136,0.7993,0.80721,0.81498,0.82377,0.83251,0.83946,0.84652,0.85407,0.86043,0.86805,0.87339,0.88067,0.88643,0.89134,0.89798,0.9034,0.90761,0.91277,0.91886,0.92112,0.9263,0.9313,0.9349,0.93831
0.063323,0.067677,0.072097,0.075913,0.080767,0.084614,0.088904,0.094526,0.099145,0.10465,0.11056,0.11621,0.12275,0.12847,0.13559,0.14269,0.14896,0.15547,0.16334,0.1716,0.17892,0.18763,0.19494,0.20429,0.21211,0.22019,0.23203,0.24098,0.24898,0.26073,0.26951,0.2799,0.28858,0.30235,0.31189,0.32334,0.33362,0.34517,0.35525,0.36625,0.37914,0.39001,0.40233,0.41686,0.42924,0.43798,0.45076,0.46517,0.47647,0.48718,0.50027,0.51303,0.52403,0.53884,0.54752,0.56,0.57308,0.58446,0.59704,0.60957,0.623,0.63088,0.64413,0.65224,0.66705,0.67713,0.68793,0.70034,0.71073,0.72093,0.72988,0.73942,0.75006,0.75962,0.7693,0.77773,0.78765,0.79592,0.80437,0.81146,0.82152,0.82978,0.83648,0.84337,0.85055,0.85697,0.86364,0.87059,0.87841,0.88344,0.88992,0.89505,0.89938,0.90601,0.91143,0.91583,0.9195,0.92407,0.9281,0.93204,0.9367
0.066062,0.071067,0.073953,0.079122,0.084268,0.087609,0.092521,0.096897,0.10285,0.10831,0.11327,0.11955,0.12709,0.13321,0.13864,0.1454,0.15311,0.15786,0.16667,0.17275,0.18316,0.18928,0.19857,0.20721,0.21558,0.22443,0.23332,0.24311,0.25309,0.26049,0.27224,0.28388,0.29315,0.30338,0.31342,0.32644,0.33626,0.34795,0.35925,0.36935,0.38199,0.39306,0.40653,0.41721,0.42754,0.43889,0.45326,0.46245,0.47512,0.4877,0.49941,0.50849,0.52326,0.5367,0.54874,0.56101,0.57254,0.58416,0.59433,0.60699,0.6199,0.63121,0.64031,0.6545,0.66285,0.67633,0.68386,0.69578,0.70748,0.71759,0.72892,0.73642,0.74736,0.7562,0.76455,0.77548,0.785,0.79408,0.80131,0.80995,0.81666,0.82557,0.83265,0.84156,0.84836,0.8553,0.86101,0.86783,0.8743,0.88025,0.88538,0.89232,0.897,0.90293,0.90726,0.91145,0.91758,0.92178,0.92533,0.92935,0.93423
0.068644,0.072094,0.077241,0.08156,0.085075,0.090716,0.095084,0.10078,0.10606,0.11195,0.11709,0.12278,0.12966,0.13552,0.14086,0.14753,0.15528,0.16335,0.17083,0.17708,0.18724,0.19385,0.2022,0.20884,0.21951,0.22636,0.23749,0.2445,0.25511,0.26558,0.27563,0.28521,0.29672,0.30547,0.31764,0.32905,0.34006,0.34751,0.36108,0.37308,0.38365,0.39311,0.40532,0.41797,0.42925,0.44133,0.45193,0.46346,0.47735,0.48692,0.49875,0.50876,0.52361,0.53551,0.54776,0.56064,0.57109,0.58492,0.59255,0.60689,0.61847,0.63046,0.64014,0.65131,0.66114,0.67291,0.6845,0.69341,0.70517,0.7147,0.72708,0.73337,0.74584,0.75301,0.76408,0.77255,0.78201,0.78855,0.79789,0.80578,0.81423,0.82162,0.82936,0.83699,0.84371,0.85208,0.85742,0.86417,0.8706,0.8763,0.88259,0.88856,0.89423,0.89988,0.90418,0.90973,0.91507,0.91827,0.92319,0.92602,0.93087
0.070774,0.075622,0.079191,0.083536,0.088511,0.092945,0.097745,0.1027,0.10815,0.11344,0.11947,0.12599,0.13121,0.13673,0.14456,0.15032,0.15796,0.16679,0.17427,0.17989,0.18954,0.19657,0.20501,0.21125,0.22077,0.23002,0.23987,0.24836,0.25823,0.26807,0.27682,0.28877,0.2958,0.30708,0.31881,0.32891,0.33801,0.35147,0.35958,0.3726,0.38507,0.39606,0.40748,0.41725,0.43025,0.44195,0.45343,0.46532,0.47762,0.488,0.50101,0.51137,0.52249,0.53703,0.54774,0.5585,0.57093,0.58194,0.59242,0.60631,0.61766,0.62793,0.63827,0.64874,0.65959,0.67182,0.67949,0.69248,0.70139,0.71213,0.72153,0.73181,0.74136,0.75167,0.76035,0.77029,0.7776,0.78727,0.79509,0.80451,0.81051,0.82001,0.8256,0.8357,0.8414,0.84809,0.85583,0.8604,0.86762,0.87422,0.88021,0.88586,0.89168,0.89725,0.90218,0.90671,0.91185,0.91678,0.92016,0.92436,0.92846
0.073763,0.077319,0.082387,0.086024,0.090924,0.095741,0.099573,0.10501,0.11034,0.11902,0.12288,0.12789,0.13526,0.14119,0.14863,0.15481,0.16209,0.16971,0.176,0.18258,0.19163,0.20001,0.20613,0.21561,0.22539,0.23292,0.24285,0.25139,0.26112,0.27035,0.28041,0.29098,0.29961,0.31011,0.32192,0.33162,0.34043,0.35171,0.36322,0.37264,0.38704,0.39899,0.40952,0.42162,0.4296,0.44203,0.45522,0.46412,0.47619,0.48909,0.50116,0.5106,0.52271,0.53344,0.54695,0.55717,0.57078,0.5826,0.59285,0.60305,0.61543,0.6253,0.63647,0.64689,0.65719,0.67001,0.67862,0.69009,0.7022,0.71026,0.72103,0.72925,0.74087,0.7473,0.75745,0.76531,0.77621,0.7836,0.79292,0.79972,0.8073,0.81549,0.8247,0.8321,0.83809,0.84618,0.85117,0.85998,0.86628,0.8732,0.87725,0.88268,0.88824,0.89386,0.90021,0.90462,0.90918,0.91387,0.91726,0.92272,0.92731
0.076193,0.080981,0.08441,0.089979,0.092839,0.098846,0.10436,0.10853,0.11462,0.1203,0.12583,0.13053,0.13849,0.14397,0.15125,0.15759,0.16464,0.17196,0.17823,0.18658,0.19409,0.20242,0.21089,0.21908,0.2278,0.23441,0.24436,0.25593,0.26321,0.27164,0.28309,0.29231,0.3023,0.31407,0.32373,0.33263,0.34455,0.35401,0.36608,0.37465,0.38506,0.39692,0.40798,0.41928,0.43099,0.44196,0.4532,0.46636,0.4786,0.48761,0.49994,0.51009,0.52247,0.53457,0.54548,0.55709,0.56734,0.57979,0.5897,0.60266,0.61298,0.62339,0.63658,0.64581,0.65864,0.66781,0.67814,0.68811,0.6977,0.70771,0.71703,0.72606,0.73508,0.74419,0.75574,0.76256,0.77179,0.78306,0.79003,0.79701,0.80488,0.81282,0.82151,0.82868,0.83662,0.84114,0.84893,0.85436,0.86193,0.86988,0.87384,0.8792,0.88585,0.89189,0.89678,0.90128,0.906,0.9112,0.91554,0.91928,0.92317
0.079384,0.083005,0.086522,0.091112,0.096286,0.10131,0.10717,0.11305,0.11762,0.12173,0.12825,0.13461,0.14038,0.1479,0.1556,0.16079,0.16841,0.17345,0.18057,0.18986,0.19809,0.20544,0.21355,0.22099,0.23011,0.23994,0.24844,0.2555,0.26596,0.27873,0.2847,0.29512,0.30465,0.31598,0.32746,0.33449,0.34424,0.35537,0.36684,0.3768,0.38706,0.39728,0.40887,0.42118,0.43091,0.44332,0.4548,0.46387,0.47696,0.48935,0.50087,0.51269,0.52376,0.53291,0.54571,0.5556,0.5659,0.57917,0.58962,0.60176,0.61143,0.624,0.63302,0.64379,0.65486,0.66331,0.67666,0.68665,0.69659,0.70666,0.71363,0.72539,0.73439,0.74251,0.75095,0.75984,0.76975,0.77815,0.78547,0.79538,0.80224,0.81081,0.81563,0.82554,0.83299,0.84027,0.84549,0.85213,0.8594,0.86538,0.87107,0.87644,0.88228,0.88843,0.8941,0.8985,0.90361,0.90941,0.91191,0.91736,0.92154
0.080537,0.086494,0.089133,0.094567,0.098298,0.10422,0.11011,0.1161,0.12193,0.12586,0.13224,0.13693,0.14347,0.1494,0.1567,0.1636,0.16851,0.17794,0.18463,0.1912,0.19892,0.20879,0.2171,0.22448,0.23265,0.24225,0.25109,0.25884,0.26776,0.27741,0.28667,0.2948,0.30752,0.3175,0.32726,0.33699,0.34744,0.358,0.36799,0.37931,0.38928,0.39951,0.41027,0.42229,0.43278,0.44526,0.45482,0.46642,0.47916,0.48931,0.50062,0.51306,0.52307,0.53244,0.54509,0.55686,0.56757,0.57932,0.59,0.59984,0.61059,0.62167,0.63154,0.64309,0.65302,0.66281,0.67349,0.68275,0.69084,0.70295,0.71379,0.7205,0.72992,0.7394,0.7497,0.75768,0.76624,0.77564,0.78421,0.79119,0.79995,0.80661,0.81474,0.82124,0.83044,0.83649,0.84316,0.85022,0.85648,0.86177,0.86959,0.87369,0.88002,0.88544,0.89072,0.89696,0.90107,0.90556,0.90948,0.9155,0.91854
0.083889,0.087778,0.092641,0.098116,0.10186,0.10769,0.11144,0.1176,0.12314,0.12919,0.13446,0.13908,0.14679,0.15398,0.16077,0.1665,0.17335,0.18242,0.18651,0.19748,0.2031,0.21051,0.21942,0.22894,0.23553,0.24336,0.25338,0.2622,0.27331,0.27956,0.28902,0.29979,0.30746,0.32017,0.3277,0.33952,0.34957,0.35918,0.36931,0.38031,0.39111,0.40319,0.41374,0.42342,0.43572,0.44555,0.45561,0.46721,0.4784,0.48852,0.50003,0.51154,0.5223,0.5336,0.54484,0.55313,0.5667,0.57868,0.58899,0.59751,0.6096,0.61927,0.63026,0.64125,0.65001,0.66227,0.67138,0.68058,0.69227,0.70266,0.71083,0.72037,0.73131,0.73889,0.74677,0.75507,0.766,0.77216,0.78049,0.78949,0.79698,0.80167,0.81222,0.81877,0.82668,0.83217,0.84078,0.84698,0.85219,0.8598,0.86534,0.87259,0.87784,0.88301,0.88858,0.89433,0.89868,0.9025,0.90883,0.91229,0.91662
0.086472,0.090792,0.095722,0.099477,0.10492,0.10868,0.11501,0.11963,0.12413,0.13216,0.13799,0.14343,0.14945,0.1548,0.16202,0.17045,0.177,0.18376,0.18975,0.2007,0.20564,0.21412,0.22122,0.23035,0.23847,0.24627,0.25695,0.26431,0.27202,0.28245,0.29127,0.30035,0.31106,0.32118,0.33091,0.34062,0.34956,0.36072,0.37145,0.38233,0.39012,0.40135,0.4135,0.42337,0.43291,0.44388,0.45869,0.46531,0.47948,0.49037,0.50197,0.50954,0.52359,0.53147,0.54177,0.55551,0.56728,0.57639,0.58618,0.59759,0.60789,0.61678,0.6289,0.63915,0.64788,0.65851,0.66944,0.67963,0.69027,0.69953,0.70841,0.71603,0.72638,0.73509,0.74478,0.75171,0.76215,0.77007,0.77742,0.78692,0.79396,0.80141,0.81055,0.8158,0.82377,0.82939,0.8374,0.84346,0.84999,0.85597,0.86321,0.86812,0.87395,0.87937,0.88513,0.88942,0.89555,0.90001,0.90586,0.90951,0.91331
0.088424,0.094005,0.097394,0.10318,0.10849,0.11185,0.11722,0.12213,0.12744,0.13362,0.14079,0.14584,0.15392,0.15857,0.16557,0.17122,0.17998,0.18656,0.19388,0.20145,0.20661,0.21659,0.22354,0.23143,0.23995,0.24997,0.25833,0.26696,0.27389,0.28434,0.295,0.30497,0.31328,0.32235,0.33308,0.34177,0.35154,0.36245,0.37328,0.3827,0.39324,0.40383,0.4129,0.42403,0.43637,0.44553,0.45472,0.46799,0.47844,0.48975,0.50035,0.51294,0.52142,0.53115,0.54346,0.55321,0.56483,0.57425,0.58556,0.59541,0.60835,0.61663,0.62846,0.63634,0.64586,0.65666,0.66779,0.67547,0.68708,0.69569,0.70487,0.7146,0.72421,0.73401,0.74225,0.751,0.7587,0.76729,0.77556,0.78263,0.79281,0.79794,0.80718,0.81445,0.82027,0.82789,0.83432,0.84005,0.8467,0.85533,0.86078,0.86653,0.87227,0.87643,0.88293,0.887,0.89256,0.89671,0.90096,0.90722,0.9112
0.091623,0.09576,0.10024,0.10519,0.11016,0.11516,0.12047,0.12642,0.13166,0.13762,0.14246,0.14883,0.15432,0.16284,0.16736,0.17444,0.18113,0.18826,0.19718,0.2043,0.21197,0.21865,0.22652,0.23467,0.24483,0.25184,0.26032,0.26854,0.2778,0.2868,0.29537,0.30537,0.31522,0.32455,0.3335,0.34446,0.35513,0.36126,0.37337,0.38356,0.39546,0.40772,0.41604,0.42522,0.43719,0.44776,0.45701,0.46909,0.47947,0.48726,0.50016,0.51086,0.52112,0.52925,0.54492,0.55362,0.56452,0.57354,0.58472,0.59613,0.60356,0.61652,0.62594,0.63421,0.64678,0.65616,0.66364,0.67494,0.68499,0.69357,0.70234,0.7105,0.72056,0.72995,0.73945,0.74734,0.75764,0.76364,0.77208,0.77978,0.78769,0.79524,0.80404,0.81,0.81769,0.8255,0.83102,0.83793,0.84472,0.85048,0.85757,0.86386,0.86912,0.87385,0.88077,0.88445,0.88935,0.89479,0.89951,0.90436,0.90914
0.09443,0.097141,0.10315,0.10838,0.11066,0.11778,0.12348,0.12686,0.13344,0.14036,0.1463,0.15193,0.15833,0.1643,0.16992,0.17737,0.18482,0.19323,0.19957,0.20634,0.21427,0.22158,0.23075,0.23804,0.24622,0.25502,0.2637,0.27112,0.2811,0.2902,0.29772,0.30698,0.31807,0.32831,0.33633,0.34574,0.35681,0.36726,0.37563,0.3848,0.39676,0.40686,0.41591,0.42713,0.43691,0.4475,0.45718,0.46645,0.47781,0.48882,0.49922,0.50812,0.52414,0.53005,0.54412,0.55083,0.56316,0.57245,0.58477,0.59448,0.60423,0.61501,0.62351,0.63498,0.64423,0.65507,0.66359,0.67468,0.68401,0.69063,0.70175,0.71103,0.71968,0.72964,0.73683,0.74419,0.75459,0.76192,0.7682,0.77874,0.78652,0.79281,0.80071,0.80819,0.81477,0.82139,0.82902,0.83505,0.84234,0.84767,0.85539,0.86024,0.86654,0.87214,0.87575,0.88352,0.88724,0.89216,0.89671,0.90053,0.90605
0.096266,0.10103,0.10624,0.10931,0.11523,0.11968,0.12454,0.13099,0.13622,0.14256,0.14859,0.15517,0.15987,0.16625,0.1738,0.18049,0.18858,0.1938,0.20209,0.20875,0.21705,0.22428,0.23267,0.24032,0.24887,0.25645,0.26378,0.27295,0.28394,0.29275,0.29942,0.30939,0.31942,0.32725,0.33807,0.34915,0.35904,0.36788,0.37432,0.39001,0.39628,0.40764,0.41746,0.42656,0.43834,0.44719,0.45811,0.46926,0.47929,0.4889,0.49993,0.51307,0.52037,0.53091,0.5434,0.55083,0.56285,0.57326,0.58369,0.59161,0.60302,0.61396,0.62362,0.62983,0.64372,0.65265,0.66148,0.66977,0.68149,0.69066,0.69856,0.70871,0.71868,0.72508,0.73393,0.74284,0.74999,0.75914,0.76559,0.77505,0.78222,0.79002,0.79948,0.80566,0.8131,0.81883,0.82574,0.833,0.8391,0.8444,0.85159,0.85697,0.86168,0.86801,0.87366,0.88024,0.88529,0.88952,0.89393,0.9001,0.90308
0.098422,0.1043,0.10953,0.11341,0.1191,0.12338,0.1271,0.13339,0.14159,0.14608,0.15278,0.15711,0.16492,0.16961,0.17628,0.18481,0.19096,0.197,0.20412,0.2143,0.21948,0.22858,0.23531,0.24532,0.25037,0.25927,0.268,0.27726,0.28542,0.29478,0.30369,0.31054,0.32056,0.32991,0.33875,0.35024,0.3593,0.36892,0.38068,0.3885,0.39689,0.40686,0.41887,0.42931,0.43907,0.44897,0.46069,0.46938,0.47783,0.48981,0.50162,0.51033,0.5227,0.53066,0.5418,0.55172,0.56015,0.57118,0.58231,0.5916,0.60116,0.61425,0.62261,0.62995,0.64206,0.65142,0.66301,0.66951,0.67819,0.68842,0.69632,0.70471,0.71208,0.72233,0.7326,0.73985,0.74823,0.75609,0.7669,0.77304,0.78197,0.78613,0.79528,0.80377,0.80953,0.8166,0.82275,0.82874,0.83751,0.84279,0.84872,0.85467,0.85986,0.86618,0.87026,0.87473,0.88267,0.88545,0.89066,0.89569,0.90065
0.10212,0.10575,0.11105,0.11405,0.11975,0.12622,0.13074,0.13632,0.14262,0.14854,0.15399,0.16036,0.16766,0.17266,0.17945,0.18602,0.19026,0.19991,0.20776,0.2163,0.22153,0.23064,0.23825,0.24537,0.25361,0.26066,0.26931,0.27982,0.28635,0.29834,0.30392,0.31443,0.32359,0.33242,0.34072,0.35092,0.36054,0.37218,0.37893,0.3912,0.40093,0.40819,0.42113,0.43067,0.43975,0.45049,0.4625,0.46991,0.48046,0.49029,0.50091,0.51182,0.52256,0.52861,0.54125,0.55439,0.56149,0.56799,0.58054,0.5913,0.6012,0.61084,0.61959,0.63057,0.63868,0.64836,0.65964,0.66849,0.67748,0.68535,0.69515,0.70299,0.71263,0.72156,0.72945,0.73857,0.74669,0.75502,0.76383,0.76959,0.77655,0.78521,0.79295,0.80094,0.80721,0.81287,0.82057,0.82789,0.83404,0.84077,0.84595,0.85327,0.85676,0.86137,0.86854,0.87506,0.87916,0.88443,0.88959,0.89262,0.8976
0.10408,0.10878,0.11317,0.11933,0.12313,0.12893,0.13492,0.13954,0.14502,0.15041,0.15665,0.16265,0.16957,0.17652,0.18118,0.19006,0.19523,0.20315,0.20918,0.21894,0.22516,0.2318,0.24149,0.24811,0.25529,0.26622,0.27588,0.28073,0.29118,0.2973,0.30625,0.31563,0.32736,0.33174,0.34282,0.35431,0.36014,0.37225,0.38201,0.38997,0.40161,0.40924,0.42031,0.42762,0.43901,0.44791,0.45868,0.46995,0.47867,0.48885,0.50064,0.51123,0.52208,0.53068,0.54093,0.55085,0.56045,0.57034,0.58112,0.58938,0.60073,0.60891,0.61855,0.62795,0.63642,0.64672,0.65531,0.6665,0.67542,0.68499,0.69423,0.70385,0.70903,0.71766,0.72774,0.73616,0.74512,0.75166,0.75829,0.76841,0.77683,0.78233,0.79095,0.79762,0.80461,0.81108,0.81777,0.82327,0.83118,0.8365,0.84291,0.84894,0.85393,0.85993,0.86529,0.87146,0.87693,0.88152,0.88689,0.89094,0.89603
0.10759,0.11207,0.11606,0.12164,0.12584,0.13145,0.13714,0.14171,0.14825,0.15377,0.15944,0.16376,0.1709,0.17726,0.18426,0.19107,0.19825,0.20449,0.21456,0.22092,0.22762,0.23493,0.24189,0.25097,0.25769,0.26612,0.27488,0.28576,0.29268,0.29987,0.30927,0.316,0.3269,0.33604,0.3446,0.35427,0.36213,0.37188,0.37932,0.39205,0.40101,0.41,0.41809,0.43113,0.44043,0.4498,0.46079,0.46967,0.4813,0.48978,0.50054,0.50901,0.52111,0.53049,0.54101,0.5487,0.55988,0.56945,0.57635,0.58876,0.59767,0.6066,0.6167,0.62701,0.63774,0.64677,0.65571,0.666,0.6735,0.68263,0.69129,0.698,0.70784,0.71894,0.72526,0.73361,0.74217,0.74948,0.75746,0.76445,0.77303,0.77999,0.7879,0.79395,0.80198,0.80884,0.81461,0.82287,0.82828,0.83473,0.84001,0.84616,0.85122,0.85953,0.8627,0.86708,0.87168,0.87887,0.88345,0.88959,0.89297
0.11018,0.11351,0.11952,0.1242,0.12878,0.133,0.13906,0.14485,0.15077,0.15657,0.16213,0.16743,0.17516,0.17885,0.18868,0.19415,0.20193,0.20841,0.21508,0.22239,0.22852,0.23607,0.2461,0.25448,0.26023,0.26896,0.27571,0.2857,0.29229,0.30258,0.31102,0.3204,0.33033,0.33727,0.34722,0.35691,0.36597,0.37482,0.38213,0.39263,0.40141,0.41008,0.42288,0.43143,0.44041,0.45086,0.45955,0.47099,0.48073,0.4911,0.50023,0.51038,0.5195,0.53018,0.53946,0.54787,0.55983,0.56767,0.5784,0.58731,0.59688,0.60749,0.61496,0.62646,0.6358,0.64383,0.65424,0.66187,0.67266,0.67892,0.68867,0.69858,0.7065,0.71448,0.7223,0.73102,0.73942,0.74614,0.7543,0.76402,0.77166,0.77655,0.78277,0.79258,0.7995,0.80537,0.81164,0.8189,0.824,0.83131,0.83637,0.84445,0.84925,0.85564,0.86024,0.86539,0.87172,0.87501,0.8808,0.88538,0.89084
0.11138,0.11632,0.12118,0.12633,0.13074,0.13741,0.14255,0.14776,0.15444,0.15873,0.16435,0.17277,0.17972,0.18443,0.19087,0.19613,0.20364,0.21064,0.21657,0.2233,0.23118,0.24061,0.2459,0.2563,0.26218,0.26934,0.27877,0.28938,0.29757,0.30352,0.31267,0.32059,0.33048,0.34196,0.34834,0.35622,0.3661,0.37807,0.38433,0.39306,0.40273,0.41391,0.42074,0.42867,0.44248,0.45343,0.46162,0.47113,0.48072,0.48828,0.50039,0.50982,0.51953,0.52871,0.53994,0.54801,0.5566,0.56759,0.57634,0.58603,0.59703,0.60769,0.61159,0.62491,0.63424,0.64176,0.65208,0.6619,0.67111,0.67999,0.68747,0.69563,0.70503,0.71382,0.72051,0.72834,0.73511,0.74732,0.75239,0.76205,0.76861,0.7743,0.78244,0.79045,0.79811,0.80246,0.80929,0.81532,0.82156,0.82808,0.83553,0.84081,0.84649,0.85174,0.85625,0.86289,0.87003,0.87328,0.87943,0.88544,0.88811
0.11525,0.11886,0.12372,0.12931,0.13415,0.1394,0.14456,0.15131,0.15513,0.1614,0.16747,0.17292,0.18082,0.18815,0.19321,0.20037,0.20576,0.21194,0.21844,0.22806,0.23193,0.24052,0.25019,0.25724,0.26536,0.27447,0.2804,0.29072,0.2975,0.30491,0.31485,0.32375,0.33247,0.34127,0.35038,0.35839,0.36764,0.37873,0.38696,0.39821,0.40548,0.4133,0.4243,0.4328,0.44216,0.45197,0.46177,0.47199,0.4828,0.49051,0.50042,0.50896,0.51777,0.5285,0.53913,0.54897,0.55695,0.56904,0.57559,0.58539,0.59302,0.60454,0.61318,0.62069,0.63198,0.63976,0.64955,0.66083,0.66913,0.67713,0.68601,0.69469,0.70017,0.71008,0.71773,0.72603,0.73408,0.74394,0.75053,0.75742,0.76605,0.77325,0.77938,0.78887,0.79174,0.80202,0.80615,0.81433,0.8215,0.82547,0.83383,0.83764,0.8425,0.84959,0.85421,0.85979,0.86513,0.87003,0.8763,0.88061,0.88563
0.11792,0.12254,0.12636,0.13184,0.13654,0.14212,0.1467,0.15322,0.15882,0.16496,0.17014,0.17681,0.18241,0.1898,0.19479,0.20097,0.20912,0.2151,0.22337,0.23031,0.23702,0.24228,0.25247,0.26032,0.26837,0.27453,0.28323,0.29186,0.2995,0.31066,0.31863,0.32773,0.33183,0.34333,0.35187,0.35917,0.36774,0.37688,0.38749,0.39673,0.40537,0.41243,0.4236,0.43228,0.44491,0.45377,0.46229,0.47044,0.47906,0.49019,0.50151,0.51133,0.52101,0.52914,0.53744,0.54753,0.55464,0.56844,0.57674,0.58431,0.59432,0.60314,0.61125,0.62124,0.63152,0.6391,0.65144,0.65794,0.66665,0.6744,0.68354,0.69327,0.70007,0.70656,0.71654,0.72659,0.73322,0.73949,0.74894,0.755,0.76209,0.76967,0.77733,0.78458,0.79236,0.79783,0.80446,0.81321,0.81806,0.8236,0.83038,0.83681,0.8415,0.84834,0.85263,0.85803,0.86305,0.86718,0.87462,0.87765,0.88249
0.11835,0.12391,0.1282,0.13455,0.14001,0.14375,0.14889,0.15527,0.15968,0.16714,0.17315,0.17855,0.18393,0.19174,0.19841,0.20387,0.20942,0.21732,0.22437,0.23226,0.23913,0.24684,0.25597,0.26202,0.26884,0.27716,0.28516,0.2946,0.30122,0.31003,0.31896,0.32736,0.3348,0.34418,0.35318,0.36186,0.37048,0.37912,0.39041,0.39909,0.40814,0.41546,0.42318,0.433,0.44418,0.45281,0.46247,0.47373,0.48165,0.49116,0.50302,0.5081,0.51875,0.52684,0.53995,0.5477,0.55548,0.56599,0.57487,0.58513,0.59443,0.60491,0.61043,0.6206,0.63003,0.63862,0.64645,0.65703,0.66595,0.67226,0.68082,0.68743,0.6972,0.70674,0.71398,0.7219,0.73033,0.73669,0.74501,0.75385,0.75982,0.76767,0.77339,0.78227,0.78845,0.79746,0.80225,0.8084,0.81537,0.8211,0.82779,0.83388,0.83916,0.84518,0.85,0.85487,0.86131,0.86607,0.87077,0.87418,0.8819
0.1218,0.12664,0.13287,0.1342,0.14274,0.14807,0.15095,0.15801,0.16509,0.16864,0.1757,0.18152,0.18658,0.1963,0.2003,0.2077,0.2131,0.22124,0.22674,0.2334,0.24196,0.25031,0.25542,0.26335,0.27267,0.27872,0.28547,0.29445,0.30353,0.3126,0.3185,0.3298,0.33781,0.34634,0.35352,0.36188,0.37199,0.38177,0.39152,0.39883,0.40467,0.4172,0.42502,0.43602,0.44348,0.454,0.46306,0.47169,0.48089,0.49016,0.50216,0.51006,0.52094,0.52682,0.5378,0.54733,0.55667,0.5651,0.57615,0.58286,0.59118,0.60204,0.61054,0.61736,0.62795,0.63631,0.64511,0.65535,0.66148,0.67048,0.67852,0.68713,0.69543,0.70175,0.71322,0.72079,0.7307,0.73381,0.74226,0.75129,0.75667,0.76536,0.77107,0.77991,0.78675,0.79229,0.79932,0.80534,0.812,0.81821,0.82456,0.83064,0.83492,0.84149,0.84737,0.8521,0.8566,0.8641,0.86701,0.87212,0.87822
0.12553,0.12975,0.13271,0.13942,0.14437,0.1493,0.1553,0.16001,0.16766,0.1721,0.18019,0.18506,0.18958,0.19627,0.20156,0.20854,0.21876,0.22376,0.23102,0.23833,0.2422,0.25175,0.25932,0.26913,0.27669,0.28136,0.29021,0.29743,0.30702,0.31417,0.32388,0.33088,0.33836,0.34715,0.35631,0.36419,0.37285,0.38218,0.39294,0.39756,0.40881,0.41658,0.42709,0.43657,0.44493,0.45444,0.46289,0.47449,0.48298,0.48913,0.49845,0.50862,0.51745,0.52887,0.53612,0.54676,0.55508,0.56454,0.57426,0.57958,0.59304,0.60085,0.60898,0.61804,0.62593,0.63251,0.64136,0.65345,0.65996,0.66897,0.67723,0.68796,0.694,0.70217,0.71073,0.7169,0.72501,0.73419,0.74217,0.74794,0.75445,0.7619,0.76978,0.77615,0.78348,0.78984,0.79636,0.80474,0.80922,0.81448,0.82275,0.8303,0.83449,0.83833,0.84464,0.85087,0.85504,0.86019,0.86592,0.86982,0.87555
0.12679,0.13111,0.13758,0.14144,0.14726,0.15123,0.15886,0.16235,0.16748,0.17464,0.18203,0.18719,0.19331,0.20025,0.20419,0.21231,0.21914,0.2259,0.23095,0.23869,0.24605,0.25316,0.26,0.267,0.27539,0.28315,0.29389,0.29688,0.30599,0.31613,0.32376,0.3319,0.33905,0.34895,0.35836,0.36638,0.37401,0.38233,0.3919,0.40109,0.41079,0.41855,0.42769,0.43796,0.4448,0.45464,0.46468,0.47292,0.4821,0.49105,0.49895,0.50911,0.51802,0.52552,0.53405,0.54544,0.5564,0.56279,0.57208,0.57903,0.59113,0.59889,0.60971,0.61713,0.62378,0.63407,0.64129,0.65076,0.66179,0.66703,0.67648,0.68472,0.69195,0.69823,0.70973,0.71594,0.72348,0.73061,0.73891,0.74662,0.75188,0.76139,0.76815,0.77428,0.78099,0.78755,0.79444,0.79937,0.80704,0.81369,0.82086,0.82684,0.83222,0.83723,0.84287,0.84723,0.85329,0.85703,0.86422,0.86909,0.87247
